Customer ID,Gender,Age,Dependents,Population,Tenure in Months,Phone Service,Avg Monthly Long Distance Charges,Internet Service,Internet Type,Avg Monthly GB Download,Online Security,Online Backup,Device Protection Plan,Premium Tech Support,Unlimited Data,Contract,Paperless Billing,Payment Method,Monthly Charge,Total Charges,Churn
8779-QRDMV,Male,78,No,68701,1,No,0,Yes,DSL,8,No,No,Yes,No,No,Month-to-Month,Yes,Bank Withdrawal,39.65,39.65,Yes
7495-OOKFY,Female,74,Yes,55668,8,Yes,48.85,Yes,Fiber Optic,17,No,Yes,No,No,Yes,Month-to-Month,Yes,Credit Card,80.65,633.3,Yes
1658-BYGOY,Male,71,Yes,47534,18,Yes,11.33,Yes,Fiber Optic,52,No,No,No,No,Yes,Month-to-Month,Yes,Bank Withdrawal,95.45,1752.55,Yes
4598-XLKNJ,Female,78,Yes,27778,25,Yes,19.76,Yes,Fiber Optic,12,No,Yes,Yes,No,Yes,Month-to-Month,Yes,Bank Withdrawal,98.5,2514.5,Yes
4846-WHAFZ,Female,80,Yes,26265,37,Yes,6.33,Yes,Fiber Optic,14,No,No,No,No,Yes,Month-to-Month,Yes,Bank Withdrawal,76.5,2868.15,Yes
4412-YLTKF,Female,72,Yes,63288,27,Yes,3.33,Yes,Fiber Optic,18,No,No,Yes,No,No,Month-to-Month,Yes,Bank Withdrawal,78.05,2135.5,Yes
0390-DCFDQ,Female,76,Yes,21343,1,Yes,15.28,Yes,Fiber Optic,30,No,No,No,No,Yes,Month-to-Month,Yes,Mailed Check,70.45,70.45,Yes
3445-HXXGF,Male,66,No,10558,58,No,0,Yes,DSL,24,No,Yes,Yes,No,Yes,Month-to-Month,Yes,Bank Withdrawal,45.3,2651.2,Yes
2656-FMOKZ,Female,70,Yes,23742,15,Yes,44.07,Yes,Fiber Optic,19,No,No,No,No,Yes,Month-to-Month,Yes,Mailed Check,74.45,1145.7,Yes
2070-FNEXE,Female,77,Yes,32369,7,Yes,26.95,Yes,Fiber Optic,18,Yes,No,No,No,No,Month-to-Month,No,Bank Withdrawal,76.45,503.6,Yes
0094-OIFMO,Female,78,Yes,57146,11,Yes,11.59,Yes,Fiber Optic,29,No,Yes,No,No,No,Month-to-Month,Yes,Bank Withdrawal,95,1120.3,Yes
9947-OTFQU,Male,65,No,33817,15,Yes,29.11,Yes,Fiber Optic,29,No,Yes,No,No,Yes,Month-to-Month,Yes,Bank Withdrawal,74.4,1074.3,Yes
9514-JDSKI,Male,77,No,62660,1,No,0,Yes,DSL,12,No,Yes,No,No,Yes,Month-to-Month,No,Bank Withdrawal,40.2,40.2,Yes
7273-TEFQD,Male,67,No,30802,3,No,0,Yes,DSL,28,No,No,Yes,No,Yes,Month-to-Month,Yes,Bank Withdrawal,41.15,132.2,Yes
3606-TWKGI,Male,68,No,46342,13,Yes,32.68,Yes,Cable,11,No,Yes,Yes,No,No,Month-to-Month,Yes,Bank Withdrawal,106.9,1364.3,Yes
4385-GZQXV,Female,68,No,49474,16,Yes,9.43,Yes,Fiber Optic,9,No,No,No,Yes,Yes,Month-to-Month,Yes,Bank Withdrawal,94.45,1511.2,Yes
3488-PGMQJ,Male,66,No,16486,8,Yes,1.78,Yes,Fiber Optic,7,No,Yes,No,No,Yes,Month-to-Month,Yes,Bank Withdrawal,74.5,606.55,Yes
7534-BFESC,Male,69,No,34902,24,Yes,30.87,Yes,Fiber Optic,15,No,No,No,No,Yes,Month-to-Month,Yes,Bank Withdrawal,76.1,1712.7,Yes
8098-LLAZX,Female,74,No,34902,4,Yes,31.61,Yes,Fiber Optic,2,No,No,No,No,Yes,Month-to-Month,Yes,Bank Withdrawal,95.45,396.1,Yes
0265-EDXBD,Male,76,No,34902,32,Yes,47.34,Yes,Fiber Optic,10,No,No,No,No,Yes,Month-to-Month,Yes,Bank Withdrawal,74.9,2303.35,Yes
2840-XANRC,Male,77,No,34902,24,Yes,16.1,Yes,Cable,12,No,No,Yes,No,Yes,Month-to-Month,Yes,Bank Withdrawal,93.15,2231.05,Yes
5020-ZSTTY,Female,70,No,34902,54,Yes,12.08,Yes,DSL,5,Yes,Yes,No,Yes,Yes,One Year,No,Bank Withdrawal,82.45,4350.1,Yes
5804-LEPIM,Female,74,No,34902,2,Yes,13.17,Yes,Fiber Optic,10,No,No,No,No,Yes,Month-to-Month,Yes,Bank Withdrawal,70.35,139.05,Yes
0623-IIHUG,Female,77,No,34902,21,No,0,Yes,Cable,8,Yes,No,No,No,Yes,Month-to-Month,Yes,Bank Withdrawal,41.9,840.1,Yes
9057-MSWCO,Male,71,No,34902,27,No,0,Yes,Cable,13,Yes,No,No,No,No,Month-to-Month,No,Credit Card,30.75,805.1,Yes
4895-TMWIR,Male,79,No,34902,11,Yes,29.54,No,None,0,No,No,No,No,No,Month-to-Month,No,Mailed Check,19.95,214.75,Yes
0533-BNWKF,Female,66,No,34902,55,Yes,42.82,Yes,Fiber Optic,27,No,Yes,Yes,No,No,Month-to-Month,Yes,Bank Withdrawal,85.45,4874.7,Yes
0334-GDDSO,Male,77,No,34902,3,Yes,9.22,Yes,Fiber Optic,14,No,Yes,No,No,Yes,Month-to-Month,Yes,Bank Withdrawal,81.35,233.7,Yes
5564-NEMQO,Female,80,No,17018,1,Yes,35.09,Yes,Fiber Optic,17,No,No,Yes,No,No,Month-to-Month,Yes,Bank Withdrawal,75.3,75.3,Yes
6235-VDHOM,Female,77,No,63999,5,No,0,Yes,DSL,26,No,Yes,No,No,Yes,Month-to-Month,No,Bank Withdrawal,28.45,131.05,Yes
5609-CEBID,Female,77,No,39264,20,Yes,48.73,Yes,Fiber Optic,12,No,Yes,Yes,No,No,Month-to-Month,Yes,Bank Withdrawal,94.1,1782.4,Yes
5956-VKDTT,Female,72,No,46214,5,Yes,45.76,Yes,Fiber Optic,22,No,No,No,No,Yes,Month-to-Month,Yes,Bank Withdrawal,74.35,334.8,Yes
0257-ZESQC,Female,80,No,26357,27,Yes,7.02,Yes,Cable,25,Yes,No,No,No,Yes,Month-to-Month,Yes,Bank Withdrawal,75.2,1929.35,Yes
2865-TCHJW,Female,74,No,36301,4,Yes,48.35,Yes,Cable,24,No,No,Yes,No,Yes,Month-to-Month,Yes,Bank Withdrawal,89.2,346.2,Yes
5192-EBGOV,Female,68,No,1408,1,Yes,45.81,Yes,Fiber Optic,21,No,No,No,No,Yes,Month-to-Month,Yes,Bank Withdrawal,85.7,85.7,Yes
3419-SNJJD,Female,78,No,20893,65,Yes,18.39,Yes,Fiber Optic,28,Yes,No,Yes,No,Yes,Month-to-Month,No,Bank Withdrawal,105.25,6786.4,Yes
4554-YGZIH,Male,75,No,576,49,Yes,22.92,Yes,Fiber Optic,14,No,Yes,No,No,Yes,Month-to-Month,No,Credit Card,90.05,4547.25,Yes
5099-BAILX,Male,77,No,31727,43,Yes,14.52,Yes,Fiber Optic,5,No,Yes,Yes,Yes,Yes,Month-to-Month,Yes,Bank Withdrawal,110.75,4687.9,Yes
4913-EHYUI,Male,80,No,1054,56,Yes,48.8,Yes,Fiber Optic,12,Yes,No,Yes,No,Yes,One Year,Yes,Bank Withdrawal,104.55,5794.65,Yes
1626-ERCMM,Male,75,No,191,20,Yes,5.31,Yes,Fiber Optic,10,No,No,No,No,Yes,Month-to-Month,Yes,Bank Withdrawal,94.55,1899.65,Yes
5644-PDMZC,Female,69,No,37280,2,Yes,47.47,Yes,Fiber Optic,19,No,Yes,No,No,Yes,Month-to-Month,No,Bank Withdrawal,89.5,161.5,Yes
4160-AMJTL,Female,74,No,626,8,Yes,27.95,No,None,0,No,No,No,No,No,Month-to-Month,No,Bank Withdrawal,19.65,164.3,Yes
0823-HSCDJ,Male,76,No,46171,52,No,0,Yes,DSL,18,No,Yes,No,No,No,Month-to-Month,Yes,Bank Withdrawal,49.15,2550.9,Yes
0067-DKWBL,Male,69,No,47224,2,Yes,43.99,Yes,DSL,27,Yes,No,No,No,Yes,Month-to-Month,Yes,Bank Withdrawal,49.25,91.1,Yes
5244-IRFIH,Male,72,No,47224,33,Yes,27.78,Yes,Fiber Optic,8,No,No,No,No,Yes,Month-to-Month,Yes,Bank Withdrawal,94.5,3105.55,Yes
2684-EIWEO,Female,69,No,47224,30,Yes,45.88,Yes,Fiber Optic,19,Yes,Yes,Yes,No,Yes,Month-to-Month,No,Credit Card,91.7,2758.15,Yes
6683-VLCTZ,Male,73,No,47224,20,Yes,44.44,Yes,Fiber Optic,13,No,No,Yes,No,No,Month-to-Month,Yes,Bank Withdrawal,98.55,1842.8,Yes
0691-IFBQW,Female,65,No,807,46,Yes,2.37,Yes,Fiber Optic,20,Yes,Yes,Yes,No,Yes,One Year,Yes,Bank Withdrawal,110,4874.8,Yes
3643-AHCFP,Male,74,No,26213,7,Yes,21.91,Yes,Cable,11,No,No,No,No,Yes,Month-to-Month,Yes,Bank Withdrawal,95.6,644.35,Yes
9231-ZJYAM,Female,65,No,3146,4,Yes,36.93,Yes,Fiber Optic,18,No,No,No,No,Yes,Month-to-Month,Yes,Bank Withdrawal,78.85,292.8,Yes
0727-BMPLR,Female,66,No,35790,55,Yes,37.38,Yes,Fiber Optic,7,No,No,Yes,No,No,One Year,Yes,Bank Withdrawal,100,5509.3,Yes
0947-MUGVO,Male,71,No,254,20,Yes,5.37,Yes,Fiber Optic,24,No,Yes,No,No,Yes,Month-to-Month,Yes,Bank Withdrawal,73.65,1463.5,Yes
0781-LKXBR,Male,65,No,28998,9,Yes,48.71,Yes,Fiber Optic,15,No,No,Yes,No,Yes,Month-to-Month,Yes,Bank Withdrawal,100.5,918.6,Yes
1907-UBQFC,Male,69,No,13723,10,Yes,5.46,Yes,Fiber Optic,24,No,Yes,No,No,No,Month-to-Month,Yes,Bank Withdrawal,72.85,688.65,Yes
6513-EECDB,Male,75,No,30587,1,Yes,36.92,Yes,Fiber Optic,6,No,No,No,No,Yes,Month-to-Month,Yes,Bank Withdrawal,73.55,73.55,Yes
7074-IEVOJ,Female,75,No,1458,3,Yes,41.9,Yes,Fiber Optic,11,No,Yes,No,No,Yes,Month-to-Month,Yes,Bank Withdrawal,79.4,205.05,Yes
4750-ZRXIU,Female,68,No,1723,4,Yes,6.68,Yes,Cable,17,No,No,No,No,Yes,Month-to-Month,Yes,Bank Withdrawal,84.6,360.1,Yes
7028-DVOIQ,Male,71,No,138,35,Yes,20.83,Yes,Fiber Optic,19,No,No,Yes,No,No,Month-to-Month,Yes,Bank Withdrawal,99.05,3395.8,Yes
4208-UFFGW,Male,80,No,10153,2,Yes,26.62,Yes,DSL,11,No,No,No,No,Yes,Month-to-Month,No,Credit Card,44.95,85.15,Yes
9889-TMAHG,Male,66,No,46917,8,Yes,11.57,Yes,Fiber Optic,27,Yes,No,No,Yes,Yes,Month-to-Month,No,Credit Card,100.3,832.35,Yes
8919-FYFQZ,Male,73,No,75929,44,No,0,Yes,Cable,28,No,Yes,No,No,Yes,Month-to-Month,Yes,Bank Withdrawal,30.35,1359.7,Yes
6646-QVXLR,Male,77,No,63947,62,Yes,7.11,Yes,Fiber Optic,16,No,Yes,Yes,No,Yes,One Year,Yes,Bank Withdrawal,103.75,6383.35,Yes
9369-XFEHK,Female,76,No,36669,33,Yes,33.19,Yes,Cable,15,No,Yes,No,No,Yes,Month-to-Month,Yes,Bank Withdrawal,80.6,2656.5,Yes
1374-DMZUI,Female,65,No,44078,4,Yes,49.5,Yes,Fiber Optic,23,No,No,No,No,Yes,Month-to-Month,Yes,Bank Withdrawal,94.3,424.45,Yes
1989-PRJHP,Male,75,No,28568,27,Yes,10.6,Yes,Fiber Optic,23,No,No,No,No,Yes,Month-to-Month,Yes,Bank Withdrawal,75.5,1893.95,Yes
4822-RVYBB,Male,75,No,21205,8,Yes,40.45,Yes,Fiber Optic,29,No,No,Yes,No,Yes,Month-to-Month,Yes,Bank Withdrawal,100.6,819.4,Yes
4184-TJFAN,Female,68,No,11889,3,Yes,25.77,Yes,Fiber Optic,2,Yes,No,No,Yes,Yes,Month-to-Month,Yes,Mailed Check,88.3,273.75,Yes
4145-UQXUQ,Female,71,No,8157,8,Yes,42.93,Yes,Fiber Optic,9,No,No,Yes,No,Yes,Month-to-Month,Yes,Bank Withdrawal,92.1,729.95,Yes
1236-WFCDV,Male,74,No,12010,14,Yes,11.31,Yes,Fiber Optic,24,No,No,No,No,Yes,Month-to-Month,No,Credit Card,90.45,1266.1,Yes
1271-SJBGZ,Male,77,No,1025,12,No,0,Yes,DSL,10,No,No,Yes,Yes,Yes,Month-to-Month,Yes,Bank Withdrawal,43.65,526.95,Yes
4441-NIHPT,Female,73,No,4753,13,Yes,40.37,Yes,Fiber Optic,21,No,No,Yes,No,Yes,Month-to-Month,Yes,Bank Withdrawal,74.3,940.35,Yes
8999-BOHSE,Female,68,No,49968,11,Yes,3.96,Yes,Fiber Optic,27,No,No,No,No,Yes,Month-to-Month,No,Bank Withdrawal,89.7,1047.7,Yes
7029-RPUAV,Male,74,No,13290,17,Yes,28.18,Yes,Cable,16,No,No,Yes,No,Yes,Month-to-Month,Yes,Credit Card,100.45,1622.45,Yes
8111-SLLHI,Male,65,No,32804,39,Yes,33.25,Yes,Fiber Optic,26,No,Yes,Yes,No,Yes,Month-to-Month,Yes,Bank Withdrawal,105.65,4284.8,Yes
5293-WXJAK,Female,73,No,15798,11,Yes,17.25,Yes,Fiber Optic,27,No,No,Yes,Yes,Yes,Month-to-Month,Yes,Bank Withdrawal,104.05,1133.65,Yes
4086-YQSNZ,Female,74,No,21,3,Yes,3.29,Yes,Fiber Optic,9,No,No,No,No,Yes,Month-to-Month,Yes,Bank Withdrawal,80.4,224.05,Yes
8399-YNDCH,Male,80,No,2144,21,Yes,34.62,Yes,DSL,14,No,No,Yes,No,Yes,Month-to-Month,Yes,Bank Withdrawal,60.05,1236.15,Yes
5565-FILXA,Female,76,No,48690,16,Yes,38.75,Yes,Fiber Optic,16,No,No,No,No,Yes,Month-to-Month,Yes,Bank Withdrawal,96.15,1529.2,Yes
4187-CINZD,Female,73,No,30173,46,Yes,6.13,Yes,Fiber Optic,30,No,Yes,No,No,Yes,One Year,No,Credit Card,95.25,4424.2,Yes
6818-WOBHJ,Female,70,No,476,68,Yes,24.13,Yes,Fiber Optic,24,No,Yes,No,No,Yes,Month-to-Month,Yes,Bank Withdrawal,89.6,6127.6,Yes
9134-CEQMF,Male,75,No,2223,7,Yes,13.63,Yes,Fiber Optic,27,No,No,No,No,Yes,Month-to-Month,Yes,Bank Withdrawal,89.5,676.7,Yes
8519-IMDHU,Male,74,No,261,15,Yes,45.25,Yes,Cable,22,No,No,No,No,Yes,Month-to-Month,Yes,Bank Withdrawal,85.6,1345.55,Yes
3372-KWFBM,Male,76,No,1689,16,Yes,19.18,Yes,Fiber Optic,22,No,No,No,No,Yes,Month-to-Month,Yes,Bank Withdrawal,86.6,1281,Yes
7206-GZCDC,Female,75,No,1447,1,Yes,29.68,Yes,Cable,18,No,No,No,No,Yes,Month-to-Month,Yes,Bank Withdrawal,69.25,69.25,Yes
1768-ZAIFU,Female,74,No,3284,1,No,0,Yes,Cable,5,No,No,No,No,Yes,Month-to-Month,Yes,Bank Withdrawal,25.2,25.2,Yes
3793-MMFUH,Female,73,No,648,13,Yes,19.03,Yes,Fiber Optic,24,No,No,No,No,Yes,Month-to-Month,Yes,Bank Withdrawal,95.05,1290,Yes
6567-HOOPW,Female,69,No,51855,1,Yes,20.06,Yes,Fiber Optic,24,No,No,No,No,Yes,Month-to-Month,Yes,Bank Withdrawal,79.2,79.2,Yes
8621-MNIHH,Female,75,No,844,34,Yes,2.88,Yes,Fiber Optic,4,No,Yes,Yes,No,Yes,Month-to-Month,Yes,Bank Withdrawal,94.25,3217.55,Yes
5419-CONWX,Female,65,No,901,4,Yes,12.68,Yes,Fiber Optic,10,No,Yes,Yes,No,Yes,Month-to-Month,Yes,Credit Card,99.8,442.85,Yes
7024-OHCCK,Female,77,No,1219,2,Yes,19.27,Yes,Fiber Optic,18,No,No,No,No,Yes,Month-to-Month,Yes,Bank Withdrawal,93.85,170.85,Yes
5357-TZHPP,Male,67,No,3600,9,Yes,30.8,Yes,Fiber Optic,18,No,No,No,No,Yes,Month-to-Month,Yes,Credit Card,84.4,732.5,Yes
0506-LVNGN,Female,78,No,299,5,Yes,42.33,Yes,Fiber Optic,9,No,No,Yes,No,Yes,Month-to-Month,Yes,Credit Card,75.55,349.65,Yes
9809-IMGCQ,Male,65,No,86,22,Yes,40.18,Yes,Fiber Optic,8,No,No,No,No,No,Month-to-Month,Yes,Bank Withdrawal,96.7,2082.95,Yes
3254-YRILK,Male,74,No,614,19,Yes,39.97,Yes,Fiber Optic,9,No,Yes,No,No,Yes,Month-to-Month,Yes,Bank Withdrawal,88.2,1775.8,Yes
0529-ONKER,Male,70,No,1351,15,Yes,46.38,Yes,Fiber Optic,19,No,No,No,No,Yes,Month-to-Month,No,Bank Withdrawal,75.65,1146.65,Yes
5240-IJOQT,Male,69,No,17922,1,Yes,11.34,Yes,Fiber Optic,20,No,No,No,No,Yes,Month-to-Month,Yes,Bank Withdrawal,74.7,74.7,Yes
0661-XEYAN,Female,76,No,17269,1,No,0,Yes,DSL,26,No,No,No,No,No,Month-to-Month,Yes,Mailed Check,25.8,25.8,Yes
2660-EMUBI,Male,71,No,48690,10,Yes,41.37,Yes,Fiber Optic,14,No,No,No,No,Yes,Month-to-Month,Yes,Bank Withdrawal,95.35,898.35,Yes
7675-OZCZG,Female,76,No,42239,3,Yes,30.14,Yes,DSL,6,No,No,No,No,No,Month-to-Month,No,Bank Withdrawal,45,127.1,Yes
9391-EOYLI,Male,77,No,1845,12,Yes,6.97,Yes,Fiber Optic,19,No,No,No,No,Yes,Month-to-Month,Yes,Bank Withdrawal,80.45,950.2,Yes
2761-OCIAX,Male,74,No,4931,2,Yes,6.51,Yes,Fiber Optic,11,No,Yes,No,No,Yes,Month-to-Month,Yes,Bank Withdrawal,74.7,165.4,Yes
3068-OMWZA,Male,77,No,459,1,Yes,49.6,Yes,Fiber Optic,20,No,No,Yes,No,No,Month-to-Month,Yes,Bank Withdrawal,88.8,88.8,Yes
4154-AQUGT,Male,76,No,28201,13,Yes,1.47,Yes,Fiber Optic,5,No,Yes,No,Yes,Yes,Month-to-Month,Yes,Bank Withdrawal,89.05,1169.35,Yes
8017-LXHFA,Female,77,No,28201,23,Yes,31.17,Yes,Fiber Optic,23,No,Yes,No,No,Yes,Month-to-Month,Yes,Bank Withdrawal,94.75,2293.6,Yes
4248-QPAVC,Female,80,No,28201,17,Yes,36.82,Yes,Fiber Optic,6,Yes,No,Yes,No,Yes,Month-to-Month,Yes,Bank Withdrawal,85.35,1463.45,Yes
4690-LLKUA,Male,68,No,28201,17,Yes,40.93,Yes,DSL,2,No,No,No,No,Yes,Month-to-Month,Yes,Bank Withdrawal,45.05,770.6,Yes
9490-DFPMD,Female,79,No,28201,42,Yes,9.53,Yes,Fiber Optic,17,No,No,No,No,Yes,Month-to-Month,Yes,Bank Withdrawal,84.65,3541.35,Yes
8580-AECUZ,Male,65,No,28201,1,Yes,42.3,Yes,Fiber Optic,16,No,No,No,No,Yes,Month-to-Month,Yes,Bank Withdrawal,79.1,79.1,Yes
5047-LHVLY,Male,68,No,4258,1,Yes,39.78,Yes,Cable,12,No,No,Yes,No,Yes,Month-to-Month,Yes,Mailed Check,50.15,50.15,Yes
8375-DKEBR,Female,72,No,18693,1,Yes,34.51,Yes,Fiber Optic,15,No,No,No,No,Yes,Month-to-Month,Yes,Bank Withdrawal,69.6,69.6,Yes
7279-BUYWN,Female,66,No,44442,41,Yes,27.95,Yes,Fiber Optic,23,Yes,Yes,Yes,No,Yes,Month-to-Month,Yes,Bank Withdrawal,113.2,4689.5,Yes
7156-MHUGY,Male,68,No,33528,13,Yes,26.11,Yes,Fiber Optic,4,No,No,No,No,No,Month-to-Month,Yes,Bank Withdrawal,90.5,1201.15,Yes
9606-PBKBQ,Male,69,No,63136,32,Yes,5.99,Yes,Fiber Optic,23,No,No,No,No,Yes,Month-to-Month,Yes,Bank Withdrawal,85,2642.05,Yes
3536-IQCTX,Male,76,No,23984,32,Yes,49.6,Yes,Fiber Optic,10,No,No,No,No,Yes,Month-to-Month,No,Bank Withdrawal,85.3,2661.1,Yes
3132-TVFDZ,Male,70,No,21990,57,No,0,Yes,Cable,3,No,No,No,No,Yes,Month-to-Month,Yes,Bank Withdrawal,44.85,2572.95,Yes
8080-DDEMJ,Male,71,No,17015,1,Yes,15.28,Yes,Cable,14,No,No,No,No,Yes,Month-to-Month,No,Bank Withdrawal,45.1,45.1,Yes
6702-OHFWR,Male,75,No,68018,1,No,0,Yes,DSL,26,No,Yes,Yes,No,Yes,Month-to-Month,Yes,Bank Withdrawal,43.3,43.3,Yes
4510-PYUSH,Female,67,No,81986,38,Yes,26.1,Yes,DSL,27,Yes,Yes,No,No,Yes,Month-to-Month,Yes,Credit Card,57.15,2250.65,Yes
8840-DQLGN,Female,65,No,11517,35,Yes,15.98,Yes,Cable,22,Yes,Yes,No,Yes,Yes,Month-to-Month,Yes,Bank Withdrawal,100.5,3653.35,Yes
4193-ORFCL,Female,80,No,45358,1,Yes,15.24,Yes,DSL,14,No,No,No,No,Yes,Month-to-Month,No,Credit Card,45.1,45.1,Yes
7776-QWNFX,Male,71,No,75319,30,Yes,4.65,Yes,DSL,29,No,Yes,No,No,Yes,Month-to-Month,Yes,Bank Withdrawal,50.4,1527.5,Yes
6689-TCZHQ,Female,70,No,34716,5,Yes,12.27,Yes,Fiber Optic,20,No,No,No,No,Yes,Month-to-Month,No,Bank Withdrawal,78.95,378.4,Yes
9497-QCMMS,Male,73,No,51213,1,Yes,30.17,Yes,Fiber Optic,6,No,No,No,No,Yes,Month-to-Month,Yes,Bank Withdrawal,93.55,93.55,Yes
3424-NMNBO,Male,78,No,51213,58,Yes,49.38,Yes,Fiber Optic,19,Yes,Yes,Yes,No,Yes,One Year,Yes,Bank Withdrawal,108.85,6287.25,Yes
4514-GFCFI,Female,76,No,51213,16,Yes,17.51,Yes,Fiber Optic,7,No,No,No,No,Yes,Month-to-Month,Yes,Bank Withdrawal,84.75,1350.15,Yes
8000-REIQB,Female,73,No,51213,1,Yes,22.5,Yes,Fiber Optic,27,No,No,No,No,No,Month-to-Month,Yes,Bank Withdrawal,69.95,69.95,Yes
4795-KTRTH,Female,68,No,34902,5,Yes,47.28,Yes,Fiber Optic,11,No,Yes,No,No,No,Month-to-Month,Yes,Bank Withdrawal,81,371.65,Yes
9961-JBNMK,Male,79,No,964,21,Yes,42.27,Yes,Fiber Optic,7,No,No,Yes,No,Yes,Month-to-Month,Yes,Bank Withdrawal,96.8,2030.3,Yes
6179-GJPSO,Female,67,No,48690,43,Yes,31.83,Yes,Fiber Optic,10,Yes,Yes,No,Yes,Yes,Month-to-Month,Yes,Credit Card,108.15,4600.7,Yes
8290-YWKHZ,Female,69,No,42239,32,Yes,33.74,Yes,Fiber Optic,6,No,No,No,No,Yes,Month-to-Month,Yes,Bank Withdrawal,93.2,2931,Yes
8051-HJRLT,Female,72,No,4253,1,Yes,18.2,Yes,Fiber Optic,13,No,No,No,No,Yes,Month-to-Month,Yes,Bank Withdrawal,70.55,70.55,Yes
4021-RQSNY,Male,75,No,12743,29,Yes,25.78,Yes,Fiber Optic,28,No,No,Yes,No,No,Month-to-Month,Yes,Bank Withdrawal,98.5,3004.15,Yes
9061-TIHDA,Male,67,No,18311,13,Yes,31.7,Yes,Cable,6,No,No,No,No,Yes,Month-to-Month,Yes,Bank Withdrawal,95.25,1233.65,Yes
8699-ASUFO,Male,72,No,7344,7,Yes,8.92,Yes,Fiber Optic,17,No,No,No,No,Yes,Month-to-Month,Yes,Credit Card,74.4,527.9,Yes
4695-WJZUE,Female,68,No,17621,2,Yes,21.57,Yes,Fiber Optic,28,No,No,Yes,No,Yes,Month-to-Month,Yes,Bank Withdrawal,88.55,179.25,Yes
3988-RQIXO,Female,68,No,13422,1,Yes,43.61,Yes,Fiber Optic,2,No,No,No,No,Yes,Month-to-Month,Yes,Bank Withdrawal,91.3,91.3,Yes
5931-FLJJF,Male,75,No,8660,7,Yes,16.05,Yes,Fiber Optic,22,No,No,No,No,Yes,Month-to-Month,Yes,Credit Card,70.1,467.55,Yes
3207-OYBWH,Male,74,No,4242,57,Yes,49.91,Yes,Fiber Optic,21,No,Yes,Yes,No,Yes,Month-to-Month,Yes,Bank Withdrawal,95.25,5427.05,Yes
7216-EWTRS,Female,78,No,22133,1,Yes,17.35,Yes,Fiber Optic,23,No,No,Yes,No,Yes,Month-to-Month,Yes,Bank Withdrawal,100.8,100.8,Yes
2528-HFYZX,Male,66,No,37879,17,Yes,1.05,Yes,Fiber Optic,8,No,Yes,No,No,Yes,Month-to-Month,Yes,Bank Withdrawal,76.45,1233.4,Yes
4140-MUHUG,Female,73,No,6503,3,Yes,18.38,Yes,Fiber Optic,20,No,No,Yes,No,Yes,Month-to-Month,Yes,Bank Withdrawal,86.85,220.95,Yes
1587-FKLZB,Male,79,No,31727,66,Yes,28.86,Yes,Fiber Optic,25,No,No,Yes,No,Yes,Month-to-Month,Yes,Credit Card,99.5,6822.15,Yes
5440-FLBQG,Male,69,No,15757,69,Yes,48.88,Yes,Fiber Optic,4,No,Yes,Yes,Yes,Yes,Two Year,Yes,Bank Withdrawal,108.4,7318.2,Yes
2774-LVQUS,Female,65,No,46171,15,Yes,44.13,Yes,Fiber Optic,3,No,No,Yes,Yes,No,Month-to-Month,Yes,Bank Withdrawal,83.05,1258.3,Yes
4612-THJBS,Female,68,No,5868,56,Yes,34.58,Yes,Fiber Optic,4,No,Yes,Yes,No,Yes,One Year,Yes,Bank Withdrawal,104.75,5510.65,Yes
4094-NSEDU,Female,79,No,46171,21,Yes,21.15,Yes,Fiber Optic,9,No,No,No,No,Yes,Month-to-Month,Yes,Bank Withdrawal,94.25,1973.75,Yes
1846-XWOQN,Female,80,No,1363,1,Yes,47.97,Yes,Fiber Optic,8,No,No,No,No,Yes,Month-to-Month,Yes,Bank Withdrawal,70.15,70.15,Yes
3757-NJYBX,Male,77,No,15405,32,Yes,7.92,Yes,Fiber Optic,3,No,Yes,Yes,No,Yes,Month-to-Month,No,Bank Withdrawal,106.35,3520.75,Yes
9898-KZQDZ,Female,65,No,504,40,Yes,49.5,Yes,Fiber Optic,20,No,No,No,No,Yes,Month-to-Month,Yes,Credit Card,94.55,3640.45,Yes
8263-JQAIK,Male,66,No,6787,2,No,0,Yes,DSL,6,No,No,No,No,Yes,Month-to-Month,Yes,Credit Card,24.45,47.5,Yes
2205-YMZZJ,Male,75,No,33856,7,Yes,39.51,Yes,Fiber Optic,13,No,No,No,No,No,Month-to-Month,Yes,Bank Withdrawal,84.8,546.95,Yes
1254-IZEYF,Female,74,No,5519,31,Yes,39.36,Yes,Fiber Optic,4,No,Yes,No,No,Yes,Month-to-Month,Yes,Bank Withdrawal,99.95,3186.65,Yes
9221-OTIVJ,Female,80,No,506,14,Yes,29.96,Yes,Fiber Optic,7,No,Yes,Yes,No,Yes,Month-to-Month,Yes,Bank Withdrawal,104.85,1531.4,Yes
5908-QMGOE,Male,74,No,5635,15,Yes,23.53,Yes,Fiber Optic,9,No,No,No,No,Yes,Month-to-Month,Yes,Credit Card,74.2,1133.9,Yes
0397-GZBBC,Male,70,No,343,59,Yes,10.78,Yes,Fiber Optic,15,No,No,No,No,Yes,Month-to-Month,Yes,Bank Withdrawal,93.85,5574.75,Yes
7641-EUYET,Male,76,No,1130,46,Yes,49.11,Yes,Fiber Optic,17,Yes,Yes,Yes,No,Yes,Month-to-Month,Yes,Bank Withdrawal,100.7,4541.2,Yes
8922-LIEGH,Female,72,No,254,25,Yes,36.36,Yes,Fiber Optic,6,No,Yes,No,No,Yes,Month-to-Month,Yes,Bank Withdrawal,89.7,2187.55,Yes
8245-UMPYT,Female,66,No,538,16,Yes,32.11,Yes,Fiber Optic,14,No,No,No,No,Yes,Month-to-Month,Yes,Bank Withdrawal,96.4,1581.2,Yes
5186-SAMNZ,Male,75,No,21759,1,Yes,41.2,Yes,Fiber Optic,15,No,No,No,No,No,Month-to-Month,Yes,Bank Withdrawal,69.5,69.5,Yes
5373-SFODM,Male,65,No,521,36,Yes,24.54,Yes,Fiber Optic,5,No,No,No,No,Yes,Month-to-Month,Yes,Credit Card,85.25,3132.75,Yes
0022-TCJCI,Male,79,No,63337,45,Yes,10.67,Yes,DSL,17,Yes,No,Yes,No,Yes,One Year,No,Credit Card,62.7,2791.5,Yes
5130-IEKQT,Male,73,No,56330,25,Yes,46.34,Yes,Fiber Optic,22,No,Yes,Yes,No,Yes,Month-to-Month,No,Credit Card,105.95,2655.25,Yes
3269-ATYWD,Male,79,No,22920,39,Yes,41.93,Yes,Fiber Optic,23,No,No,No,No,No,Month-to-Month,Yes,Bank Withdrawal,95.65,3759.05,Yes
0354-WYROK,Female,70,No,1458,31,Yes,47.95,Yes,Fiber Optic,21,No,No,Yes,Yes,Yes,Month-to-Month,Yes,Bank Withdrawal,98.9,2911.3,Yes
7576-OYWBN,Male,71,No,23393,3,Yes,30.25,Yes,Fiber Optic,28,No,No,No,No,Yes,Month-to-Month,Yes,Bank Withdrawal,76.05,231.8,Yes
5539-TMZLF,Male,69,No,36186,1,Yes,33.84,Yes,Fiber Optic,5,No,No,No,No,Yes,Month-to-Month,Yes,Bank Withdrawal,69.75,69.75,Yes
3336-JORSO,Female,70,No,11147,33,Yes,17.24,Yes,Fiber Optic,25,No,Yes,Yes,Yes,No,Month-to-Month,Yes,Bank Withdrawal,110.45,3655.45,Yes
6861-XWTWQ,Male,71,No,26894,7,Yes,42.92,Yes,Fiber Optic,2,No,No,Yes,No,Yes,Month-to-Month,Yes,Bank Withdrawal,99.25,665.45,Yes
4283-FUTGF,Male,67,No,25399,19,Yes,16.78,Yes,Fiber Optic,15,No,No,Yes,No,Yes,Month-to-Month,Yes,Bank Withdrawal,79.85,1471.75,Yes
2397-BRLOM,Male,67,No,40239,8,Yes,26.99,Yes,Fiber Optic,2,No,No,No,No,Yes,Month-to-Month,Yes,Credit Card,80.45,583.45,Yes
8510-AWCXC,Female,69,No,16429,13,Yes,7.22,Yes,Fiber Optic,28,Yes,No,No,No,Yes,Month-to-Month,Yes,Bank Withdrawal,100.8,1308.1,Yes
8225-BTJAU,Male,75,No,781,10,Yes,7.51,Yes,Fiber Optic,18,No,No,No,No,Yes,Month-to-Month,Yes,Bank Withdrawal,79.25,793.55,Yes
1724-BQUHA,Male,67,No,24443,5,Yes,45.72,Yes,Fiber Optic,6,No,No,No,No,Yes,Month-to-Month,Yes,Bank Withdrawal,89.5,477.7,Yes
4826-XTSOH,Male,66,No,899,1,Yes,38.78,Yes,Fiber Optic,23,No,No,No,No,Yes,Month-to-Month,Yes,Bank Withdrawal,86.05,86.05,Yes
2408-WITXK,Female,67,No,18197,10,No,0,Yes,DSL,4,No,No,No,No,Yes,Month-to-Month,Yes,Bank Withdrawal,34.7,329.8,Yes
2634-HCZGT,Male,71,No,27023,53,Yes,21.67,Yes,Cable,6,Yes,No,No,Yes,No,One Year,Yes,Bank Withdrawal,60.05,3229.65,Yes
7503-QQRVF,Male,74,No,60620,16,Yes,26.12,Yes,Fiber Optic,8,No,Yes,No,No,Yes,Month-to-Month,Yes,Credit Card,74.3,1178.25,Yes
0709-TVGUR,Female,70,No,49965,9,Yes,17.56,Yes,Fiber Optic,27,No,No,No,No,Yes,Month-to-Month,Yes,Bank Withdrawal,74.55,622.9,Yes
3001-CBHLQ,Male,76,No,4264,32,Yes,43.51,Yes,Fiber Optic,22,No,No,Yes,Yes,Yes,Month-to-Month,Yes,Bank Withdrawal,104.9,3351.55,Yes
4102-OQUPX,Male,67,No,88,1,Yes,17.36,Yes,Fiber Optic,29,No,No,No,No,No,Month-to-Month,Yes,Bank Withdrawal,74.4,74.4,Yes
3999-QGRJH,Male,80,No,809,8,Yes,14.89,Yes,Fiber Optic,20,No,No,No,No,Yes,Month-to-Month,Yes,Bank Withdrawal,69.7,560.85,Yes
2454-RPBRZ,Female,67,No,986,12,Yes,30.63,Yes,Fiber Optic,27,No,Yes,Yes,No,Yes,Month-to-Month,Yes,Bank Withdrawal,98.1,1060.2,Yes
2265-CYWIV,Female,68,No,1055,4,Yes,18.91,Yes,Fiber Optic,20,Yes,No,No,No,Yes,Month-to-Month,Yes,Bank Withdrawal,99.6,347.65,Yes
4550-VBOFE,Male,69,No,1519,70,Yes,17.45,Yes,Fiber Optic,20,No,Yes,Yes,No,Yes,Month-to-Month,Yes,Bank Withdrawal,102.95,7101.5,Yes
7409-KIUTL,Female,80,No,48690,1,Yes,28.64,Yes,Fiber Optic,5,No,No,No,No,Yes,Month-to-Month,Yes,Bank Withdrawal,71,71,Yes
1732-VHUBQ,Female,73,No,48690,47,Yes,26.95,Yes,Fiber Optic,26,No,No,No,No,Yes,Month-to-Month,No,Bank Withdrawal,70.55,3309.25,Yes
0679-IDSTG,Female,73,No,176,1,Yes,37.3,Yes,Fiber Optic,8,No,No,No,No,Yes,Month-to-Month,Yes,Bank Withdrawal,69.25,69.25,Yes
8802-UNOJF,Male,65,No,1113,12,Yes,28.63,Yes,Cable,7,No,Yes,Yes,Yes,No,Month-to-Month,Yes,Credit Card,83.8,1029.75,Yes
6313-GIDIT,Male,73,No,1352,53,No,0,Yes,DSL,25,No,Yes,Yes,No,Yes,Month-to-Month,Yes,Bank Withdrawal,54.45,2854.55,Yes
2845-AFFTX,Male,78,No,309,41,Yes,22.56,Yes,Fiber Optic,15,No,No,Yes,No,Yes,Month-to-Month,Yes,Bank Withdrawal,99.8,4259.3,Yes
2815-CPTUL,Male,68,No,532,5,Yes,2.27,Yes,Fiber Optic,17,No,No,No,No,Yes,Month-to-Month,Yes,Credit Card,70.25,331.9,Yes
1891-FZYSA,Male,65,No,200,69,Yes,16.34,Yes,Fiber Optic,4,No,Yes,No,No,No,Month-to-Month,Yes,Bank Withdrawal,89.95,6143.15,Yes
9685-WKZGT,Male,67,No,58830,14,Yes,16.32,Yes,Fiber Optic,11,No,No,No,No,Yes,Month-to-Month,Yes,Bank Withdrawal,74.95,1036.75,Yes
6022-UGGSO,Female,70,No,43718,32,Yes,33.22,Yes,Fiber Optic,9,No,Yes,No,No,Yes,Month-to-Month,Yes,Bank Withdrawal,74.4,2276.95,Yes
3923-CSIHK,Female,69,No,1745,50,Yes,4.6,Yes,Cable,24,No,No,No,No,Yes,Month-to-Month,Yes,Bank Withdrawal,71.05,3444.85,Yes
3677-IYRBF,Female,73,No,6096,2,No,0,Yes,DSL,13,No,No,Yes,No,Yes,Month-to-Month,Yes,Bank Withdrawal,30.4,78.65,Yes
8118-LSUEL,Male,74,No,30614,23,Yes,17.62,Yes,Fiber Optic,29,No,Yes,Yes,No,Yes,Month-to-Month,Yes,Bank Withdrawal,106.4,2483.5,Yes
5277-ZLOOR,Female,78,No,1526,2,Yes,5.49,Yes,Fiber Optic,25,No,No,No,No,Yes,Month-to-Month,Yes,Bank Withdrawal,85.55,187.45,Yes
4248-HCETZ,Male,77,No,16599,30,Yes,6.23,Yes,Fiber Optic,4,No,Yes,Yes,No,Yes,Month-to-Month,Yes,Credit Card,79.65,2365.15,Yes
9174-FKWZE,Female,70,No,15975,1,Yes,22.92,No,None,0,No,No,No,No,No,Month-to-Month,Yes,Bank Withdrawal,19.45,19.45,Yes
5307-DZCVC,Female,78,No,854,32,Yes,48.95,Yes,Fiber Optic,9,No,No,No,No,Yes,Month-to-Month,Yes,Credit Card,85.95,2628.6,Yes
8679-JOEVF,Female,75,No,34894,16,Yes,36.83,Yes,DSL,16,No,No,No,Yes,Yes,Month-to-Month,No,Bank Withdrawal,59.4,1023.9,Yes
4803-AXVYP,Female,75,No,303,38,Yes,47.39,Yes,Fiber Optic,2,No,No,No,Yes,Yes,Month-to-Month,Yes,Bank Withdrawal,99.55,3734.25,Yes
5649-ANRML,Male,76,No,282,2,Yes,12.96,Yes,Fiber Optic,20,No,Yes,Yes,Yes,Yes,Month-to-Month,Yes,Credit Card,95.1,180.25,Yes
7395-IGJOS,Male,70,No,6189,17,Yes,9.5,Yes,Fiber Optic,16,No,No,No,No,Yes,Month-to-Month,No,Bank Withdrawal,81.5,1329.2,Yes
7890-VYYWG,Male,67,No,3193,3,No,0,Yes,DSL,20,No,No,No,No,Yes,Month-to-Month,Yes,Credit Card,36.45,93.7,Yes
9907-SWKKF,Female,69,No,73,1,No,0,Yes,DSL,21,No,No,No,No,Yes,Month-to-Month,No,Credit Card,25.05,25.05,Yes
6397-JNZZG,Female,70,No,615,43,No,0,Yes,DSL,21,No,Yes,Yes,No,Yes,Month-to-Month,No,Credit Card,55.55,2342.2,Yes
7779-LGOVN,Male,74,No,263,10,Yes,46.5,Yes,Cable,4,No,No,No,No,Yes,Month-to-Month,Yes,Bank Withdrawal,86.65,856.65,Yes
9710-ZUSHQ,Female,77,No,26438,37,Yes,41.85,Yes,Fiber Optic,2,Yes,Yes,No,No,Yes,Month-to-Month,Yes,Bank Withdrawal,106.75,4056.75,Yes
3902-FOIGH,Male,66,No,1177,12,Yes,48.5,Yes,Fiber Optic,4,No,Yes,No,No,Yes,Month-to-Month,Yes,Bank Withdrawal,101.35,1218.55,Yes
3318-OSATS,Male,70,No,348,35,Yes,35.1,Yes,Fiber Optic,29,No,No,No,No,No,Month-to-Month,Yes,Bank Withdrawal,95.45,3474.05,Yes
2636-ALXXZ,Female,68,No,678,1,Yes,45.8,Yes,Fiber Optic,10,No,No,No,No,Yes,Month-to-Month,Yes,Bank Withdrawal,69.6,69.6,Yes
9885-CSMWE,Female,65,No,45025,1,Yes,18.37,Yes,Fiber Optic,13,No,No,No,No,Yes,Month-to-Month,No,Bank Withdrawal,78.45,78.45,Yes
8058-JMEQO,Female,76,No,4258,9,Yes,12.91,Yes,Fiber Optic,21,No,No,No,No,Yes,Month-to-Month,Yes,Bank Withdrawal,84.45,762.5,Yes
7657-DYEPJ,Male,73,No,44150,38,Yes,5.75,Yes,Cable,30,No,Yes,Yes,Yes,Yes,One Year,Yes,Credit Card,70.15,2497.35,Yes
8276-MQBYC,Male,70,No,30568,51,Yes,19.49,Yes,Fiber Optic,11,No,No,Yes,No,Yes,Month-to-Month,Yes,Bank Withdrawal,97.8,4913.3,Yes
6015-VVHHE,Female,68,No,29310,5,Yes,41.83,Yes,Fiber Optic,25,No,No,No,No,Yes,Month-to-Month,Yes,Credit Card,83.15,446.05,Yes
2516-VQRRV,Female,77,No,31963,2,Yes,23.46,Yes,Fiber Optic,25,No,No,No,No,Yes,Month-to-Month,Yes,Credit Card,75.45,158.4,Yes
7580-UGXNC,Female,73,No,15195,2,Yes,25.74,Yes,DSL,6,Yes,Yes,No,No,Yes,Month-to-Month,No,Credit Card,54.85,104.2,Yes
5178-LMXOP,Male,71,No,9960,1,Yes,4.89,Yes,Fiber Optic,11,No,No,No,No,Yes,Month-to-Month,Yes,Bank Withdrawal,95.1,95.1,Yes
7056-IMHCC,Male,69,No,40705,53,Yes,7.94,Yes,Fiber Optic,6,No,Yes,No,No,Yes,Month-to-Month,Yes,Bank Withdrawal,101.9,5549.4,Yes
8749-JMNKX,Male,80,No,62425,51,Yes,22.14,Yes,Fiber Optic,30,Yes,No,Yes,No,Yes,Month-to-Month,Yes,Bank Withdrawal,93.8,4750.95,Yes
0917-EZOLA,Male,66,No,27563,72,Yes,6.03,Yes,Fiber Optic,2,No,Yes,Yes,No,Yes,Two Year,Yes,Bank Withdrawal,104.15,7689.95,Yes
8414-MYSHR,Male,79,No,30933,5,Yes,4.59,Yes,Fiber Optic,11,No,No,No,No,Yes,Month-to-Month,Yes,Bank Withdrawal,91.4,449.75,Yes
4988-IQIGL,Male,80,No,49242,1,Yes,28.49,Yes,Fiber Optic,18,No,No,No,No,Yes,Month-to-Month,Yes,Bank Withdrawal,75.35,75.35,Yes
4706-AXVKM,Female,78,No,9937,11,Yes,4.1,Yes,Fiber Optic,5,No,No,No,No,Yes,Month-to-Month,Yes,Credit Card,84.8,906.85,Yes
5889-JTMUL,Female,67,No,22177,50,Yes,31.56,Yes,Fiber Optic,4,No,Yes,Yes,No,No,Month-to-Month,Yes,Bank Withdrawal,95.05,4888.7,Yes
9026-RNUJS,Male,73,No,40376,5,Yes,18.69,Yes,DSL,28,No,No,Yes,No,Yes,Month-to-Month,No,Bank Withdrawal,50.35,237.25,Yes
1624-NALOJ,Male,75,No,57146,5,Yes,36.36,Yes,Fiber Optic,12,No,Yes,No,No,Yes,Month-to-Month,Yes,Bank Withdrawal,89.8,502.6,Yes
6210-KBBPI,Male,67,No,44099,9,Yes,10.66,Yes,Fiber Optic,15,No,Yes,No,No,Yes,Month-to-Month,Yes,Credit Card,99.45,919.4,Yes
2260-USTRB,Female,75,No,3133,2,Yes,9.55,Yes,Fiber Optic,28,No,No,No,No,Yes,Month-to-Month,Yes,Bank Withdrawal,70.2,115.95,Yes
8623-TMRBY,Male,80,No,9278,51,Yes,43.58,Yes,Cable,22,No,Yes,Yes,No,Yes,Month-to-Month,Yes,Bank Withdrawal,84.2,4146.05,Yes
6900-PXRMS,Male,72,No,7863,26,Yes,1.26,Yes,Fiber Optic,18,No,Yes,Yes,No,No,Month-to-Month,No,Bank Withdrawal,105.75,2710.25,Yes
3346-BRMIS,Female,70,No,3849,18,No,0,Yes,DSL,12,No,No,Yes,No,Yes,Month-to-Month,Yes,Bank Withdrawal,48.35,810.7,Yes
2722-JMONI,Female,73,No,17944,1,Yes,24.24,Yes,Cable,9,Yes,No,No,No,Yes,Month-to-Month,Yes,Bank Withdrawal,49.55,49.55,Yes
7579-OOPEC,Female,75,No,1831,2,Yes,6.86,Yes,DSL,20,No,Yes,No,No,Yes,Month-to-Month,No,Credit Card,50.15,115.1,Yes
1771-OADNZ,Male,70,No,2615,29,Yes,35.38,Yes,Fiber Optic,21,No,Yes,Yes,No,No,Month-to-Month,Yes,Bank Withdrawal,95.9,2745.2,Yes
0612-RTZZA,Female,77,No,44692,1,No,0,Yes,DSL,15,No,No,No,No,Yes,Month-to-Month,No,Bank Withdrawal,25.25,25.25,Yes
4433-JCGCG,Male,80,No,47224,46,Yes,5.36,Yes,Fiber Optic,22,No,No,Yes,No,Yes,Month-to-Month,Yes,Bank Withdrawal,101,4680.05,Yes
9488-HGMJH,Female,78,No,3873,1,Yes,24.75,Yes,Fiber Optic,22,No,No,No,No,No,Month-to-Month,Yes,Bank Withdrawal,71.15,71.15,Yes
4818-QIUFN,Female,69,No,5529,20,Yes,11.82,Yes,Fiber Optic,5,Yes,No,No,No,Yes,Month-to-Month,Yes,Bank Withdrawal,79.15,1520.9,Yes
6961-VCPMC,Male,71,No,732,46,Yes,48.62,Yes,Fiber Optic,3,No,No,No,No,No,Month-to-Month,Yes,Bank Withdrawal,80.4,3605.2,Yes
4424-TKOPW,Male,70,No,10484,2,Yes,25.19,Yes,Fiber Optic,14,No,No,No,No,Yes,Month-to-Month,Yes,Bank Withdrawal,93.85,196.75,Yes
4201-JMNGR,Female,66,No,5256,1,Yes,26.22,Yes,Cable,22,Yes,No,Yes,No,Yes,Month-to-Month,Yes,Bank Withdrawal,55.8,55.8,Yes
1866-RZZQS,Male,77,No,31230,41,Yes,42.06,Yes,Fiber Optic,21,No,No,Yes,No,Yes,Month-to-Month,Yes,Bank Withdrawal,98.4,4187.75,Yes
8631-NBHFZ,Male,71,No,5395,66,Yes,30.03,Yes,DSL,15,Yes,Yes,Yes,Yes,No,Two Year,No,Credit Card,79.4,5154.6,Yes
4958-XCBDQ,Male,68,No,12083,35,Yes,39.69,Yes,Fiber Optic,25,No,No,Yes,No,Yes,Month-to-Month,Yes,Bank Withdrawal,101.4,3496.3,Yes
8337-UPOAQ,Male,71,No,4253,10,Yes,16.88,Yes,Fiber Optic,24,No,No,Yes,No,Yes,Month-to-Month,Yes,Bank Withdrawal,89.8,914.3,Yes
6712-OAWRH,Female,79,No,12149,26,Yes,34.69,Yes,Fiber Optic,27,No,No,No,No,Yes,Month-to-Month,Yes,Bank Withdrawal,91.25,2351.8,Yes
5914-DVBWJ,Female,80,No,17147,18,Yes,2.36,Yes,Fiber Optic,21,No,Yes,No,Yes,Yes,Month-to-Month,Yes,Bank Withdrawal,85.45,1505.85,Yes
8644-XLFBW,Male,65,No,4546,1,Yes,28.46,Yes,Fiber Optic,12,No,No,No,No,Yes,Month-to-Month,Yes,Bank Withdrawal,71.65,71.65,Yes
1833-VGRUM,Female,70,No,36817,1,Yes,48.95,Yes,Fiber Optic,23,No,No,No,No,Yes,Month-to-Month,Yes,Bank Withdrawal,74.2,74.2,Yes
8374-XGEJJ,Male,68,No,3070,43,Yes,31.25,Yes,Fiber Optic,20,No,Yes,No,No,No,Month-to-Month,Yes,Bank Withdrawal,101,4388.4,Yes
6946-LMSQS,Male,80,No,46171,25,Yes,33.63,Yes,Fiber Optic,25,Yes,No,No,No,Yes,One Year,Yes,Bank Withdrawal,89.05,2177.45,Yes
4039-HEUNW,Male,77,No,26419,36,Yes,16.61,Yes,Fiber Optic,3,No,Yes,No,No,Yes,Month-to-Month,Yes,Bank Withdrawal,96.5,3436.1,Yes
0812-WUPTB,Male,65,No,13422,1,Yes,49.6,Yes,Fiber Optic,13,No,No,No,No,Yes,Month-to-Month,No,Credit Card,70.85,70.85,Yes
2403-BCASL,Male,66,No,44117,41,Yes,45.04,Yes,Cable,29,No,Yes,Yes,Yes,Yes,One Year,Yes,Bank Withdrawal,111.95,4534.9,Yes
3871-IKPYH,Male,70,No,42853,1,Yes,16.19,Yes,Fiber Optic,12,No,No,No,No,Yes,Month-to-Month,No,Bank Withdrawal,69.1,69.1,Yes
1304-NECVQ,Female,69,No,2966,2,Yes,43.96,Yes,Fiber Optic,14,No,No,Yes,No,Yes,Month-to-Month,Yes,Bank Withdrawal,78.55,149.55,Yes
5655-JSMZM,Male,66,No,18036,49,Yes,32.36,Yes,Fiber Optic,2,No,No,No,No,Yes,Month-to-Month,Yes,Bank Withdrawal,96.2,4718.25,Yes
4505-EXZHB,Female,75,No,823,6,Yes,8.91,Yes,Fiber Optic,27,No,No,Yes,No,No,Month-to-Month,No,Bank Withdrawal,74.4,434.1,Yes
8972-HJWNV,Female,75,No,6918,7,Yes,21.43,Yes,Fiber Optic,12,No,No,No,No,Yes,Month-to-Month,Yes,Bank Withdrawal,84.55,646.85,Yes
2860-RANUS,Female,67,No,302,20,Yes,29.29,Yes,Fiber Optic,15,No,No,No,No,Yes,Month-to-Month,Yes,Credit Card,85.8,1727.5,Yes
0406-BPDVR,Female,75,No,44741,54,Yes,33.49,Yes,Fiber Optic,8,No,Yes,No,No,Yes,One Year,Yes,Credit Card,101.5,5373.1,Yes
5276-KQWHG,Female,74,No,88,2,Yes,15.32,Yes,Fiber Optic,21,No,No,No,No,Yes,Month-to-Month,Yes,Bank Withdrawal,69.6,131.65,Yes
9667-EQRXU,Female,74,No,2241,30,No,0,Yes,Cable,7,No,No,Yes,No,No,Month-to-Month,Yes,Bank Withdrawal,40.3,1172.95,Yes
0946-CLJTI,Male,67,No,34045,58,Yes,3.18,Yes,Fiber Optic,5,No,No,Yes,No,Yes,Month-to-Month,Yes,Bank Withdrawal,98.7,5812.6,Yes
0324-BRPCJ,Female,74,No,6787,68,Yes,21.33,Yes,Cable,24,No,Yes,No,No,Yes,Month-to-Month,Yes,Bank Withdrawal,100.2,6851.65,Yes
9189-JWSHV,Female,69,No,152,24,Yes,13.38,Yes,Fiber Optic,12,No,No,No,No,Yes,Month-to-Month,Yes,Bank Withdrawal,93.55,2264.05,Yes
0576-WNXXC,Male,70,No,12587,27,Yes,39.49,Yes,Fiber Optic,7,No,Yes,Yes,No,Yes,Month-to-Month,Yes,Bank Withdrawal,95.55,2510.2,Yes
5482-PLVPE,Female,79,No,47453,2,No,0,Yes,DSL,11,No,No,No,No,Yes,Month-to-Month,No,Bank Withdrawal,24.35,41.85,Yes
4902-OHLSK,Female,76,No,17929,29,Yes,20.98,Yes,Fiber Optic,16,No,No,No,Yes,Yes,Month-to-Month,No,Bank Withdrawal,98.65,2862.75,Yes
0495-ZBNGW,Male,78,No,148,5,Yes,6.66,Yes,Fiber Optic,14,No,No,Yes,No,No,Month-to-Month,Yes,Bank Withdrawal,79.9,343.95,Yes
2357-COQEK,Female,79,No,6876,28,Yes,28.14,Yes,Fiber Optic,10,No,No,Yes,Yes,Yes,Month-to-Month,Yes,Bank Withdrawal,103.3,2890.65,Yes
2034-CGRHZ,Male,73,No,384,24,Yes,3.23,Yes,Fiber Optic,26,No,Yes,Yes,No,Yes,Month-to-Month,Yes,Credit Card,102.95,2496.7,Yes
9360-AHGNL,Female,74,No,18650,43,Yes,8.75,Yes,Fiber Optic,13,Yes,No,Yes,Yes,Yes,One Year,Yes,Credit Card,109.55,4830.25,Yes
5485-WUYWF,Male,73,No,3193,2,Yes,5.57,Yes,Cable,24,Yes,No,Yes,No,Yes,Month-to-Month,No,Bank Withdrawal,66.4,94.55,Yes
2632-UCGVD,Male,71,No,77683,66,Yes,49.85,Yes,Fiber Optic,14,No,No,No,Yes,Yes,Month-to-Month,Yes,Credit Card,100.05,6871.9,Yes
6425-YQLLO,Female,68,No,16717,66,Yes,27.75,Yes,Fiber Optic,11,No,No,Yes,Yes,Yes,One Year,Yes,Credit Card,105.95,6975.25,Yes
2091-RFFBA,Female,70,No,173,31,Yes,15.43,Yes,Fiber Optic,2,No,No,No,No,Yes,Month-to-Month,Yes,Bank Withdrawal,73.9,2217.15,Yes
6899-PPEEA,Female,66,No,37218,37,Yes,3.3,Yes,Fiber Optic,2,No,No,No,No,Yes,Month-to-Month,Yes,Bank Withdrawal,96.55,3580.3,Yes
4597-NUCQV,Male,65,No,54876,24,Yes,28.98,Yes,Fiber Optic,30,No,Yes,No,No,Yes,Month-to-Month,Yes,Bank Withdrawal,101.25,2440.15,Yes
3754-DXMRT,Male,78,No,55720,2,Yes,43.66,Yes,DSL,25,No,No,No,No,Yes,Month-to-Month,Yes,Bank Withdrawal,44.15,92.65,Yes
7130-VTEWQ,Female,74,No,28403,8,Yes,13.8,Yes,Fiber Optic,6,No,No,No,No,Yes,Month-to-Month,Yes,Bank Withdrawal,75.75,606.25,Yes
7903-CMPEY,Male,78,No,9038,1,Yes,17.51,Yes,Fiber Optic,21,Yes,No,No,No,Yes,Month-to-Month,Yes,Bank Withdrawal,80.3,80.3,Yes
1704-NRWYE,Female,79,No,1885,9,Yes,43.34,Yes,Fiber Optic,2,No,No,No,No,Yes,Month-to-Month,Yes,Bank Withdrawal,80.85,751.65,Yes
7481-ATQQS,Female,76,No,10520,49,Yes,44.88,Yes,Fiber Optic,15,No,No,Yes,No,Yes,Month-to-Month,Yes,Credit Card,90.85,4515.85,Yes
0023-HGHWL,Male,67,No,41707,1,No,0,Yes,Cable,9,No,No,No,No,Yes,Month-to-Month,Yes,Bank Withdrawal,25.1,25.1,Yes
1792-UXAFY,Female,80,No,18197,17,Yes,30.37,Yes,Fiber Optic,28,No,Yes,Yes,No,Yes,Month-to-Month,Yes,Bank Withdrawal,89.15,1496.9,Yes
6161-UUUTA,Male,77,No,49657,3,Yes,2.98,Yes,Fiber Optic,3,No,No,No,No,Yes,Month-to-Month,Yes,Bank Withdrawal,79.9,260.9,Yes
6543-XRMYR,Female,73,No,30814,30,Yes,43.61,Yes,Fiber Optic,8,No,Yes,No,No,No,Month-to-Month,Yes,Bank Withdrawal,99.7,2967.35,Yes
2479-BRAMR,Male,74,No,4353,41,Yes,45.84,Yes,Fiber Optic,18,Yes,No,Yes,No,Yes,Month-to-Month,Yes,Bank Withdrawal,83.75,3273.55,Yes
3714-JTVOV,Female,76,No,1508,42,Yes,2.9,Yes,Fiber Optic,21,Yes,No,No,No,Yes,Month-to-Month,Yes,Credit Card,74.15,3229.4,Yes
8580-QVLOC,Female,78,No,23100,72,Yes,25.77,Yes,DSL,6,Yes,Yes,Yes,Yes,Yes,Two Year,No,Credit Card,92.45,6440.25,Yes
2012-NWRPA,Female,78,No,47613,11,Yes,1.28,Yes,Fiber Optic,14,No,No,Yes,No,Yes,Month-to-Month,Yes,Bank Withdrawal,99.55,1131.2,Yes
8808-ELEHO,Male,66,No,26055,8,Yes,5.02,Yes,Fiber Optic,26,No,No,Yes,No,Yes,Month-to-Month,Yes,Bank Withdrawal,81.25,585.95,Yes
9058-CBREO,Female,69,No,11463,1,Yes,22.56,Yes,Cable,2,No,No,No,No,Yes,Month-to-Month,No,Credit Card,50.55,50.55,Yes
8063-GBATB,Female,74,No,1591,27,Yes,31.17,Yes,Fiber Optic,25,No,No,No,No,Yes,Month-to-Month,Yes,Bank Withdrawal,85.25,2287.25,Yes
1069-XAIEM,Female,68,No,2229,1,Yes,16.37,Yes,Fiber Optic,7,No,No,No,No,Yes,Month-to-Month,Yes,Bank Withdrawal,85.05,85.05,Yes
6987-XQSJT,Female,68,No,1584,54,Yes,45.77,Yes,Fiber Optic,10,No,Yes,No,No,Yes,Month-to-Month,Yes,Bank Withdrawal,79.5,4370.25,Yes
0722-TROQR,Female,68,No,67411,4,Yes,26.23,Yes,Fiber Optic,29,No,No,No,No,Yes,Month-to-Month,Yes,Bank Withdrawal,74.9,321.75,Yes
6402-ZFPPI,Female,75,No,40750,25,Yes,36.5,Yes,Fiber Optic,30,Yes,Yes,No,No,Yes,Month-to-Month,Yes,Credit Card,102.8,2660.2,Yes
9965-YOKZB,Male,73,No,659,9,Yes,10.04,Yes,Fiber Optic,13,No,No,No,No,Yes,Month-to-Month,Yes,Bank Withdrawal,83.85,790.15,Yes
0504-HHAPI,Female,72,No,228,27,Yes,16.94,Yes,Fiber Optic,11,No,No,Yes,No,Yes,Month-to-Month,No,Credit Card,88.3,2467.75,Yes
3791-LGQCY,Female,68,No,11191,56,Yes,33.81,Yes,Cable,29,No,No,Yes,No,No,Month-to-Month,Yes,Bank Withdrawal,100.65,5688.05,Yes
8166-ZZTFS,Female,74,No,25173,66,Yes,21.7,Yes,Cable,3,No,Yes,Yes,No,Yes,Two Year,Yes,Bank Withdrawal,80.55,5265.1,Yes
2956-GGUCQ,Male,71,No,5501,24,Yes,2.05,Yes,Fiber Optic,22,Yes,No,No,No,Yes,Month-to-Month,Yes,Bank Withdrawal,78.85,1772.25,Yes
2778-OCLGR,Male,75,No,88,24,No,0,Yes,DSL,5,Yes,No,No,No,Yes,Month-to-Month,No,Bank Withdrawal,39.1,971.3,Yes
7067-KSAZT,Female,66,No,32848,65,Yes,18.69,Yes,Fiber Optic,30,No,Yes,Yes,No,Yes,One Year,Yes,Bank Withdrawal,106.25,6979.8,Yes
9300-AGZNL,Male,76,No,587,1,Yes,21.85,Yes,Fiber Optic,29,No,No,No,No,Yes,Month-to-Month,Yes,Bank Withdrawal,94,94,Yes
1112-CUNAO,Female,67,No,531,15,Yes,4.28,Yes,Fiber Optic,6,No,Yes,No,No,Yes,Month-to-Month,No,Bank Withdrawal,89.85,1424.95,Yes
3389-YGYAI,Female,79,No,495,8,Yes,45.16,Yes,Fiber Optic,15,No,Yes,Yes,No,Yes,Month-to-Month,Yes,Bank Withdrawal,105.5,829.55,Yes
3070-DVEYC,Male,78,No,4579,7,Yes,32.4,Yes,Fiber Optic,7,No,No,No,No,Yes,Month-to-Month,No,Credit Card,73.75,545.15,Yes
5707-ORNDZ,Male,79,No,27786,9,Yes,2.45,Yes,DSL,7,Yes,No,No,No,Yes,Month-to-Month,No,Bank Withdrawal,54.55,494.05,Yes
8696-JKZNU,Female,78,No,21418,37,Yes,26.95,Yes,Fiber Optic,17,No,No,No,No,Yes,Month-to-Month,Yes,Bank Withdrawal,76.25,2841.55,Yes
2055-PDADH,Female,71,No,265,3,Yes,2.26,Yes,Fiber Optic,3,No,No,No,No,Yes,Month-to-Month,Yes,Bank Withdrawal,70.4,204.7,Yes
2302-ANTDP,Female,76,No,397,48,Yes,43.04,Yes,Fiber Optic,5,Yes,Yes,Yes,Yes,Yes,Month-to-Month,No,Bank Withdrawal,117.45,5438.9,Yes
5233-GEEAX,Male,65,No,1845,8,No,0,Yes,DSL,4,No,No,Yes,No,Yes,Month-to-Month,Yes,Bank Withdrawal,29.4,221.9,Yes
7137-RYLPP,Male,75,No,263,37,Yes,46.61,Yes,Fiber Optic,26,No,No,No,No,Yes,Month-to-Month,Yes,Bank Withdrawal,85.7,3171.15,Yes
3957-LXOLK,Female,75,No,4231,28,Yes,9.67,Yes,Fiber Optic,28,No,Yes,Yes,No,Yes,Month-to-Month,Yes,Bank Withdrawal,106.15,3152.5,Yes
5281-BUZGT,Male,69,No,3749,36,Yes,23.33,Yes,Fiber Optic,23,Yes,No,No,No,Yes,Month-to-Month,Yes,Bank Withdrawal,90.85,3186.7,Yes
2718-GAXQD,Female,68,Yes,42239,4,Yes,42.13,Yes,Cable,52,No,No,No,No,Yes,Month-to-Month,No,Bank Withdrawal,46,181.6,Yes
3217-FZDMN,Female,66,No,54492,8,Yes,5.21,Yes,Fiber Optic,8,No,No,Yes,No,Yes,Month-to-Month,Yes,Credit Card,94.45,742.95,Yes
7480-QNVZJ,Male,65,No,43019,50,Yes,18.92,Yes,Fiber Optic,11,No,No,No,No,Yes,Month-to-Month,Yes,Bank Withdrawal,95.7,4816.7,Yes
7124-UGSUR,Female,77,No,30568,61,Yes,35.11,Yes,Fiber Optic,17,No,Yes,Yes,No,Yes,One Year,Yes,Credit Card,104.4,6405,Yes
1862-SKORY,Female,66,No,41713,40,No,0,Yes,Cable,3,No,Yes,No,No,Yes,Month-to-Month,Yes,Bank Withdrawal,39.3,1637.4,Yes
4816-JBHOV,Male,72,No,87383,2,Yes,41.43,Yes,Cable,20,No,No,No,No,Yes,Month-to-Month,Yes,Bank Withdrawal,44.7,93.7,Yes
3247-ZVOUO,Male,77,No,24908,10,Yes,6.01,Yes,Fiber Optic,27,No,No,No,No,Yes,Month-to-Month,No,Bank Withdrawal,85.55,851.75,Yes
1268-ASBGA,Female,66,No,78114,16,Yes,9.93,Yes,Fiber Optic,27,No,No,No,No,Yes,Month-to-Month,Yes,Credit Card,85.35,1375.15,Yes
4713-LZDRV,Female,80,No,11,2,Yes,31.91,Yes,Cable,30,No,No,No,No,Yes,Month-to-Month,Yes,Bank Withdrawal,79.6,195.05,Yes
4325-NFSKC,Male,68,No,22548,19,Yes,28.12,Yes,Fiber Optic,25,Yes,No,No,No,Yes,Month-to-Month,Yes,Bank Withdrawal,90.6,1660,Yes
6502-HCJTI,Male,78,No,30173,7,Yes,9.7,Yes,Fiber Optic,17,Yes,Yes,No,No,Yes,Month-to-Month,Yes,Credit Card,94.7,673.1,Yes
8258-GSTJK,Male,74,No,21279,3,Yes,48.34,Yes,Fiber Optic,20,No,No,No,No,Yes,Month-to-Month,Yes,Bank Withdrawal,77,237.75,Yes
2995-UPRYS,Female,74,No,38427,40,Yes,19.76,Yes,Fiber Optic,22,No,Yes,No,Yes,Yes,One Year,Yes,Credit Card,99.2,4062.2,Yes
6686-YPGHK,Male,65,No,37417,47,Yes,36.58,Yes,Fiber Optic,20,Yes,No,No,No,No,Month-to-Month,No,Credit Card,85.5,4042.3,Yes
8020-BWHYL,Female,70,No,7527,15,Yes,7.99,Yes,Fiber Optic,27,No,Yes,No,No,Yes,Month-to-Month,Yes,Credit Card,75.3,1147.45,Yes
6892-XPFPU,Male,70,No,32369,24,Yes,49.76,Yes,Fiber Optic,11,No,Yes,Yes,No,Yes,Month-to-Month,Yes,Bank Withdrawal,104.25,2433.9,Yes
8010-EZLOU,Male,75,No,13158,15,Yes,12.08,Yes,Fiber Optic,5,No,Yes,No,No,Yes,Month-to-Month,Yes,Bank Withdrawal,80.2,1217.25,Yes
8062-YBDOE,Male,70,No,59259,1,Yes,7.23,Yes,Fiber Optic,2,No,No,No,No,Yes,Month-to-Month,Yes,Bank Withdrawal,69.65,69.65,Yes
3672-YITQD,Male,71,No,22177,36,Yes,31.65,Yes,Fiber Optic,15,No,No,No,No,Yes,Month-to-Month,Yes,Bank Withdrawal,84.1,3021.6,Yes
8988-ECPJR,Female,79,No,23646,34,Yes,25.84,Yes,Fiber Optic,15,No,Yes,No,No,Yes,Month-to-Month,Yes,Credit Card,79.6,2718.3,Yes
3776-EKTKM,Female,79,No,18112,1,No,0,Yes,Cable,26,No,No,No,No,Yes,Month-to-Month,Yes,Bank Withdrawal,36.45,36.45,Yes
0643-OKLRP,Female,73,No,57775,47,Yes,38.31,Yes,Fiber Optic,7,Yes,No,No,No,No,Month-to-Month,No,Bank Withdrawal,80.35,3825.85,Yes
9381-NDKME,Female,74,No,30211,24,No,0,Yes,Cable,29,No,No,Yes,No,Yes,Month-to-Month,Yes,Credit Card,40.65,933.3,Yes
8327-LZKAS,Female,80,No,46626,43,Yes,13.84,Yes,Cable,18,No,No,Yes,Yes,No,One Year,Yes,Bank Withdrawal,107.55,4533.9,Yes
1075-BGWOH,Male,69,No,61623,16,Yes,15.16,Yes,Fiber Optic,7,No,No,Yes,No,Yes,Month-to-Month,Yes,Bank Withdrawal,98.75,1587.55,Yes
8485-GJCDN,Female,71,No,46086,5,Yes,30.05,Yes,Fiber Optic,11,No,No,No,No,Yes,Month-to-Month,Yes,Credit Card,69.05,318.5,Yes
6029-WTIPC,Male,73,No,46086,37,Yes,38.06,Yes,Fiber Optic,19,No,No,Yes,No,Yes,Month-to-Month,Yes,Bank Withdrawal,101.1,3744.05,Yes
3317-HRTNN,Female,79,No,46086,5,No,0,Yes,DSL,15,No,No,No,No,Yes,Month-to-Month,No,Bank Withdrawal,45.7,198,Yes
5569-OUICF,Female,67,No,46086,28,Yes,16.43,Yes,Fiber Optic,20,No,No,No,Yes,Yes,Month-to-Month,Yes,Credit Card,101.3,2812.2,Yes
5747-PMBSQ,Male,72,No,74232,10,Yes,11.12,Yes,Fiber Optic,30,No,Yes,Yes,Yes,No,Month-to-Month,Yes,Credit Card,92.5,934.1,Yes
2982-IHMFT,Female,75,No,74232,1,Yes,39.61,Yes,Fiber Optic,16,No,No,No,No,Yes,Month-to-Month,Yes,Credit Card,74.45,74.45,Yes
5143-EGQFK,Female,76,No,74232,10,No,0,Yes,Cable,20,No,No,No,Yes,No,Month-to-Month,Yes,Bank Withdrawal,29.65,291.4,Yes
6168-WFVVF,Female,69,No,74232,3,Yes,5.54,Yes,Fiber Optic,16,No,No,No,No,Yes,Month-to-Month,Yes,Bank Withdrawal,70.3,235.5,Yes
7450-NWRTR,Male,76,No,74232,12,Yes,21.89,Yes,Fiber Optic,26,No,No,Yes,No,Yes,Month-to-Month,Yes,Bank Withdrawal,99.45,1200.15,Yes
6005-OBZPH,Female,68,No,74232,26,Yes,9.09,Yes,Fiber Optic,12,No,Yes,No,No,Yes,Month-to-Month,Yes,Bank Withdrawal,89.15,2277.65,Yes
7932-WPTDS,Female,77,No,74232,1,No,0,Yes,DSL,19,No,No,No,No,Yes,Month-to-Month,Yes,Bank Withdrawal,24.8,24.8,Yes
7000-WCEVQ,Female,67,No,4253,20,Yes,27.11,Yes,DSL,27,No,No,No,No,Yes,Month-to-Month,Yes,Credit Card,61.6,1174.35,Yes
5959-BELXA,Male,67,No,41575,32,Yes,25.45,Yes,Fiber Optic,18,No,No,No,No,Yes,Month-to-Month,Yes,Credit Card,96.15,3019.25,Yes
2506-TNFCO,Female,76,No,63999,1,Yes,12.46,Yes,Fiber Optic,22,No,No,No,No,Yes,Month-to-Month,Yes,Bank Withdrawal,69.55,69.55,Yes
6060-DRTNL,Female,66,No,21349,5,Yes,27.35,Yes,Fiber Optic,27,No,No,Yes,No,No,Month-to-Month,Yes,Credit Card,84.85,415.55,Yes
8473-VUVJN,Male,80,No,3070,1,Yes,39.88,Yes,Fiber Optic,19,No,No,No,No,Yes,Month-to-Month,Yes,Bank Withdrawal,73.65,73.65,Yes
0196-VULGZ,Female,78,No,26419,6,Yes,28.71,Yes,Fiber Optic,17,No,No,No,No,Yes,Month-to-Month,Yes,Bank Withdrawal,84.35,474.9,Yes
1976-CFOCS,Female,69,No,27730,1,Yes,7.74,Yes,DSL,19,No,No,No,No,Yes,Month-to-Month,No,Bank Withdrawal,46,46,Yes
4631-OACRM,Male,78,No,59176,15,Yes,17.23,Yes,Fiber Optic,12,No,No,No,No,Yes,Month-to-Month,Yes,Bank Withdrawal,79.4,1156.1,Yes
3755-JBMNH,Male,78,No,42663,16,Yes,45.9,Yes,Fiber Optic,5,No,No,No,No,Yes,Month-to-Month,Yes,Bank Withdrawal,71.8,1167.8,Yes
6345-ULYRW,Male,68,No,25206,44,Yes,24.62,Yes,Cable,14,No,Yes,No,No,Yes,One Year,No,Credit Card,88.4,3912.9,Yes
0013-EXCHZ,Female,75,No,42853,3,Yes,7.38,Yes,Fiber Optic,11,No,No,No,Yes,Yes,Month-to-Month,Yes,Credit Card,83.9,267.4,Yes
5550-VFRLC,Female,70,No,32984,1,Yes,43.45,Yes,Fiber Optic,30,No,No,No,No,No,Month-to-Month,Yes,Bank Withdrawal,69.85,69.85,Yes
2657-ALMWY,Female,65,No,64802,26,Yes,18.26,Yes,Fiber Optic,3,No,Yes,No,No,Yes,Month-to-Month,No,Bank Withdrawal,84.95,2169.75,Yes
6284-AHOOQ,Male,71,No,14697,22,Yes,46.11,Yes,Fiber Optic,27,No,No,No,Yes,Yes,Month-to-Month,Yes,Bank Withdrawal,90.5,1910.6,Yes
2460-FPSYH,Female,72,No,13333,40,No,0,Yes,Cable,6,Yes,Yes,No,No,No,Month-to-Month,Yes,Bank Withdrawal,55.8,2109.35,Yes
5028-HTLJB,Male,69,No,798,1,Yes,19.87,No,None,0,No,No,No,No,No,Month-to-Month,No,Credit Card,20.05,20.05,Yes
0875-CABNR,Female,70,No,27047,10,Yes,16.85,Yes,Fiber Optic,30,No,No,Yes,No,Yes,Month-to-Month,Yes,Credit Card,84.6,865.55,Yes
6982-UQZLY,Female,80,No,1328,1,Yes,22.86,No,None,0,No,No,No,No,No,Month-to-Month,Yes,Credit Card,20.85,20.85,Yes
0193-ESZXP,Female,73,No,7435,58,Yes,16.94,Yes,Fiber Optic,19,Yes,Yes,No,Yes,Yes,One Year,Yes,Credit Card,105.5,6205.5,Yes
4369-HTUIF,Male,73,No,8564,6,Yes,29.41,Yes,Fiber Optic,30,Yes,No,No,No,Yes,Month-to-Month,Yes,Bank Withdrawal,85.15,503.6,Yes
5287-QWLKY,Male,79,No,1826,71,Yes,44.66,Yes,Fiber Optic,8,Yes,Yes,No,No,Yes,Month-to-Month,Yes,Credit Card,105.1,7548.1,Yes
1891-UAWWU,Female,79,No,207,20,Yes,4.77,Yes,Fiber Optic,17,No,No,Yes,No,Yes,Month-to-Month,No,Bank Withdrawal,90.8,1951,Yes
3096-JRDSO,Female,73,No,42239,27,Yes,10.19,Yes,Fiber Optic,27,Yes,No,No,Yes,Yes,Month-to-Month,Yes,Bank Withdrawal,104.3,2867.75,Yes
2398-YPMUR,Female,77,No,24206,13,Yes,37.86,Yes,Fiber Optic,19,No,No,No,No,No,Month-to-Month,Yes,Bank Withdrawal,70.15,916.75,Yes
1265-XTECC,Female,68,No,49247,68,Yes,1.98,Yes,Fiber Optic,19,Yes,Yes,No,No,Yes,One Year,Yes,Credit Card,96.55,6581.9,Yes
4871-JTKJF,Female,70,No,26213,1,Yes,31.13,Yes,Fiber Optic,5,No,No,No,No,Yes,Month-to-Month,Yes,Bank Withdrawal,69.65,69.65,Yes
1415-YFWLT,Female,68,No,642,1,Yes,30.23,Yes,Fiber Optic,30,No,No,No,No,Yes,Month-to-Month,Yes,Bank Withdrawal,89.3,89.3,Yes
3500-RMZLT,Female,76,No,47999,15,Yes,19.11,Yes,Fiber Optic,8,Yes,No,Yes,Yes,No,Month-to-Month,Yes,Credit Card,96.3,1426.75,Yes
2642-DTVCO,Male,68,No,1140,9,Yes,12.18,Yes,Fiber Optic,6,No,No,No,No,No,Month-to-Month,Yes,Bank Withdrawal,85.05,746.5,Yes
1363-TXLSL,Male,80,No,521,1,Yes,39.1,Yes,Fiber Optic,27,No,No,No,No,Yes,Month-to-Month,Yes,Bank Withdrawal,70.3,70.3,Yes
7136-RVDTZ,Male,79,No,6601,70,No,0,Yes,DSL,20,No,No,No,No,Yes,One Year,Yes,Bank Withdrawal,45.25,3264.45,Yes
6927-WTFIV,Male,78,No,35737,20,Yes,5.71,Yes,Fiber Optic,22,No,No,No,No,Yes,Month-to-Month,No,Credit Card,71.3,1389.2,Yes
3398-ZOUAA,Male,76,No,32368,21,Yes,19.74,Yes,Fiber Optic,18,No,No,No,No,Yes,Month-to-Month,Yes,Bank Withdrawal,69.1,1474.75,Yes
4844-JJWUY,Female,65,No,42476,1,Yes,28.82,Yes,Fiber Optic,22,No,Yes,No,No,Yes,Month-to-Month,Yes,Bank Withdrawal,86,86,Yes
4785-QRJHC,Male,80,No,26297,46,No,0,Yes,DSL,15,No,Yes,Yes,Yes,No,One Year,Yes,Bank Withdrawal,59.9,2816.65,Yes
1965-AKTSX,Female,65,No,10153,14,Yes,16.36,Yes,Fiber Optic,6,No,Yes,No,No,Yes,Month-to-Month,Yes,Bank Withdrawal,78.95,1101.85,Yes
7248-VZQLC,Female,78,No,39888,47,Yes,16.83,Yes,Fiber Optic,12,No,Yes,Yes,No,Yes,Month-to-Month,Yes,Bank Withdrawal,85.2,3969.35,Yes
0011-IGKFF,Male,78,No,46677,13,Yes,27.82,Yes,Fiber Optic,4,No,Yes,Yes,No,Yes,Month-to-Month,Yes,Bank Withdrawal,98,1237.85,Yes
6496-SLWHQ,Male,68,No,16510,3,Yes,35.43,Yes,Fiber Optic,18,No,Yes,Yes,No,Yes,Month-to-Month,Yes,Bank Withdrawal,105,294.45,Yes
9912-GVSEQ,Female,73,No,63947,26,Yes,9.28,Yes,Fiber Optic,26,No,Yes,Yes,No,Yes,Month-to-Month,Yes,Bank Withdrawal,93.85,2381.55,Yes
5383-MMTWC,Female,75,No,27607,8,Yes,46.05,Yes,Fiber Optic,22,No,No,No,No,Yes,Month-to-Month,Yes,Bank Withdrawal,84,613.4,Yes
6877-LGWXO,Male,66,No,28568,18,Yes,4.98,Yes,Fiber Optic,18,No,No,No,No,Yes,Month-to-Month,No,Bank Withdrawal,78.55,1422.65,Yes
5167-GBFRE,Male,73,No,28900,4,No,0,Yes,DSL,19,No,No,No,No,Yes,Month-to-Month,Yes,Bank Withdrawal,25.2,102.5,Yes
1324-NLTJE,Female,73,No,24589,15,Yes,17.19,Yes,DSL,19,No,No,No,Yes,Yes,Month-to-Month,No,Credit Card,55,757.1,Yes
5567-WSELE,Male,70,No,28450,3,Yes,32.31,Yes,Fiber Optic,27,No,No,No,No,Yes,Month-to-Month,Yes,Bank Withdrawal,94.6,279.55,Yes
6646-VRFOL,Male,74,No,6773,53,Yes,39.36,Yes,Fiber Optic,23,No,Yes,Yes,No,Yes,Month-to-Month,Yes,Bank Withdrawal,103.85,5485.5,Yes
9090-SGQXL,Male,70,No,6407,68,Yes,47.17,Yes,Fiber Optic,29,No,Yes,Yes,No,Yes,Month-to-Month,Yes,Bank Withdrawal,105.3,7299.65,Yes
6595-YGXIT,Male,71,No,10520,25,Yes,47.66,Yes,Fiber Optic,23,No,Yes,No,No,Yes,Month-to-Month,Yes,Bank Withdrawal,88.95,2291.2,Yes
9835-ZIITK,Male,66,No,44976,66,Yes,48.87,Yes,Fiber Optic,13,No,Yes,Yes,Yes,Yes,One Year,Yes,Bank Withdrawal,110.85,7491.75,Yes
5649-TJHOV,Male,68,No,857,27,No,0,Yes,DSL,25,No,No,No,No,No,Month-to-Month,No,Bank Withdrawal,36.5,1032,Yes
9253-QXKBE,Male,73,No,41707,29,Yes,6.25,Yes,Fiber Optic,21,No,No,No,No,Yes,Month-to-Month,Yes,Bank Withdrawal,94.45,2653.65,Yes
8775-LHDJH,Female,77,No,36944,1,Yes,13.02,Yes,Fiber Optic,30,No,Yes,No,No,Yes,Month-to-Month,Yes,Bank Withdrawal,90.6,90.6,Yes
3097-NQYSN,Male,73,No,7023,2,Yes,4.19,Yes,Fiber Optic,11,No,No,No,No,No,Month-to-Month,Yes,Credit Card,86.85,156.35,Yes
3565-UNOCC,Female,65,No,30814,29,Yes,22.33,Yes,Fiber Optic,6,No,No,Yes,No,Yes,Month-to-Month,Yes,Bank Withdrawal,99.05,2952.85,Yes
9190-MFJLN,Male,65,No,460,19,Yes,32.77,Yes,Fiber Optic,4,No,No,Yes,No,Yes,Month-to-Month,Yes,Credit Card,95.9,1777.9,Yes
1095-JUDTC,Female,78,No,4176,47,Yes,14.22,Yes,Fiber Optic,11,No,Yes,No,Yes,Yes,Month-to-Month,Yes,Bank Withdrawal,95.05,4504.55,Yes
5385-SUIRI,Male,69,No,10159,52,Yes,37.6,Yes,Fiber Optic,23,Yes,No,Yes,No,Yes,Month-to-Month,Yes,Bank Withdrawal,104.2,5568.35,Yes
6328-ZPBGN,Female,67,No,16525,11,Yes,3.62,Yes,Fiber Optic,22,No,No,No,No,Yes,Month-to-Month,Yes,Bank Withdrawal,95.15,997.65,Yes
2856-NNASM,Male,74,No,30876,43,Yes,39.12,Yes,Fiber Optic,6,No,No,No,No,Yes,Month-to-Month,Yes,Mailed Check,89.55,3856.75,Yes
6769-DYBQN,Male,77,No,13485,46,Yes,36.78,Yes,Fiber Optic,29,Yes,No,No,No,Yes,Month-to-Month,No,Bank Withdrawal,85,3969.4,Yes
2446-BEGGB,Female,79,No,30173,6,Yes,47.35,Yes,Fiber Optic,29,No,Yes,No,No,Yes,Month-to-Month,Yes,Bank Withdrawal,98.25,560.6,Yes
1496-GGSUK,Female,68,No,476,1,No,0,Yes,Cable,9,No,No,No,No,Yes,Month-to-Month,Yes,Mailed Check,25.7,25.7,Yes
3296-SILRA,Female,76,No,11180,1,Yes,41.16,Yes,Fiber Optic,6,No,Yes,No,No,Yes,Month-to-Month,Yes,Mailed Check,76.4,76.4,Yes
5180-UCIIQ,Male,80,Yes,3002,22,No,0,Yes,Cable,18,Yes,No,No,No,Yes,Month-to-Month,No,Mailed Check,40.05,880.2,Yes
1977-STDKI,Female,72,No,752,1,Yes,20.55,Yes,Fiber Optic,5,No,Yes,No,No,Yes,Month-to-Month,Yes,Bank Withdrawal,73,73,Yes
5813-UECBU,Male,78,No,695,33,Yes,38.53,Yes,Fiber Optic,2,No,Yes,Yes,No,Yes,Month-to-Month,Yes,Credit Card,83.85,2716.3,Yes
4342-HENTK,Female,67,No,2423,2,Yes,12.52,Yes,Fiber Optic,25,No,No,No,No,Yes,Month-to-Month,Yes,Bank Withdrawal,70.65,142.35,Yes
1597-LHYNC,Female,74,No,18197,26,Yes,47.63,Yes,Fiber Optic,26,Yes,Yes,No,No,No,Month-to-Month,Yes,Bank Withdrawal,95,2497.2,Yes
8651-ENBZX,Female,68,No,659,60,Yes,34.39,Yes,Fiber Optic,17,No,No,Yes,Yes,No,One Year,Yes,Bank Withdrawal,106,6441.4,Yes
9286-DOJGF,Female,66,No,485,38,Yes,15.78,Yes,Fiber Optic,30,No,No,No,No,Yes,Month-to-Month,Yes,Bank Withdrawal,74.95,2869.85,Yes
9661-MHUMO,Male,71,Yes,929,1,Yes,8.38,Yes,DSL,19,No,No,No,Yes,Yes,Month-to-Month,Yes,Credit Card,49.25,49.25,Yes
8884-ADFVN,Male,65,No,30614,7,Yes,34.66,Yes,Fiber Optic,3,No,No,Yes,No,Yes,Month-to-Month,Yes,Bank Withdrawal,101.95,700.85,Yes
2720-WGKHP,Male,65,No,4731,2,Yes,20.99,Yes,Fiber Optic,22,No,No,No,No,Yes,Month-to-Month,Yes,Bank Withdrawal,94,181.7,Yes
9776-CLUJA,Female,69,No,11396,51,Yes,17.87,Yes,Fiber Optic,9,Yes,No,No,No,Yes,Month-to-Month,Yes,Bank Withdrawal,77.5,3807.35,Yes
3551-HUAZH,Male,68,No,1237,1,Yes,11.08,Yes,Fiber Optic,12,No,No,No,No,Yes,Month-to-Month,Yes,Bank Withdrawal,74.4,74.4,Yes
8634-MPHTR,Male,68,No,452,47,Yes,8.97,Yes,Fiber Optic,19,No,No,Yes,No,Yes,Month-to-Month,Yes,Bank Withdrawal,100.05,4871.05,Yes
2474-BRUCM,Male,76,No,30338,40,Yes,2.85,Yes,Fiber Optic,3,Yes,No,No,No,Yes,Month-to-Month,No,Bank Withdrawal,101.85,4086.3,Yes
0616-ATFGB,Male,74,No,6277,1,No,0,Yes,Cable,18,No,No,No,No,Yes,Month-to-Month,No,Bank Withdrawal,25.05,25.05,Yes
7235-NXZCP,Male,79,No,1026,2,Yes,45.41,Yes,Fiber Optic,18,No,No,No,No,Yes,Month-to-Month,Yes,Mailed Check,74.85,156.4,Yes
6661-HBGWL,Female,69,No,124,42,Yes,16.22,Yes,Fiber Optic,12,No,Yes,Yes,No,Yes,Month-to-Month,Yes,Bank Withdrawal,104.75,4323.45,Yes
9317-WZPGV,Female,74,No,263,2,Yes,39.63,Yes,Fiber Optic,23,No,No,No,No,No,Month-to-Month,Yes,Bank Withdrawal,79.75,159.4,Yes
3621-CEOVK,Female,71,No,734,14,Yes,47.01,Yes,Fiber Optic,19,No,Yes,No,No,Yes,Month-to-Month,Yes,Bank Withdrawal,100.2,1369.8,Yes
7632-MNYOY,Male,69,No,678,66,Yes,9.9,Yes,Fiber Optic,25,No,Yes,Yes,Yes,Yes,One Year,No,Credit Card,110.9,7432.05,Yes
9248-OJYKK,Male,74,No,4258,1,Yes,3.84,Yes,Fiber Optic,13,No,No,No,No,No,Month-to-Month,Yes,Bank Withdrawal,76.45,76.45,Yes
3398-FSHON,Female,79,No,4258,12,Yes,34.01,Yes,Fiber Optic,18,No,Yes,No,No,Yes,Month-to-Month,Yes,Bank Withdrawal,91.3,1094.5,Yes
3319-DWOEP,Male,69,No,4258,6,Yes,47.9,Yes,Fiber Optic,6,No,No,Yes,No,Yes,Month-to-Month,Yes,Bank Withdrawal,95.75,573.75,Yes
0818-OCPZO,Male,80,No,38128,27,Yes,42.91,Yes,Fiber Optic,5,No,Yes,No,No,Yes,Month-to-Month,Yes,Bank Withdrawal,81.45,2122.05,Yes
1389-CXMLU,Male,65,No,42459,3,Yes,26.32,Yes,Fiber Optic,8,No,No,Yes,No,Yes,Month-to-Month,No,Bank Withdrawal,91.05,289.1,Yes
5561-NWEVX,Female,78,No,18693,2,Yes,17.73,Yes,Fiber Optic,18,No,No,Yes,No,Yes,Month-to-Month,No,Bank Withdrawal,79.2,172.85,Yes
2272-QAGFO,Female,75,No,28680,14,Yes,35.07,Yes,Fiber Optic,10,No,No,No,No,Yes,Month-to-Month,Yes,Bank Withdrawal,74.3,1096.25,Yes
3768-NLUBH,Male,73,No,41979,57,Yes,42.1,Yes,Fiber Optic,3,No,No,Yes,No,Yes,Month-to-Month,No,Bank Withdrawal,100.6,5746.15,Yes
7359-SSBJK,Female,80,No,38181,64,Yes,29.12,Yes,DSL,24,Yes,Yes,No,Yes,Yes,Two Year,Yes,Credit Card,70.2,4481,Yes
0685-MLYYM,Female,74,No,44442,2,Yes,9.86,Yes,Fiber Optic,21,No,No,No,No,Yes,Month-to-Month,No,Bank Withdrawal,70.75,154.85,Yes
7957-RYHQD,Female,65,No,72893,40,Yes,44.86,Yes,Fiber Optic,4,Yes,Yes,No,No,Yes,Month-to-Month,Yes,Credit Card,79.2,3233.85,Yes
6230-BSUXY,Female,71,No,55306,1,Yes,42.5,Yes,Fiber Optic,8,No,No,Yes,No,Yes,Month-to-Month,Yes,Bank Withdrawal,85,85,Yes
3990-QYKBE,Male,74,No,20200,37,Yes,49.37,Yes,Fiber Optic,4,No,No,No,No,Yes,Month-to-Month,Yes,Bank Withdrawal,92.5,3473.4,Yes
9274-CNFMO,Male,76,No,97318,4,Yes,28.11,Yes,Fiber Optic,27,No,No,No,No,Yes,Month-to-Month,No,Bank Withdrawal,74.95,308.7,Yes
3005-NFMTA,Male,73,No,17846,55,Yes,8.93,Yes,Fiber Optic,21,Yes,No,No,No,Yes,Month-to-Month,Yes,Bank Withdrawal,98.8,5617.75,Yes
5389-FFVKB,Male,71,No,42526,32,Yes,2.08,Yes,Fiber Optic,25,No,No,No,No,Yes,Month-to-Month,Yes,Credit Card,80.3,2483.05,Yes
8444-WRIDW,Female,72,No,33057,66,Yes,45.59,Yes,Fiber Optic,24,No,Yes,No,No,No,Month-to-Month,Yes,Credit Card,80.45,5224.35,Yes
5868-YWPDW,Male,76,No,29387,6,Yes,40.44,Yes,Fiber Optic,25,No,Yes,No,No,Yes,Month-to-Month,Yes,Bank Withdrawal,84.2,519.15,Yes
1273-MTETI,Female,69,No,23079,4,Yes,12.86,Yes,Fiber Optic,4,No,No,Yes,No,Yes,Month-to-Month,Yes,Bank Withdrawal,88.85,372.45,Yes
5480-HPRRX,Female,80,No,25135,3,No,0,Yes,DSL,30,No,No,No,No,Yes,Month-to-Month,No,Bank Withdrawal,25.3,77.75,Yes
7234-FECYN,Female,78,No,38041,8,Yes,43.98,Yes,Fiber Optic,27,No,No,Yes,No,Yes,Month-to-Month,No,Bank Withdrawal,101.35,780.5,Yes
1400-MMYXY,Male,71,No,54382,3,Yes,41.3,Yes,Fiber Optic,2,No,Yes,Yes,No,Yes,Month-to-Month,Yes,Bank Withdrawal,105.9,334.65,Yes
7142-HVGBG,Male,73,No,81,43,Yes,17.43,Yes,Fiber Optic,26,No,Yes,Yes,No,Yes,Month-to-Month,Yes,Bank Withdrawal,103,4414.3,Yes
1564-NTYXF,Female,79,No,6760,13,Yes,4.45,Yes,Fiber Optic,25,No,No,No,No,Yes,Month-to-Month,Yes,Bank Withdrawal,82,1127.2,Yes
0886-QGENL,Female,72,No,47689,27,Yes,45.82,Yes,Fiber Optic,13,Yes,No,Yes,No,Yes,Month-to-Month,Yes,Bank Withdrawal,101.25,2754.45,Yes
8739-WWKDU,Male,69,No,46086,25,Yes,18.46,Yes,Fiber Optic,3,No,Yes,No,No,Yes,Month-to-Month,Yes,Bank Withdrawal,89.5,2196.15,Yes
8685-WHQPW,Female,79,No,24169,22,Yes,5.09,Yes,Fiber Optic,23,No,No,No,No,No,Month-to-Month,Yes,Bank Withdrawal,74.4,1692.6,Yes
7240-FQLHE,Female,68,No,66838,18,Yes,25.27,Yes,Fiber Optic,15,No,No,No,Yes,Yes,Month-to-Month,No,Bank Withdrawal,99.75,1836.25,Yes
6664-FPDAC,Female,77,No,56887,56,Yes,19.46,Yes,Fiber Optic,28,No,Yes,Yes,Yes,Yes,One Year,Yes,Bank Withdrawal,111.95,6418.9,Yes
0786-VSSUD,Male,68,No,25232,16,No,0,Yes,DSL,24,No,Yes,No,No,Yes,Month-to-Month,Yes,Mailed Check,39,679.85,Yes
6583-QGCSI,Female,79,No,3873,50,Yes,37.12,Yes,Fiber Optic,4,No,Yes,No,No,No,Month-to-Month,Yes,Bank Withdrawal,88.05,4367.35,Yes
1980-KXVPM,Female,68,No,43712,3,Yes,23.82,Yes,Fiber Optic,30,No,No,No,No,Yes,Month-to-Month,Yes,Credit Card,75.05,256.25,Yes
0723-DRCLG,Female,73,No,42239,1,Yes,31.27,Yes,Fiber Optic,11,No,No,No,No,No,Month-to-Month,Yes,Bank Withdrawal,74.45,74.45,Yes
6894-LFHLY,Male,79,No,48690,1,Yes,8.35,Yes,Fiber Optic,23,No,No,No,No,Yes,Month-to-Month,Yes,Bank Withdrawal,75.75,75.75,Yes
8361-LTMKD,Male,75,No,42239,4,Yes,10.61,Yes,Fiber Optic,8,No,No,No,No,No,Month-to-Month,Yes,Mailed Check,74.4,306.6,Yes
3841-NFECX,Female,69,No,49431,71,Yes,47.02,Yes,Fiber Optic,12,Yes,Yes,Yes,Yes,Yes,Two Year,Yes,Credit Card,96.35,6766.95,No
4929-XIHVW,Male,79,No,58218,2,Yes,33.1,Yes,Fiber Optic,11,No,No,Yes,No,No,One Year,Yes,Credit Card,95.5,181.65,No
3413-BMNZE,Male,71,No,56709,1,Yes,11.89,Yes,DSL,12,No,No,No,No,Yes,One Year,No,Bank Withdrawal,45.25,45.25,No
8012-SOUDQ,Female,65,No,38128,43,Yes,12.58,Yes,Fiber Optic,26,No,Yes,No,No,Yes,One Year,Yes,Bank Withdrawal,90.25,3838.75,No
6575-SUVOI,Female,65,No,29299,25,Yes,30.6,Yes,DSL,2,Yes,No,No,Yes,Yes,One Year,Yes,Credit Card,69.5,1752.65,No
4667-QONEA,Female,72,No,24505,60,Yes,48.9,Yes,Cable,16,Yes,Yes,Yes,Yes,Yes,One Year,Yes,Credit Card,74.85,4456.35,No
5067-XJQFU,Male,77,No,2527,66,Yes,21.79,Yes,Fiber Optic,9,No,Yes,Yes,Yes,Yes,One Year,Yes,Bank Withdrawal,108.45,7076.35,No
1891-QRQSA,Male,71,No,40152,64,Yes,16.33,Yes,Fiber Optic,10,Yes,No,Yes,Yes,Yes,Two Year,Yes,Bank Withdrawal,111.6,7099,No
2673-CXQEU,Female,73,No,47758,56,Yes,47.13,Yes,Fiber Optic,29,Yes,Yes,Yes,No,Yes,One Year,No,Bank Withdrawal,110.5,6139.5,No
0191-ZHSKZ,Male,80,No,93315,30,Yes,38.61,Yes,DSL,5,Yes,Yes,No,No,Yes,One Year,Yes,Bank Withdrawal,74.75,2111.3,No
2424-WVHPL,Male,79,No,37322,1,Yes,27.65,Yes,Fiber Optic,2,No,No,No,Yes,Yes,One Year,No,Bank Withdrawal,74.7,74.7,No
5386-THSLQ,Female,65,No,11509,66,No,0,Yes,Cable,9,No,Yes,Yes,No,Yes,One Year,No,Bank Withdrawal,45.55,3027.25,No
2639-UGMAZ,Male,73,No,16398,71,No,0,Yes,DSL,20,Yes,Yes,No,No,Yes,One Year,Yes,Bank Withdrawal,56.45,3985.35,No
3146-MSEGF,Female,71,No,55306,72,Yes,20.48,Yes,DSL,6,Yes,Yes,Yes,Yes,Yes,Two Year,Yes,Credit Card,88.05,6425.65,No
1131-QQZEB,Male,66,No,1107,71,Yes,30.72,No,None,0,No,No,No,No,No,Two Year,No,Bank Withdrawal,23.95,1756.2,No
2504-DSHIH,Male,66,No,42526,23,Yes,42.59,Yes,Fiber Optic,2,No,No,No,No,Yes,One Year,No,Bank Withdrawal,86.8,1975.85,No
9058-HRZSV,Female,77,No,76890,65,Yes,38.32,Yes,Fiber Optic,25,Yes,Yes,Yes,No,Yes,One Year,No,Bank Withdrawal,94.4,6126.15,No
4522-AKYLR,Female,68,No,66754,13,Yes,10.51,Yes,DSL,20,No,Yes,Yes,No,Yes,One Year,Yes,Bank Withdrawal,54.8,731.3,No
0221-WMXNQ,Male,66,No,75319,4,Yes,36.4,Yes,Fiber Optic,29,Yes,No,No,No,Yes,One Year,No,Bank Withdrawal,75.35,273.4,No
5046-NUHWD,Female,69,No,53686,29,No,0,Yes,Cable,23,Yes,No,Yes,No,Yes,One Year,Yes,Bank Withdrawal,45,1228.65,No
7529-ZDFXI,Male,79,No,35530,57,Yes,36.66,Yes,Fiber Optic,9,No,Yes,No,No,Yes,One Year,Yes,Bank Withdrawal,89.85,4925.35,No
3197-ARFOY,Female,67,No,56280,19,Yes,7.95,Yes,Fiber Optic,12,Yes,Yes,No,Yes,No,One Year,Yes,Mailed Check,105,2007.25,No
4716-HHKQH,Male,68,No,46626,20,Yes,27.56,Yes,Fiber Optic,3,No,Yes,No,Yes,Yes,One Year,No,Bank Withdrawal,107.05,2172.05,No
3179-GBRWV,Male,79,No,23444,21,Yes,42.95,Yes,DSL,30,Yes,Yes,No,No,Yes,One Year,Yes,Bank Withdrawal,64.95,1339.8,No
4847-TAJYI,Female,77,No,71126,6,Yes,8.06,Yes,Fiber Optic,19,No,No,No,No,Yes,One Year,Yes,Bank Withdrawal,89.35,567.8,No
6851-WEFYX,Male,73,No,1587,35,Yes,2.12,Yes,Fiber Optic,3,No,No,Yes,No,Yes,One Year,Yes,Bank Withdrawal,100.8,3437.5,No
3167-SNQPL,Male,71,Yes,1604,38,Yes,28.3,Yes,Fiber Optic,27,No,Yes,No,No,Yes,One Year,No,Bank Withdrawal,101.15,3741.85,No
2799-ARNLO,Female,67,No,3849,5,Yes,9.56,Yes,Fiber Optic,13,No,No,No,No,Yes,One Year,Yes,Bank Withdrawal,69.35,341.6,No
5701-YVSVF,Female,68,No,42239,11,Yes,29.15,Yes,Fiber Optic,2,No,No,No,Yes,Yes,One Year,Yes,Bank Withdrawal,82.9,880.05,No
5697-GOMBF,Female,75,Yes,3577,28,No,0,Yes,DSL,58,No,No,No,No,No,One Year,Yes,Bank Withdrawal,35.9,973.65,No
2739-CACDQ,Female,79,No,42617,17,Yes,1.06,Yes,Fiber Optic,25,No,No,Yes,No,Yes,One Year,Yes,Credit Card,82.65,1470.05,No
6035-BXTTY,Female,69,No,7615,32,Yes,19.92,Yes,DSL,14,No,Yes,No,Yes,No,One Year,No,Bank Withdrawal,54.65,1830.1,No
0021-IKXGC,Female,72,No,6760,1,Yes,7.77,Yes,Fiber Optic,22,No,No,No,No,Yes,One Year,Yes,Bank Withdrawal,72.1,72.1,No
4654-DLAMQ,Female,69,No,1205,64,Yes,3.76,Yes,Fiber Optic,11,Yes,Yes,Yes,No,Yes,One Year,No,Bank Withdrawal,97,6430.9,No
4115-NZRKS,Female,72,No,47140,7,Yes,16.36,Yes,Fiber Optic,28,No,No,No,No,Yes,One Year,Yes,Bank Withdrawal,89.15,574.35,No
3351-NGXYI,Female,70,No,18525,16,Yes,9.72,Yes,DSL,29,Yes,No,No,No,Yes,One Year,Yes,Bank Withdrawal,54.1,889,No
8204-YJCLA,Male,78,No,28488,72,No,0,Yes,DSL,24,Yes,Yes,Yes,Yes,Yes,Two Year,Yes,Bank Withdrawal,64.8,4732.35,No
9774-NRNAU,Male,77,No,2355,27,Yes,33.57,Yes,DSL,21,No,Yes,Yes,Yes,Yes,One Year,Yes,Bank Withdrawal,84.8,2309.55,No
0224-RLWWD,Female,73,No,27804,2,Yes,23.91,Yes,Cable,22,No,No,No,No,Yes,One Year,Yes,Bank Withdrawal,44.3,89.3,No
3951-NJCVI,Female,76,No,43141,42,Yes,42.29,Yes,Fiber Optic,10,No,No,No,No,No,One Year,Yes,Bank Withdrawal,95.05,3944.5,No
0177-PXBAT,Male,78,No,964,33,Yes,25.15,Yes,Fiber Optic,20,Yes,No,Yes,Yes,Yes,One Year,Yes,Bank Withdrawal,109.9,3694.7,No
2519-ERQOJ,Male,74,No,5529,33,No,0,Yes,Cable,11,No,No,Yes,Yes,Yes,One Year,Yes,Bank Withdrawal,54.6,1803.7,No
0111-KLBQG,Male,71,Yes,3499,32,Yes,31.86,Yes,Fiber Optic,23,No,Yes,No,No,Yes,One Year,Yes,Mailed Check,93.95,2861.45,No
1996-DBMUS,Female,72,No,291,48,Yes,12.6,Yes,Fiber Optic,21,No,No,No,No,Yes,One Year,Yes,Bank Withdrawal,70.65,3545.05,No
2055-SIFSS,Female,75,No,2388,55,Yes,29.53,Yes,Cable,29,No,No,No,No,Yes,One Year,No,Bank Withdrawal,51.65,2838.55,No
2806-MLNTI,Male,79,No,805,52,Yes,29.15,Yes,Fiber Optic,9,No,Yes,Yes,No,Yes,One Year,Yes,Bank Withdrawal,105.1,5376.4,No
5628-RKIFK,Female,76,No,25995,49,Yes,24.84,Yes,Fiber Optic,14,Yes,No,No,No,Yes,One Year,No,Credit Card,101.55,5070.4,No
5760-WRAHC,Female,78,No,54586,22,Yes,49.98,Yes,DSL,28,Yes,No,Yes,Yes,Yes,One Year,Yes,Mailed Check,69.75,1545.4,No
1480-BKXGA,Male,75,No,7324,72,Yes,21.37,Yes,Fiber Optic,13,Yes,Yes,Yes,Yes,No,Two Year,Yes,Bank Withdrawal,116.05,8404.9,No
9076-AXYIK,Male,66,No,162,64,Yes,20.19,Yes,Fiber Optic,8,No,No,Yes,Yes,Yes,Two Year,No,Bank Withdrawal,102.1,6538.45,No
4933-IKULF,Female,71,No,4280,17,Yes,24.15,No,None,0,No,No,No,No,No,One Year,No,Mailed Check,20.65,330.6,No
3780-DDGSE,Male,77,Yes,87,35,Yes,14.19,Yes,DSL,17,No,Yes,No,Yes,Yes,One Year,Yes,Bank Withdrawal,76.05,2747.2,No
4612-SSVHJ,Female,74,No,1195,20,Yes,23.18,Yes,Fiber Optic,21,No,No,No,No,Yes,One Year,Yes,Bank Withdrawal,81.45,1671.6,No
5756-OZRIO,Male,73,No,46550,61,Yes,34.24,Yes,DSL,20,No,Yes,No,No,Yes,One Year,No,Bank Withdrawal,64.05,3902.6,No
4513-CXYIX,Female,73,No,4546,71,Yes,43.99,Yes,Fiber Optic,17,Yes,No,No,No,Yes,Two Year,Yes,Credit Card,80.7,5676,No
4332-MUOEZ,Male,78,No,61205,20,Yes,32.54,Yes,Fiber Optic,5,Yes,No,Yes,Yes,Yes,One Year,No,Credit Card,94.3,1818.3,No
6705-LXORM,Female,79,No,36817,5,Yes,5.42,Yes,Fiber Optic,23,No,No,No,No,Yes,One Year,No,Bank Withdrawal,70.05,302.6,No
4109-CYRBD,Male,77,No,14068,29,Yes,37.65,Yes,DSL,9,No,No,No,No,Yes,One Year,Yes,Bank Withdrawal,51.6,1442,No
8606-CIQUL,Male,77,Yes,25655,72,Yes,30.78,Yes,Fiber Optic,17,Yes,Yes,Yes,Yes,No,Two Year,Yes,Credit Card,115.75,8399.15,No
0356-OBMAC,Female,80,No,4093,56,Yes,17.33,Yes,Fiber Optic,16,No,Yes,Yes,Yes,Yes,Two Year,Yes,Bank Withdrawal,99.9,5706.3,No
1297-VQDRP,Male,80,Yes,10936,68,Yes,32.11,Yes,Fiber Optic,12,No,No,Yes,Yes,No,One Year,Yes,Credit Card,107.15,7379.8,No
4676-MQUEA,Male,80,No,25206,50,Yes,14.49,Yes,Fiber Optic,17,Yes,Yes,Yes,No,Yes,One Year,Yes,Bank Withdrawal,101.9,5265.5,No
7025-WCBNE,Male,74,No,44117,47,Yes,14.78,Yes,DSL,10,No,Yes,No,Yes,Yes,Two Year,No,Bank Withdrawal,59.6,2754,No
6030-REHUX,Female,76,No,54548,28,Yes,45.67,Yes,Fiber Optic,8,No,Yes,Yes,Yes,Yes,One Year,Yes,Bank Withdrawal,110.85,3204.4,No
6522-YRBXD,Male,68,No,45086,35,Yes,20.44,Yes,Fiber Optic,18,Yes,Yes,No,No,Yes,One Year,Yes,Bank Withdrawal,94.55,3365.4,No
6689-VRRTK,Female,71,No,42853,44,Yes,49.75,Yes,Fiber Optic,2,Yes,Yes,Yes,No,Yes,One Year,Yes,Credit Card,109.8,4860.35,No
7134-MJPDY,Female,69,No,32984,66,Yes,11.63,Yes,Fiber Optic,5,No,No,Yes,Yes,No,One Year,Yes,Credit Card,102.85,6976.75,No
4881-JVQOD,Male,73,Yes,79736,10,No,0,Yes,Cable,53,No,No,No,No,Yes,One Year,Yes,Bank Withdrawal,34.55,362.6,No
6797-UCJHZ,Female,74,No,64802,66,Yes,25.51,Yes,Fiber Optic,15,No,Yes,Yes,No,Yes,One Year,No,Credit Card,104.6,6819.45,No
2469-DTSGX,Female,72,No,2966,72,Yes,44.81,Yes,Fiber Optic,14,No,Yes,Yes,Yes,Yes,Two Year,No,Bank Withdrawal,111.65,7943.45,No
4908-XAXAY,Female,70,No,2078,49,Yes,47.72,Yes,Fiber Optic,21,No,Yes,Yes,No,Yes,One Year,Yes,Bank Withdrawal,89.85,4287.2,No
3509-GWQGF,Male,74,No,823,24,Yes,31.73,Yes,Fiber Optic,13,No,No,No,No,No,One Year,No,Credit Card,70,1732.6,No
3729-OWRVL,Male,80,No,4198,65,Yes,44.23,Yes,Fiber Optic,27,Yes,No,Yes,Yes,Yes,Two Year,Yes,Bank Withdrawal,110.35,7246.15,No
7251-LJBQN,Female,74,No,5689,40,Yes,28.54,Yes,Fiber Optic,24,No,No,Yes,Yes,Yes,One Year,Yes,Credit Card,103.75,4188.4,No
2682-KEVRP,Female,65,No,8870,22,Yes,34.39,No,None,0,No,No,No,No,No,One Year,Yes,Credit Card,20.05,417,No
9978-HYCIN,Male,72,Yes,12963,47,Yes,42.29,Yes,Fiber Optic,22,No,Yes,No,No,No,One Year,Yes,Bank Withdrawal,84.95,4018.05,No
8329-UTMVM,Male,76,No,25126,27,Yes,34.39,Yes,Fiber Optic,19,No,Yes,No,Yes,Yes,One Year,Yes,Bank Withdrawal,104.65,2964,No
6952-OMNWB,Male,75,No,1203,68,Yes,34.31,Yes,Fiber Optic,15,No,No,Yes,No,Yes,One Year,Yes,Credit Card,80.35,5589.3,No
6549-YMFAW,Male,70,No,1317,9,Yes,1.66,No,None,0,No,No,No,No,No,One Year,Yes,Credit Card,21.25,204.55,No
1307-TVUFB,Male,66,No,5710,42,Yes,13.51,Yes,Fiber Optic,19,No,Yes,No,No,Yes,One Year,Yes,Bank Withdrawal,79.35,3344.1,No
7503-MIOGA,Female,68,No,1255,72,Yes,48.51,Yes,Cable,17,Yes,Yes,Yes,Yes,Yes,Two Year,Yes,Bank Withdrawal,89.85,6697.35,No
2499-AJYUA,Female,69,No,340,72,Yes,15.85,Yes,Fiber Optic,2,No,Yes,Yes,Yes,Yes,Two Year,Yes,Credit Card,110.8,7882.25,No
6919-ELBGL,Male,75,No,1826,72,Yes,21.38,Yes,Fiber Optic,2,Yes,Yes,Yes,Yes,Yes,Two Year,Yes,Bank Withdrawal,114.95,8196.4,No
3966-HRMZA,Female,74,No,13309,3,Yes,41.44,Yes,Fiber Optic,13,No,No,Yes,No,No,One Year,No,Credit Card,75.05,202.9,No
5671-RQRLP,Female,72,No,5635,70,Yes,16.87,Yes,Fiber Optic,3,No,No,No,No,Yes,Two Year,Yes,Credit Card,75.65,5411.4,No
4785-NKHCX,Male,65,No,173,5,Yes,30.14,No,None,0,No,No,No,No,No,One Year,No,Bank Withdrawal,20.05,94.15,No
4250-WAROZ,Male,70,Yes,13858,60,Yes,19.68,Yes,Fiber Optic,53,Yes,Yes,No,No,Yes,One Year,Yes,Bank Withdrawal,93.25,5774.55,No
3523-BRGUW,Male,65,No,18486,26,Yes,29.88,No,None,0,No,No,No,No,No,One Year,No,Credit Card,19.3,504.2,No
2123-AGEEN,Female,66,No,20350,7,Yes,26.29,Yes,Fiber Optic,20,No,No,Yes,No,No,One Year,Yes,Bank Withdrawal,84.35,609.65,No
1258-YMZNM,Female,70,No,2346,27,Yes,35.76,Yes,Fiber Optic,4,Yes,Yes,Yes,No,Yes,One Year,Yes,Bank Withdrawal,110.5,2857.6,No
6259-WJQLC,Male,77,No,38885,32,Yes,1.12,Yes,Fiber Optic,5,No,No,Yes,No,Yes,One Year,Yes,Credit Card,81.1,2619.25,No
7508-SMHXL,Female,72,No,56330,15,Yes,1.67,Yes,Fiber Optic,21,No,Yes,No,No,Yes,One Year,No,Credit Card,89,1288.3,No
3956-CJUST,Female,67,No,33122,23,Yes,17.62,Yes,Fiber Optic,25,Yes,No,No,No,No,One Year,Yes,Bank Withdrawal,75.4,1643.55,No
4824-GUCBY,Female,77,No,20643,22,Yes,23.43,Yes,Fiber Optic,22,Yes,Yes,No,No,Yes,One Year,No,Bank Withdrawal,81.7,1820.9,No
6630-UJZMY,Female,73,No,24492,4,Yes,14.34,Yes,Fiber Optic,14,No,No,No,No,Yes,One Year,Yes,Bank Withdrawal,83.25,308.05,No
9904-EHEVJ,Female,66,Yes,2379,32,Yes,5.73,Yes,Fiber Optic,30,No,No,Yes,No,Yes,One Year,Yes,Credit Card,91.35,2896.55,No
2826-DXLQO,Male,80,No,23141,7,No,0,Yes,DSL,13,Yes,No,No,No,Yes,One Year,No,Bank Withdrawal,29.8,220.45,No
9489-UTFKA,Male,76,No,9978,8,Yes,22.4,Yes,DSL,23,Yes,No,No,No,Yes,One Year,No,Bank Withdrawal,60.9,551.95,No
4849-PYRLQ,Female,80,No,66543,56,Yes,37.3,Yes,DSL,8,Yes,No,Yes,Yes,Yes,Two Year,No,Bank Withdrawal,73.25,4054.2,No
2858-EIMXH,Female,69,No,159,53,Yes,30.09,Yes,Fiber Optic,12,No,No,No,No,Yes,One Year,Yes,Credit Card,95.85,5016.25,No
6419-ZTTLE,Male,69,No,2873,23,Yes,45.83,No,None,0,No,No,No,No,No,One Year,Yes,Bank Withdrawal,20.75,485.2,No
8242-SOQUO,Female,73,No,24518,5,Yes,14.22,Yes,Fiber Optic,4,No,Yes,No,No,Yes,One Year,Yes,Bank Withdrawal,84.7,392.5,No
7460-ITWWP,Female,67,No,30751,45,Yes,40.85,Yes,Fiber Optic,24,No,No,Yes,No,Yes,One Year,Yes,Bank Withdrawal,86.1,3861.45,No
7868-TMWMZ,Female,69,No,19763,60,Yes,24.62,Yes,Fiber Optic,30,Yes,Yes,Yes,Yes,Yes,Two Year,Yes,Bank Withdrawal,110,6668.35,No
4829-ZLJTK,Female,80,No,3777,72,Yes,15.23,Yes,Fiber Optic,2,Yes,Yes,Yes,No,Yes,Two Year,Yes,Bank Withdrawal,112.4,8046.85,No
8883-GRDWQ,Male,68,No,781,20,Yes,22.31,Yes,DSL,21,Yes,No,No,Yes,Yes,One Year,No,Credit Card,54,1055.9,No
9845-PEEKO,Female,71,No,1007,59,Yes,6.13,Yes,Fiber Optic,2,No,Yes,No,No,Yes,Two Year,Yes,Credit Card,79.2,4590.35,No
1751-NCDLI,Male,74,No,8582,46,Yes,4.2,Yes,Fiber Optic,22,No,No,Yes,No,Yes,One Year,Yes,Bank Withdrawal,98.85,4564.9,No
2176-LVPNX,Female,69,No,561,71,Yes,37.39,Yes,DSL,22,Yes,Yes,Yes,Yes,No,Two Year,No,Credit Card,89.85,6293.45,No
3452-ABWRL,Male,70,No,40568,47,Yes,44.08,Yes,Fiber Optic,20,No,No,No,No,Yes,One Year,Yes,Credit Card,86.05,3865.6,No
1779-PWPMG,Female,73,No,7023,72,Yes,4.59,Yes,Fiber Optic,27,Yes,Yes,Yes,Yes,Yes,Two Year,Yes,Bank Withdrawal,114.65,8333.95,No
3082-WQRVY,Male,73,No,16357,14,Yes,45.76,No,None,0,No,No,No,No,No,One Year,No,Credit Card,19.65,228.65,No
2460-NGXBJ,Male,65,Yes,49657,11,Yes,28.64,Yes,Fiber Optic,22,No,No,No,No,Yes,One Year,Yes,Credit Card,75.2,775.3,No
5268-DSMNQ,Female,65,No,596,62,Yes,11.41,Yes,Fiber Optic,25,No,Yes,Yes,No,Yes,One Year,Yes,Credit Card,97.95,5936.55,No
6242-MBHPK,Female,67,No,335,23,Yes,41.88,Yes,Fiber Optic,12,Yes,No,No,No,Yes,One Year,Yes,Bank Withdrawal,95.1,2326.05,No
4782-OSFXZ,Female,72,No,22073,71,Yes,37.53,Yes,DSL,24,Yes,Yes,Yes,Yes,Yes,Two Year,Yes,Bank Withdrawal,82.7,5831.2,No
1282-IHQAC,Male,68,No,88,70,No,0,Yes,Cable,13,No,Yes,Yes,No,Yes,One Year,Yes,Credit Card,44.05,3011.65,No
1641-RQDAY,Female,77,Yes,304,32,Yes,49.21,Yes,Fiber Optic,19,No,Yes,No,No,Yes,One Year,Yes,Bank Withdrawal,100.4,3217.65,No
5461-QKNTN,Male,71,No,986,43,Yes,4.59,Yes,Fiber Optic,5,No,Yes,No,Yes,Yes,One Year,Yes,Bank Withdrawal,94.3,3953.15,No
8089-UZWLX,Female,75,No,808,71,Yes,47.86,Yes,Fiber Optic,16,No,No,Yes,No,Yes,Two Year,No,Bank Withdrawal,104.05,7413.55,No
4468-KAZHE,Female,70,No,6822,20,Yes,8.98,Yes,DSL,16,No,Yes,No,No,Yes,One Year,Yes,Bank Withdrawal,60,1259.35,No
1543-LLLFT,Male,77,No,8308,61,Yes,2.19,Yes,Fiber Optic,8,No,Yes,Yes,Yes,Yes,One Year,Yes,Credit Card,98.3,6066.55,No
6507-ZJSUR,Male,76,No,1054,23,Yes,46.82,Yes,Fiber Optic,11,No,No,No,No,No,One Year,Yes,Bank Withdrawal,90.45,2117.25,No
9220-ZNKJI,Female,67,No,1591,55,Yes,33.21,Yes,Fiber Optic,4,No,No,Yes,Yes,Yes,Two Year,No,Credit Card,88.8,4805.3,No
0723-VSOBE,Female,67,No,91,45,No,0,Yes,Cable,4,No,No,No,No,No,One Year,No,Bank Withdrawal,34.2,1596.6,No
1004-NOZNR,Male,71,Yes,4101,56,Yes,10.57,Yes,Fiber Optic,28,Yes,No,No,No,Yes,One Year,No,Credit Card,94.8,5264.3,No
1251-STYSZ,Female,66,No,175,4,Yes,8.75,Yes,Fiber Optic,4,Yes,No,No,No,No,One Year,Yes,Bank Withdrawal,80.25,303.7,No
9681-KYGYB,Male,75,No,9902,49,Yes,26,Yes,Fiber Optic,16,Yes,Yes,Yes,No,Yes,One Year,Yes,Bank Withdrawal,88.2,4159.45,No
7005-CYUIL,Female,78,No,2706,71,Yes,12.26,Yes,Fiber Optic,3,Yes,Yes,Yes,Yes,Yes,Two Year,Yes,Bank Withdrawal,99.4,7168.25,No
2388-LAESQ,Female,74,No,586,72,Yes,28.72,Yes,Fiber Optic,25,Yes,Yes,Yes,Yes,Yes,Two Year,Yes,Bank Withdrawal,114.85,8317.95,No
3108-PCCGG,Male,75,No,5995,72,Yes,16.72,Yes,Cable,9,Yes,Yes,Yes,No,Yes,Two Year,No,Credit Card,84.45,5899.85,No
6729-GDNGC,Female,71,No,309,20,Yes,21.49,Yes,Fiber Optic,4,No,No,No,No,Yes,One Year,No,Bank Withdrawal,80.7,1614.2,No
4238-HFHSN,Male,66,No,6197,61,Yes,26.55,Yes,Fiber Optic,2,No,Yes,No,No,Yes,One Year,Yes,Bank Withdrawal,82.15,4904.85,No
2692-BUCFV,Male,79,No,24738,29,Yes,6.59,Yes,Fiber Optic,21,No,Yes,Yes,No,No,One Year,Yes,Bank Withdrawal,101.45,2948.6,No
5651-WYIPH,Female,69,No,32564,18,Yes,41.13,Yes,Cable,23,No,Yes,No,No,Yes,One Year,Yes,Credit Card,49.85,865.75,No
8752-GHJFU,Male,70,No,1526,71,Yes,36.6,Yes,Fiber Optic,10,Yes,Yes,Yes,Yes,Yes,One Year,Yes,Bank Withdrawal,92,6585.2,No
6896-SRVYQ,Male,69,No,4829,44,Yes,47.06,Yes,Fiber Optic,3,No,No,Yes,No,No,One Year,No,Bank Withdrawal,73.85,3122.4,No
9052-VKDUW,Female,68,No,8577,65,Yes,15.3,Yes,Fiber Optic,29,Yes,Yes,Yes,No,Yes,One Year,Yes,Credit Card,109.4,7227.45,No
2480-EJWYP,Female,66,No,25418,58,Yes,45.37,Yes,Fiber Optic,28,No,Yes,No,No,Yes,One Year,Yes,Bank Withdrawal,97.8,5458.8,No
6806-YDEUL,Female,67,No,14966,6,Yes,2.03,No,None,0,No,No,No,No,No,Two Year,No,Bank Withdrawal,19.5,106.8,No
0222-CNVPT,Male,69,No,37031,52,No,0,Yes,DSL,19,Yes,No,No,No,Yes,Two Year,Yes,Credit Card,48.8,2555.05,No
6048-UWKAL,Female,73,No,5654,69,Yes,19.39,Yes,Fiber Optic,13,No,Yes,No,Yes,Yes,Two Year,No,Credit Card,105.4,6998.95,No
9290-SHCMB,Female,74,No,1237,13,Yes,26.68,Yes,Fiber Optic,24,No,No,Yes,No,Yes,Two Year,Yes,Bank Withdrawal,96.85,1235.55,No
2277-BKJKN,Female,70,No,632,71,Yes,22,Yes,Fiber Optic,27,No,Yes,Yes,No,Yes,Two Year,Yes,Bank Withdrawal,99.2,7213.75,No
8016-ZMGMO,Female,73,No,7503,66,Yes,44.01,Yes,Cable,17,No,Yes,Yes,No,Yes,One Year,Yes,Bank Withdrawal,70.85,4738.85,No
1728-CXQBE,Male,79,No,1454,64,Yes,23.33,Yes,Fiber Optic,29,No,Yes,Yes,No,Yes,Two Year,Yes,Bank Withdrawal,94.25,6081.4,No
0481-SUMCB,Female,74,No,2064,45,Yes,34.12,Yes,Fiber Optic,15,No,No,Yes,No,Yes,One Year,Yes,Bank Withdrawal,102.15,4735.35,No
2811-POVEX,Female,74,Yes,8695,23,Yes,2.03,Yes,Fiber Optic,53,No,Yes,Yes,No,Yes,Two Year,Yes,Bank Withdrawal,88.45,2130.55,No
7905-NJMXS,Male,68,No,4579,7,Yes,3.19,Yes,Cable,26,Yes,Yes,No,Yes,Yes,Two Year,No,Bank Withdrawal,64.2,475,No
9957-YODKZ,Male,75,No,417,6,Yes,16.87,Yes,Fiber Optic,17,No,No,Yes,No,No,Two Year,Yes,Bank Withdrawal,80.8,457.1,No
3223-DWFIO,Male,77,No,170,4,Yes,30.11,Yes,Fiber Optic,25,No,No,No,No,Yes,Two Year,No,Bank Withdrawal,69.35,261.65,No
3292-PBZEJ,Male,75,No,295,11,Yes,2.63,Yes,Fiber Optic,13,No,Yes,Yes,Yes,No,Two Year,Yes,Bank Withdrawal,111.4,1183.05,No
0993-OSGPT,Female,78,No,734,68,Yes,40.55,Yes,DSL,20,No,Yes,Yes,Yes,Yes,One Year,Yes,Bank Withdrawal,60.65,3975.9,No
7108-DGVUU,Female,73,No,386,21,Yes,30.3,Yes,DSL,18,No,Yes,Yes,No,No,One Year,No,Bank Withdrawal,71.7,1497.05,No
9906-NHHVC,Female,75,No,816,65,No,0,Yes,Cable,9,No,Yes,Yes,No,Yes,Two Year,Yes,Bank Withdrawal,53.5,3517.9,No
8152-UOBNY,Female,66,No,124,50,Yes,10.6,Yes,Fiber Optic,14,No,Yes,No,Yes,Yes,One Year,Yes,Bank Withdrawal,106.8,5347.95,No
7351-KYHQH,Female,67,No,42239,7,Yes,7.82,Yes,Cable,7,No,Yes,Yes,No,Yes,Two Year,Yes,Bank Withdrawal,64.95,493.65,No
6374-NTQLP,Male,67,Yes,734,72,Yes,16.82,Yes,Fiber Optic,25,Yes,No,Yes,Yes,No,Two Year,Yes,Credit Card,104.1,7447.7,No
6267-DCFFZ,Female,68,No,85,30,Yes,47.75,Yes,Fiber Optic,27,No,Yes,No,No,Yes,Two Year,Yes,Bank Withdrawal,90.05,2627.2,No
2439-LYPMQ,Male,79,No,481,38,Yes,4.75,Yes,Fiber Optic,24,No,Yes,Yes,No,Yes,Two Year,Yes,Bank Withdrawal,102.6,4009.2,No
7426-WEIJX,Male,71,Yes,942,60,Yes,18.23,Yes,Fiber Optic,11,Yes,No,No,No,Yes,Two Year,Yes,Bank Withdrawal,80.95,4859.1,No
3761-FLYZI,Female,69,No,101215,65,Yes,48.53,Yes,Fiber Optic,9,No,Yes,Yes,No,Yes,Two Year,Yes,Bank Withdrawal,108.8,7082.45,No
1060-ENTOF,Female,70,No,30568,67,Yes,2.67,Yes,Fiber Optic,25,Yes,Yes,Yes,Yes,Yes,One Year,Yes,Credit Card,105.4,7035.6,No
0999-QXNSA,Male,72,Yes,41713,7,Yes,41.14,Yes,DSL,17,No,No,No,No,Yes,Two Year,Yes,Credit Card,45.75,344.2,No
9365-SRSZE,Male,71,No,32901,27,Yes,30.49,Yes,Fiber Optic,16,No,No,No,No,Yes,Two Year,Yes,Bank Withdrawal,70.55,1943.9,No
4918-FYJNT,Female,68,No,55668,55,Yes,22.74,Yes,Fiber Optic,21,No,Yes,Yes,Yes,Yes,Two Year,No,Bank Withdrawal,90.45,5044.8,No
4854-CIDCF,Female,74,No,47534,3,Yes,46.65,Yes,Fiber Optic,25,No,No,Yes,No,Yes,Two Year,No,Bank Withdrawal,73.85,196.4,No
3280-MRDOF,Male,69,No,2527,30,Yes,19.92,Yes,DSL,30,No,No,Yes,Yes,Yes,Two Year,Yes,Credit Card,69.1,2093.9,No
6407-UTSLV,Female,76,No,29825,2,Yes,32.98,Yes,Fiber Optic,14,No,Yes,No,No,Yes,Two Year,Yes,Bank Withdrawal,83.8,163.7,No
5935-FCCNB,Female,79,No,42459,17,Yes,32.19,Yes,Fiber Optic,11,No,No,No,No,Yes,Two Year,Yes,Bank Withdrawal,94.2,1608.15,No
9705-IOVQQ,Male,80,Yes,78114,61,Yes,4.51,Yes,Fiber Optic,22,No,Yes,No,No,Yes,One Year,No,Bank Withdrawal,99,5969.3,No
1320-REHCS,Male,75,No,37527,52,Yes,23.04,Yes,Fiber Optic,25,No,Yes,Yes,Yes,Yes,Two Year,Yes,Bank Withdrawal,110.75,5832,No
2057-BOYKM,Female,70,No,13779,72,Yes,28.09,Yes,Fiber Optic,20,Yes,Yes,Yes,Yes,Yes,Two Year,Yes,Bank Withdrawal,96.6,6827.5,No
0134-XWXCE,Female,76,No,23559,44,Yes,7.72,Yes,DSL,17,No,No,Yes,Yes,Yes,One Year,No,Bank Withdrawal,74.85,3268.05,No
2307-FYNNL,Male,67,No,47568,65,Yes,4.4,Yes,Fiber Optic,10,Yes,No,Yes,Yes,Yes,Two Year,Yes,Bank Withdrawal,109.05,7108.2,No
5605-XNWEN,Male,77,No,62425,72,Yes,28.99,No,None,0,No,No,No,No,No,Two Year,Yes,Bank Withdrawal,25,1802.55,No
2519-LBNQL,Male,80,No,16398,60,Yes,22.95,Yes,Fiber Optic,15,No,Yes,Yes,No,Yes,One Year,Yes,Bank Withdrawal,104.35,6339.45,No
8623-ULFNQ,Female,79,No,51556,26,Yes,12.09,Yes,DSL,15,No,No,No,Yes,Yes,Two Year,Yes,Bank Withdrawal,66.05,1652.4,No
7789-HKSBS,Female,79,No,27563,42,Yes,35.38,Yes,Fiber Optic,7,Yes,No,Yes,No,Yes,One Year,Yes,Bank Withdrawal,105.2,4599.15,No
2070-XYMFH,Female,66,No,38902,23,Yes,8.72,Yes,Fiber Optic,18,No,No,Yes,No,Yes,Two Year,Yes,Credit Card,79.35,1835.3,No
5663-QBGIS,Male,65,No,20200,72,Yes,44.61,Yes,Fiber Optic,30,No,Yes,No,No,Yes,Two Year,No,Bank Withdrawal,98.35,6929.4,No
3402-XRIUO,Female,73,No,23981,22,Yes,17.22,Yes,DSL,25,Yes,Yes,No,Yes,Yes,Two Year,Yes,Credit Card,63.55,1381.8,No
8058-DMYRU,Male,69,No,16910,54,Yes,18.58,Yes,Fiber Optic,14,No,Yes,No,No,Yes,Two Year,Yes,Bank Withdrawal,90.05,4931.8,No
3537-RYBHH,Female,78,No,25751,47,Yes,46.77,Yes,DSL,24,Yes,Yes,Yes,No,Yes,Two Year,Yes,Credit Card,67.45,3252,No
0523-VNGTF,Female,78,No,46639,52,No,0,Yes,DSL,23,No,Yes,Yes,Yes,Yes,Two Year,Yes,Bank Withdrawal,50.5,2566.3,No
7105-MXJLL,Female,76,No,24977,26,Yes,17.12,Yes,Cable,17,No,No,Yes,No,Yes,One Year,No,Credit Card,60.7,1597.4,No
7064-FRRSW,Male,71,No,27424,48,Yes,5.87,Yes,Fiber Optic,2,No,Yes,No,No,Yes,One Year,Yes,Bank Withdrawal,99,4744.35,No
1636-NTNCO,Male,72,No,27453,4,No,0,Yes,DSL,10,No,Yes,No,No,Yes,Two Year,Yes,Credit Card,50.95,207.35,No
3219-JQRSL,Female,70,No,26933,72,Yes,24.44,Yes,DSL,13,Yes,Yes,Yes,Yes,Yes,Two Year,No,Credit Card,89.1,6352.4,No
1845-CSBRZ,Female,71,Yes,69974,22,Yes,40.19,Yes,Fiber Optic,27,No,No,No,No,Yes,Two Year,No,Bank Withdrawal,85.35,1961.6,No
3723-BFBGR,Male,74,No,2863,24,Yes,8.66,Yes,Cable,27,No,Yes,No,No,No,Two Year,No,Credit Card,54.8,1291.3,No
5692-ICXLW,Male,75,No,48690,31,Yes,46.71,Yes,Fiber Optic,24,No,Yes,No,No,No,Two Year,Yes,Bank Withdrawal,90.7,2845.15,No
7020-OZKXZ,Female,65,No,44692,9,Yes,24.96,Yes,Fiber Optic,9,No,No,Yes,No,Yes,Two Year,No,Credit Card,75.5,637.4,No
0308-GIQJT,Male,80,No,74232,71,Yes,6.1,Yes,Fiber Optic,9,No,Yes,No,Yes,Yes,One Year,No,Bank Withdrawal,105.75,7382.85,No
8775-ERLNB,Male,76,No,2743,1,Yes,17.84,Yes,Fiber Optic,20,No,No,No,No,Yes,Two Year,No,Bank Withdrawal,74.3,74.3,No
8309-IEYJD,Female,73,No,3873,1,Yes,32.61,Yes,Fiber Optic,27,No,No,No,No,No,Two Year,Yes,Credit Card,70.6,70.6,No
7361-YPXFS,Female,67,No,23394,28,Yes,12.72,Yes,Cable,23,No,Yes,Yes,Yes,Yes,Two Year,No,Bank Withdrawal,64.45,1867.6,No
6557-BZXLQ,Male,66,No,2355,16,Yes,22.9,Yes,Fiber Optic,24,No,No,No,No,Yes,Two Year,No,Bank Withdrawal,69.65,1043.3,No
4832-VRBMR,Male,65,No,131,65,Yes,16.65,Yes,Fiber Optic,5,No,Yes,Yes,No,Yes,One Year,Yes,Bank Withdrawal,103.15,6792.45,No
7901-TBKJX,Male,76,No,14104,56,Yes,5.19,Yes,Fiber Optic,16,No,No,Yes,No,No,Two Year,Yes,Bank Withdrawal,101.05,5594,No
9919-FZDED,Male,79,No,20486,72,Yes,17.3,Yes,DSL,23,Yes,Yes,Yes,No,Yes,Two Year,Yes,Credit Card,84.1,5981.65,No
7206-PQBBZ,Male,76,No,54586,11,Yes,24.42,Yes,Fiber Optic,29,No,No,No,No,Yes,Two Year,Yes,Bank Withdrawal,70.2,834.7,No
4079-VTGLK,Male,77,No,18999,30,Yes,40.5,Yes,DSL,8,No,No,Yes,No,Yes,Two Year,No,Bank Withdrawal,74.85,2181.75,No
2931-VUVJN,Female,71,No,36149,59,Yes,19.14,Yes,Fiber Optic,13,Yes,Yes,Yes,Yes,No,One Year,Yes,Bank Withdrawal,94.05,5483.9,No
2878-RMWXY,Male,75,No,3070,72,Yes,28.5,Yes,Fiber Optic,5,Yes,Yes,Yes,No,Yes,Two Year,Yes,Credit Card,102.65,7550.3,No
7375-WMVMT,Male,75,No,19368,71,Yes,1.23,Yes,Fiber Optic,9,No,Yes,Yes,Yes,Yes,Two Year,Yes,Credit Card,95.5,6707.15,No
7622-FWGEW,Male,71,No,48207,56,Yes,31.68,Yes,DSL,30,Yes,Yes,Yes,Yes,Yes,Two Year,Yes,Bank Withdrawal,85.65,4824.45,No
0380-NEAVX,Male,72,No,28687,34,Yes,35,Yes,Fiber Optic,12,No,Yes,Yes,No,Yes,One Year,Yes,Bank Withdrawal,99.85,3343.15,No
8495-LJDFO,Female,76,No,42193,64,Yes,22.86,Yes,Fiber Optic,24,Yes,No,Yes,Yes,Yes,Two Year,Yes,Bank Withdrawal,108.95,7111.3,No
1302-UHBDD,Male,70,No,350,20,Yes,48.46,Yes,Fiber Optic,23,No,No,No,No,Yes,Two Year,No,Bank Withdrawal,89.95,1648.45,No
3597-YASZG,Female,73,No,17494,70,Yes,39.34,Yes,Fiber Optic,13,No,Yes,No,Yes,Yes,Two Year,Yes,Bank Withdrawal,104.45,7349.35,No
3420-ZDBMA,Male,78,No,34055,5,Yes,17.13,Yes,Fiber Optic,9,No,No,No,No,Yes,Two Year,Yes,Credit Card,71.45,371.6,No
3398-GCPMU,Female,74,No,46105,72,Yes,5.77,Yes,DSL,24,Yes,Yes,Yes,Yes,Yes,Two Year,Yes,Credit Card,89.55,6448.85,No
1013-QCWAM,Female,73,No,31428,66,Yes,28.06,Yes,Fiber Optic,20,No,Yes,No,No,Yes,Two Year,Yes,Bank Withdrawal,100.8,6690.75,No
0336-PIKEI,Male,69,No,37916,72,Yes,5.27,Yes,DSL,9,Yes,Yes,Yes,Yes,No,Two Year,No,Bank Withdrawal,74.4,5360.75,No
7322-OCWHC,Male,73,No,48170,72,Yes,1.34,Yes,Fiber Optic,30,Yes,Yes,Yes,Yes,Yes,Two Year,Yes,Bank Withdrawal,93.05,6735.05,No
5732-IKGQH,Male,79,No,24945,52,Yes,39,Yes,Fiber Optic,11,Yes,No,Yes,Yes,Yes,One Year,Yes,Bank Withdrawal,104.45,5481.25,No
0093-EXYQL,Female,72,No,21633,40,Yes,44.14,Yes,Fiber Optic,23,No,No,No,No,Yes,Two Year,Yes,Bank Withdrawal,91.55,3673.6,No
9168-INPSZ,Female,75,No,25634,44,Yes,20.83,Yes,Fiber Optic,9,No,No,Yes,Yes,Yes,Two Year,No,Bank Withdrawal,104.15,4495.65,No
0015-UOCOJ,Female,68,No,49027,7,Yes,10.53,Yes,DSL,21,Yes,No,No,No,Yes,Two Year,Yes,Bank Withdrawal,48.2,340.35,No
5334-AFQJB,Male,66,No,64802,72,Yes,2.37,No,None,0,No,No,No,No,No,Two Year,Yes,Credit Card,25.1,1789.9,No
2754-SDJRD,Female,74,No,2966,8,Yes,39.86,Yes,Fiber Optic,23,No,No,No,Yes,Yes,Two Year,Yes,Credit Card,100.15,908.55,No
1465-LNTLJ,Male,78,No,10986,8,Yes,25.57,Yes,Cable,12,No,No,Yes,Yes,Yes,Two Year,Yes,Credit Card,64.4,581.7,No
4706-DGAHW,Male,73,No,226,1,Yes,49.34,Yes,DSL,15,No,No,No,No,Yes,Two Year,No,Bank Withdrawal,45.2,45.2,No
8552-OBVRU,Female,79,Yes,4517,48,Yes,13.4,Yes,Fiber Optic,75,Yes,No,Yes,Yes,Yes,Two Year,Yes,Bank Withdrawal,104.5,5068.05,No
9776-OJUZI,Female,69,No,2502,65,Yes,32.41,Yes,Fiber Optic,21,No,Yes,Yes,No,Yes,Two Year,Yes,Bank Withdrawal,95.45,6223.3,No
0869-PAPRP,Female,68,No,4198,26,Yes,46.24,Yes,Fiber Optic,4,No,No,Yes,No,Yes,Two Year,Yes,Credit Card,85.7,2067,No
4238-JSSWH,Female,70,No,65566,35,Yes,45.13,Yes,Fiber Optic,10,No,No,Yes,No,Yes,Two Year,No,Bank Withdrawal,102.05,3452.55,No
9121-PHQSR,Male,69,No,1729,16,Yes,48.41,Yes,Fiber Optic,6,No,No,No,No,Yes,Two Year,Yes,Credit Card,85.05,1391.15,No
9796-MVYXX,Female,75,No,1935,14,No,0,Yes,DSL,24,Yes,No,Yes,Yes,Yes,Two Year,No,Credit Card,39.7,692.35,No
7268-IGMFD,Male,75,No,812,18,Yes,1.92,Yes,Fiber Optic,25,No,No,Yes,Yes,Yes,Two Year,No,Bank Withdrawal,93.9,1743.9,No
0013-SMEOE,Female,67,No,6165,71,Yes,9.96,Yes,Fiber Optic,14,Yes,Yes,Yes,Yes,Yes,Two Year,Yes,Bank Withdrawal,109.7,7904.25,No
2573-GYRUU,Male,65,No,2666,48,Yes,25.19,Yes,Fiber Optic,22,No,No,Yes,No,Yes,Two Year,Yes,Credit Card,91.05,4370.75,No
6486-LHTMA,Female,67,No,8316,31,Yes,44.26,Yes,Fiber Optic,22,No,No,Yes,No,Yes,One Year,Yes,Bank Withdrawal,90.7,2835.5,No
4083-BFNYK,Female,74,No,7831,38,Yes,49.82,Yes,Fiber Optic,27,Yes,Yes,No,No,No,One Year,No,Credit Card,95,3591.25,No
1089-HDMKP,Male,72,Yes,826,11,Yes,11.86,Yes,Cable,23,No,Yes,No,Yes,Yes,Two Year,Yes,Bank Withdrawal,54.55,601.25,No
0141-YEAYS,Female,77,No,42239,27,Yes,2.97,Yes,Fiber Optic,4,No,Yes,Yes,No,Yes,Two Year,Yes,Bank Withdrawal,86.45,2401.05,No
9603-OAIHC,Male,72,No,34045,1,Yes,2.97,Yes,Fiber Optic,5,No,No,No,No,Yes,Two Year,Yes,Bank Withdrawal,70.05,70.05,No
8406-LNMHF,Male,75,No,46171,59,Yes,4.21,Yes,Fiber Optic,21,Yes,Yes,Yes,No,Yes,One Year,Yes,Credit Card,82.95,4903.15,No
0023-UYUPN,Female,79,No,1968,50,Yes,31.43,No,None,0,No,No,No,No,No,One Year,No,Bank Withdrawal,25.2,1306.3,No
6360-SVNWV,Female,72,No,273,31,Yes,47.48,Yes,Fiber Optic,8,Yes,No,No,No,Yes,Two Year,Yes,Credit Card,73.55,2094.65,No
9050-IKDZA,Female,66,No,46858,2,Yes,24.95,Yes,Fiber Optic,22,No,No,No,No,Yes,Two Year,No,Credit Card,81.5,162.55,No
1197-BVMVG,Female,65,No,1125,4,Yes,4.29,Yes,Fiber Optic,7,No,No,No,No,Yes,Two Year,Yes,Bank Withdrawal,74.45,294.45,No
5198-EFNBM,Male,66,No,14088,57,Yes,46.62,Yes,Fiber Optic,4,No,Yes,Yes,No,Yes,One Year,Yes,Bank Withdrawal,90.65,5199.8,No
7516-GMHUV,Male,77,No,52,50,Yes,40.9,Yes,Fiber Optic,8,Yes,No,Yes,No,Yes,Two Year,Yes,Credit Card,105.05,5163.3,No
6614-YWYSC,Male,68,No,306,61,Yes,19.14,No,None,0,No,No,No,No,No,Two Year,No,Bank Withdrawal,25,1501.75,No
8735-SDUFN,Female,65,No,13027,72,Yes,8.68,No,None,0,No,No,No,No,No,Two Year,No,Bank Withdrawal,24.3,1778.7,No
7016-NVRIC,Male,73,No,1140,29,Yes,32.03,Yes,Fiber Optic,16,Yes,No,Yes,No,Yes,One Year,No,Bank Withdrawal,90.1,2656.7,No
9825-YCXWZ,Female,69,No,148,41,Yes,14.61,Yes,Fiber Optic,9,No,No,Yes,Yes,Yes,One Year,Yes,Bank Withdrawal,101.1,4016.2,No
2000-DHJUY,Female,67,No,39062,70,Yes,18.67,Yes,DSL,21,Yes,Yes,Yes,Yes,Yes,Two Year,Yes,Bank Withdrawal,92.2,6474.45,No
9796-BPKIW,Male,67,No,32368,8,Yes,42.53,Yes,Fiber Optic,6,No,No,No,No,Yes,Two Year,Yes,Credit Card,69.95,562.7,No
9137-NOQKA,Male,80,No,60599,2,Yes,7.03,No,None,0,No,No,No,No,No,Two Year,No,Bank Withdrawal,19.2,37.2,No
7748-UMTRK,Female,80,Yes,26297,30,Yes,37.42,Yes,Fiber Optic,17,No,No,No,Yes,Yes,Two Year,Yes,Bank Withdrawal,101.3,2974.5,No
6463-MVYRY,Female,67,No,16198,57,Yes,11.23,Yes,DSL,30,Yes,No,Yes,Yes,Yes,Two Year,No,Bank Withdrawal,69.85,4003,No
4526-ZJJTM,Female,72,No,37926,25,Yes,19.44,Yes,Fiber Optic,4,No,Yes,Yes,No,Yes,Two Year,No,Bank Withdrawal,88.4,2191.15,No
5315-CKEQK,Male,73,Yes,41698,28,Yes,4.71,Yes,DSL,21,No,No,No,No,No,One Year,Yes,Bank Withdrawal,51,1381.8,No
0907-HQNTS,Female,74,No,78816,70,Yes,46.2,Yes,Fiber Optic,14,Yes,Yes,Yes,Yes,Yes,Two Year,Yes,Credit Card,113,7987.6,No
8250-ZNGGW,Female,79,No,5246,5,Yes,43.99,Yes,DSL,27,Yes,Yes,No,Yes,No,Two Year,No,Credit Card,59.9,287.85,No
8166-ORCHU,Male,73,No,42854,33,Yes,44.54,Yes,Fiber Optic,18,Yes,Yes,No,Yes,Yes,One Year,Yes,Bank Withdrawal,93.55,3055.5,No
1855-CFULU,Female,65,No,24518,4,Yes,41.98,No,None,0,No,No,No,No,No,Two Year,No,Credit Card,20.05,91.45,No
8628-MFKAX,Female,79,No,55720,72,Yes,14.75,Yes,Fiber Optic,16,Yes,Yes,Yes,Yes,Yes,Two Year,Yes,Credit Card,116.75,8277.05,No
9508-ILZDG,Female,79,No,330,34,Yes,14.23,Yes,Fiber Optic,13,No,Yes,No,Yes,Yes,Two Year,Yes,Bank Withdrawal,96.35,3190.25,No
6128-AQBMT,Male,65,No,607,41,No,0,Yes,Cable,9,No,Yes,Yes,No,Yes,Two Year,Yes,Bank Withdrawal,53.95,2215.4,No
4295-YURET,Female,78,Yes,6448,56,Yes,5.93,Yes,DSL,19,Yes,No,No,Yes,No,Two Year,Yes,Credit Card,72.6,4084.35,No
7693-QPEFS,Male,75,No,857,52,Yes,42.19,Yes,Fiber Optic,11,No,No,No,No,Yes,Two Year,Yes,Bank Withdrawal,72.95,3829.75,No
0924-BJCRC,Female,70,No,8728,60,Yes,24.68,Yes,Fiber Optic,19,No,Yes,No,No,No,Two Year,No,Bank Withdrawal,89.45,5294.6,No
5533-NHFRF,Male,75,No,40568,7,No,0,Yes,DSL,26,No,Yes,No,Yes,Yes,Two Year,Yes,Bank Withdrawal,44.4,265.8,No
4360-QRAVE,Male,75,No,596,37,No,0,Yes,DSL,29,No,Yes,Yes,No,Yes,Two Year,No,Bank Withdrawal,36.65,1315,No
8433-WPJTV,Female,76,Yes,5094,65,Yes,1.58,Yes,Fiber Optic,27,No,No,Yes,Yes,Yes,One Year,Yes,Bank Withdrawal,103.9,6767.1,No
5387-ASZNZ,Female,72,No,55,66,Yes,36.48,Yes,DSL,5,Yes,Yes,No,Yes,Yes,One Year,Yes,Credit Card,63.85,4174.35,No
2277-DJJDL,Male,69,No,1749,60,Yes,10.4,Yes,Fiber Optic,5,No,No,No,Yes,No,Two Year,Yes,Bank Withdrawal,99,6017.9,No
6963-EZQEE,Male,69,No,433,70,Yes,40.94,Yes,DSL,8,Yes,Yes,Yes,Yes,Yes,Two Year,Yes,Credit Card,88.55,6306.5,No
2452-KDRRH,Male,76,No,1278,67,Yes,38.85,Yes,Fiber Optic,19,No,No,Yes,No,Yes,Two Year,Yes,Credit Card,101.4,6841.05,No
5248-RPYWW,Female,78,Yes,24708,72,Yes,9.88,Yes,Cable,16,Yes,Yes,Yes,Yes,Yes,Two Year,Yes,Bank Withdrawal,90.15,6716.45,No
7923-IYJWY,Male,68,No,4848,67,Yes,44.56,Yes,Fiber Optic,29,Yes,Yes,Yes,Yes,No,Two Year,Yes,Credit Card,116.1,7839.85,No
1658-TJVOA,Female,65,No,1575,6,Yes,12.67,Yes,Fiber Optic,20,Yes,No,No,No,Yes,Two Year,Yes,Bank Withdrawal,74.1,450.9,No
0674-DGMAQ,Male,78,No,383,32,Yes,43.54,Yes,Fiber Optic,3,No,Yes,Yes,No,Yes,Two Year,Yes,Bank Withdrawal,93.5,2970.8,No
2761-XECQW,Male,67,No,175,8,No,0,Yes,Cable,27,No,Yes,Yes,No,Yes,Two Year,Yes,Credit Card,43.35,371.4,No
8059-UDZFY,Female,73,Yes,3002,33,Yes,12.75,Yes,Fiber Optic,19,No,Yes,Yes,No,Yes,Two Year,Yes,Bank Withdrawal,105.35,3465.05,No
7740-BTPUX,Male,72,No,586,55,Yes,12.91,Yes,Fiber Optic,21,No,Yes,Yes,Yes,Yes,Two Year,Yes,Bank Withdrawal,113.6,6292.7,No
8648-PFRMP,Female,71,No,2965,14,No,0,Yes,Cable,5,No,No,No,No,Yes,Two Year,Yes,Bank Withdrawal,46.35,672.7,No
8996-ZROXE,Male,78,No,867,57,Yes,28.44,Yes,DSL,24,No,No,Yes,Yes,Yes,One Year,Yes,Bank Withdrawal,53.5,3035.8,No
2207-QPJED,Female,66,No,202,37,Yes,15.6,Yes,Fiber Optic,19,No,No,Yes,Yes,Yes,Two Year,No,Bank Withdrawal,90,3371.75,No
0516-QREYC,Female,78,No,262,24,Yes,18.39,No,None,0,No,No,No,No,No,Two Year,Yes,Credit Card,20.3,459.95,No
3865-QBWSJ,Male,76,Yes,699,38,Yes,45.13,Yes,Fiber Optic,27,Yes,No,No,No,Yes,Two Year,Yes,Credit Card,80.45,3162.65,No
5857-TYBCJ,Male,72,No,18529,44,Yes,14.65,Yes,Fiber Optic,30,No,No,Yes,No,Yes,Two Year,Yes,Bank Withdrawal,89.2,4040.2,No
4176-RELJR,Male,73,No,171,67,Yes,14.69,No,None,0,No,No,No,No,No,Two Year,No,Credit Card,25.1,1672.15,No
7924-GJZFI,Female,75,No,6202,25,Yes,38.59,Yes,Fiber Optic,24,No,No,No,No,Yes,Two Year,Yes,Bank Withdrawal,69.3,1813.1,No
5897-ZYEKH,Female,74,No,15286,67,Yes,11.91,Yes,Fiber Optic,10,Yes,Yes,No,No,Yes,One Year,Yes,Bank Withdrawal,105.6,7112.15,No
5456-ITGIC,Male,76,No,11191,72,No,0,Yes,DSL,9,Yes,Yes,Yes,Yes,Yes,Two Year,Yes,Credit Card,64.45,4641.1,No
8070-AAWZP,Male,68,No,1219,24,No,0,Yes,Cable,28,No,No,Yes,Yes,Yes,Two Year,No,Credit Card,34.25,828.2,No
6860-YRJZP,Male,66,No,37031,9,Yes,39.77,Yes,Fiber Optic,25,No,No,No,No,Yes,Two Year,Yes,Bank Withdrawal,74.05,678.45,No
9391-DXGGG,Female,70,No,9063,44,Yes,35.39,Yes,Fiber Optic,19,No,Yes,Yes,No,Yes,One Year,No,Credit Card,89.15,3990.75,No
9844-FELAJ,Female,65,Yes,31422,70,Yes,9.4,Yes,Fiber Optic,17,No,Yes,Yes,Yes,No,One Year,Yes,Bank Withdrawal,107.9,7475.85,No
8395-ETZKQ,Male,73,Yes,20993,68,Yes,35.14,No,None,0,No,No,No,No,No,One Year,No,Bank Withdrawal,19.5,1193.55,No
8336-TAVKX,Female,68,No,1279,72,Yes,15.82,Yes,DSL,13,Yes,Yes,Yes,Yes,Yes,Two Year,No,Bank Withdrawal,78.45,5682.25,No
0581-BXBUB,Female,76,No,9752,4,Yes,35.67,Yes,Fiber Optic,8,No,Yes,No,No,Yes,Two Year,No,Bank Withdrawal,72.75,317.75,No
5150-ITWWB,Male,65,No,1931,3,Yes,37.78,Yes,Fiber Optic,28,No,No,No,No,Yes,Two Year,Yes,Bank Withdrawal,94.85,335.75,No
9281-OFDMF,Male,76,No,301,39,Yes,20.06,Yes,Fiber Optic,3,No,Yes,No,No,Yes,Two Year,No,Bank Withdrawal,90.7,3413.25,No
7636-OWBPG,Male,79,No,31586,12,No,0,Yes,DSL,4,No,Yes,No,No,Yes,Two Year,Yes,Credit Card,29.35,381.2,No
0549-CYCQN,Male,69,No,84,51,Yes,24.92,Yes,Fiber Optic,11,No,Yes,No,No,Yes,One Year,Yes,Bank Withdrawal,79.6,3974.7,No
0928-JMXNP,Male,78,No,3756,4,No,0,Yes,DSL,5,No,No,Yes,No,Yes,Two Year,Yes,Bank Withdrawal,29.9,118.25,No
3629-ZNKXA,Male,77,No,332,17,Yes,17.26,Yes,Fiber Optic,25,No,Yes,Yes,No,No,Two Year,Yes,Bank Withdrawal,101.8,1752.45,No
4827-LTQRJ,Female,70,Yes,528,66,Yes,44.38,Yes,Fiber Optic,28,Yes,Yes,No,Yes,Yes,One Year,Yes,Credit Card,110.6,7210.85,No
0136-IFMYD,Male,71,No,54492,69,Yes,18.41,Yes,Fiber Optic,17,No,Yes,Yes,Yes,Yes,Two Year,Yes,Bank Withdrawal,109.95,7634.25,No
5144-TVGLP,Male,68,No,44586,38,Yes,46.96,Yes,Fiber Optic,13,No,No,No,No,Yes,Two Year,No,Bank Withdrawal,94.75,3653,No
9659-ZTWSM,Male,71,No,9732,66,Yes,7.86,Yes,Fiber Optic,26,No,Yes,Yes,Yes,Yes,One Year,Yes,Bank Withdrawal,107.35,7051.95,No
2195-VVRJF,Male,74,No,47143,18,Yes,5.73,Yes,DSL,13,Yes,No,No,No,Yes,Two Year,Yes,Credit Card,59.1,1011.05,No
1125-SNVCK,Female,78,No,9805,49,Yes,35.65,Yes,DSL,3,No,No,No,No,Yes,Two Year,No,Credit Card,43.8,2106.05,No
2545-EBUPK,Female,70,No,39334,2,Yes,21.9,Yes,Fiber Optic,22,No,No,No,No,Yes,Two Year,Yes,Bank Withdrawal,84.05,186.05,No
2172-EJXVF,Female,65,No,47107,71,Yes,25.61,Yes,Fiber Optic,23,No,Yes,Yes,No,No,One Year,Yes,Bank Withdrawal,105.9,7521.95,No
8659-HDIYE,Female,68,No,2527,64,Yes,27.7,Yes,DSL,21,No,Yes,Yes,Yes,Yes,Two Year,No,Credit Card,74.65,4869.35,No
4680-KUTAJ,Female,73,No,11355,11,Yes,2.81,Yes,DSL,3,Yes,No,No,No,Yes,Two Year,Yes,Bank Withdrawal,55.6,580.8,No
2883-ILGWO,Male,68,No,29825,57,Yes,32.12,Yes,Fiber Optic,15,No,Yes,No,Yes,No,Two Year,Yes,Bank Withdrawal,104.9,5913.95,No
1167-OYZJF,Female,65,No,11509,67,Yes,49.94,No,None,0,No,No,No,No,No,Two Year,Yes,Bank Withdrawal,20.05,1263.05,No
4806-DXQCE,Female,77,No,19975,70,Yes,35.39,Yes,Fiber Optic,25,Yes,Yes,Yes,Yes,Yes,Two Year,Yes,Bank Withdrawal,113.65,7714.65,No
5996-NRVXR,Male,68,No,21343,40,Yes,15.15,Yes,Fiber Optic,18,Yes,Yes,Yes,Yes,Yes,One Year,Yes,Credit Card,98.15,4116.8,No
0100-DUVFC,Male,66,No,53323,70,Yes,39.49,Yes,Fiber Optic,28,No,Yes,Yes,No,Yes,One Year,Yes,Bank Withdrawal,104.8,7308.95,No
5397-TUPSH,Male,76,No,55486,65,Yes,28.68,Yes,Fiber Optic,20,No,No,No,No,Yes,One Year,Yes,Bank Withdrawal,70.95,4555.2,No
6773-LQTVT,Female,67,Yes,31352,29,No,0,Yes,DSL,20,No,Yes,Yes,No,Yes,Two Year,Yes,Credit Card,35.65,1025.15,No
9402-ORRAH,Female,80,No,20200,15,Yes,39.57,Yes,Fiber Optic,16,No,No,No,No,Yes,Two Year,Yes,Bank Withdrawal,91.5,1400.3,No
4840-ORQXB,Female,67,No,10558,56,Yes,27.64,Yes,Fiber Optic,7,No,Yes,Yes,No,Yes,Two Year,No,Bank Withdrawal,104.75,5841.35,No
3982-DQLUS,Male,78,Yes,18752,65,Yes,9.68,Yes,Fiber Optic,23,Yes,Yes,No,No,Yes,Two Year,Yes,Bank Withdrawal,85.75,5688.45,No
3756-VNWDH,Male,66,No,16812,65,Yes,32.08,Yes,Fiber Optic,8,Yes,No,No,No,Yes,One Year,Yes,Bank Withdrawal,100.75,6674.65,No
2921-XWDJH,Female,76,No,21990,38,Yes,3.42,Yes,Fiber Optic,15,Yes,No,No,No,Yes,Two Year,Yes,Bank Withdrawal,83.45,3147.15,No
9799-CAYJJ,Female,79,No,23637,2,Yes,32.62,Yes,Fiber Optic,2,No,No,No,No,Yes,Two Year,Yes,Bank Withdrawal,69.3,153.8,No
6814-ZPWFQ,Male,67,No,40077,51,Yes,3.11,No,None,0,No,No,No,No,No,One Year,No,Bank Withdrawal,25,1260.7,No
5019-GQVCR,Male,74,No,18735,43,Yes,8.81,Yes,Fiber Optic,7,No,No,No,No,Yes,Two Year,Yes,Bank Withdrawal,84.85,3645.6,No
2880-FPNAE,Male,69,No,51348,2,Yes,7.29,Yes,Fiber Optic,14,No,No,Yes,No,Yes,Two Year,Yes,Bank Withdrawal,74.2,140.1,No
1568-BEKZM,Male,65,No,76890,70,Yes,12.07,Yes,DSL,17,Yes,Yes,Yes,Yes,Yes,Two Year,No,Credit Card,90.05,6333.4,No
2045-BMBTJ,Female,80,No,45645,33,No,0,Yes,DSL,16,Yes,Yes,Yes,No,Yes,Two Year,Yes,Bank Withdrawal,59.45,1884.65,No
6741-EGCBI,Male,69,No,53686,30,Yes,4.04,Yes,Fiber Optic,14,Yes,No,No,No,Yes,Two Year,Yes,Credit Card,90.5,2595.85,No
1730-ZMAME,Female,74,No,54254,32,Yes,48.62,Yes,Fiber Optic,12,No,No,No,No,Yes,Two Year,Yes,Bank Withdrawal,79.5,2665,No
5913-INRQV,Male,71,No,48827,34,Yes,26.49,Yes,Fiber Optic,18,Yes,No,No,Yes,Yes,One Year,No,Credit Card,90.15,3128.8,No
6185-TASNN,Male,71,No,12884,1,Yes,11.51,Yes,DSL,21,No,No,No,No,Yes,Two Year,No,Bank Withdrawal,46.3,46.3,No
1925-LFCZZ,Male,71,No,905,55,No,0,Yes,DSL,23,No,No,Yes,No,Yes,One Year,Yes,Bank Withdrawal,50.05,2743.45,No
8707-RMEZH,Female,67,No,91,69,Yes,34.55,Yes,Fiber Optic,19,Yes,Yes,No,No,Yes,One Year,No,Credit Card,87.3,6055.55,No
9373-WSLOY,Male,80,No,35582,33,No,0,Yes,DSL,4,No,Yes,Yes,Yes,Yes,Two Year,Yes,Bank Withdrawal,50,1750.85,No
9819-FBNSV,Male,75,No,40995,37,Yes,23.54,Yes,Fiber Optic,7,No,No,No,No,Yes,Two Year,Yes,Bank Withdrawal,72.25,2575.45,No
9544-PYPSJ,Female,67,Yes,55277,62,Yes,45.76,Yes,Fiber Optic,12,No,Yes,Yes,No,No,Two Year,Yes,Credit Card,96.1,6019.35,No
3878-AVSOQ,Female,68,No,42617,1,Yes,17.6,Yes,Fiber Optic,2,No,No,No,No,No,Two Year,Yes,Bank Withdrawal,71.25,71.25,No
3258-SYSWS,Male,75,No,42277,72,Yes,24.67,Yes,Fiber Optic,26,Yes,Yes,Yes,Yes,Yes,Two Year,No,Bank Withdrawal,113.8,7845.8,No
0512-FLFDW,Female,74,No,234,60,Yes,27.68,Yes,Fiber Optic,26,No,No,Yes,No,Yes,One Year,Yes,Credit Card,100.5,6029,No
2107-FBPTK,Female,80,No,33104,30,Yes,41.93,Yes,Fiber Optic,21,No,Yes,Yes,No,Yes,Two Year,Yes,Bank Withdrawal,104.1,3121.1,No
1016-DJTSV,Male,66,No,53510,8,Yes,41.85,Yes,Fiber Optic,5,No,No,No,No,Yes,Two Year,Yes,Bank Withdrawal,69.7,572.85,No
5699-BNCAS,Male,79,No,14575,71,Yes,4.75,No,None,0,No,No,No,No,No,Two Year,Yes,Credit Card,24.65,1766.75,No
2900-PHPLN,Female,73,No,62036,70,Yes,15.9,No,None,0,No,No,No,No,No,Two Year,Yes,Credit Card,19.55,1462.05,No
4039-PIMHX,Male,74,No,47140,49,Yes,1.67,Yes,DSL,15,No,Yes,No,No,Yes,Two Year,No,Credit Card,49.8,2398.4,No
7826-VVKWT,Female,69,Yes,66838,24,Yes,20.78,Yes,Fiber Optic,23,No,No,Yes,No,Yes,Two Year,Yes,Bank Withdrawal,96.55,2263.45,No
5288-AHOUP,Male,71,No,29340,11,Yes,41.58,Yes,Fiber Optic,3,No,No,No,No,Yes,Two Year,Yes,Bank Withdrawal,78.5,874.2,No
7134-HBPBS,Female,65,No,18980,72,Yes,26.87,Yes,Fiber Optic,20,No,Yes,Yes,Yes,Yes,Two Year,Yes,Bank Withdrawal,108.1,7774.05,No
4415-WNGVR,Female,73,No,678,12,Yes,37.15,Yes,DSL,13,Yes,No,Yes,Yes,No,One Year,Yes,Bank Withdrawal,79.2,943.85,No
1309-XGFSN,Male,72,Yes,4280,52,Yes,7.04,Yes,DSL,22,No,Yes,Yes,No,Yes,One Year,Yes,Bank Withdrawal,80.85,4079.55,No
0650-BWOZN,Female,71,No,2433,18,Yes,7.51,Yes,Fiber Optic,24,No,Yes,No,No,Yes,Two Year,Yes,Bank Withdrawal,73.55,1359.45,No
4304-XUMGI,Male,74,Yes,46214,50,Yes,32.9,Yes,DSL,18,Yes,Yes,Yes,No,Yes,Two Year,Yes,Bank Withdrawal,75.15,3822.45,No
9481-IEBZY,Male,69,No,7344,72,Yes,30.3,Yes,Fiber Optic,14,Yes,Yes,Yes,Yes,No,Two Year,Yes,Credit Card,112.9,8061.5,No
1080-BWSYE,Male,76,No,6301,64,Yes,29.43,No,None,0,No,No,No,No,No,Two Year,No,Credit Card,25.65,1740.8,No
3786-WOVKF,Female,69,No,36301,72,Yes,7.85,Yes,Fiber Optic,20,Yes,Yes,No,No,No,One Year,Yes,Bank Withdrawal,106.85,7677.4,No
5816-SCGFC,Female,73,No,21157,7,Yes,11.01,Yes,Cable,18,No,Yes,No,No,Yes,Two Year,Yes,Credit Card,51.3,419.35,No
9278-VZKCD,Female,67,No,22443,52,Yes,4.11,Yes,Fiber Optic,17,Yes,Yes,Yes,No,Yes,Two Year,Yes,Bank Withdrawal,109.1,5647.95,No
8261-GWDBQ,Female,70,No,16998,60,Yes,4.06,Yes,Fiber Optic,11,Yes,Yes,Yes,Yes,Yes,Two Year,Yes,Bank Withdrawal,116.05,6925.9,No
6173-GOLSU,Male,79,No,6503,67,Yes,7.2,Yes,Fiber Optic,23,No,No,No,No,Yes,Two Year,Yes,Credit Card,94.65,6079,No
8720-RQSBJ,Male,69,No,2872,1,Yes,28.67,Yes,DSL,4,No,No,No,No,Yes,Two Year,No,Bank Withdrawal,44,44,No
7225-CBZPL,Male,79,No,9318,17,Yes,46.44,Yes,Fiber Optic,13,No,No,No,No,Yes,Two Year,Yes,Bank Withdrawal,94.8,1563.9,No
3692-JHONH,Female,70,No,1809,52,Yes,27.74,Yes,Fiber Optic,18,No,Yes,Yes,No,No,One Year,Yes,Bank Withdrawal,106.5,5621.85,No
1200-TUZHR,Female,70,No,266,8,Yes,44.63,Yes,Fiber Optic,29,No,No,No,No,Yes,Two Year,No,Bank Withdrawal,85.2,695.75,No
7130-CTCUS,Male,79,No,3546,16,Yes,35.53,Yes,DSL,23,Yes,Yes,No,No,Yes,Two Year,Yes,Bank Withdrawal,54.55,825.1,No
0420-HLGXF,Female,72,No,36718,39,Yes,10.03,Yes,Fiber Optic,13,No,No,Yes,No,Yes,Two Year,Yes,Bank Withdrawal,99.75,4036,No
3657-COGMW,Female,76,No,31982,52,Yes,11.01,Yes,Fiber Optic,18,Yes,Yes,Yes,No,Yes,Two Year,No,Credit Card,108.1,5839.3,No
4334-HOWRP,Male,70,No,6526,72,No,0,Yes,DSL,7,Yes,Yes,Yes,Yes,No,Two Year,Yes,Credit Card,64.95,4546,No
4098-NAUKP,Male,70,Yes,7435,68,Yes,20.31,Yes,Fiber Optic,13,No,Yes,Yes,No,Yes,Two Year,Yes,Bank Withdrawal,84.65,5683.6,No
3308-JSGML,Male,77,No,1255,59,No,0,Yes,Cable,6,Yes,No,Yes,Yes,Yes,Two Year,Yes,Credit Card,64.05,3886.85,No
6199-IWKGC,Female,71,No,340,46,Yes,21.46,Yes,Fiber Optic,15,No,No,No,Yes,Yes,One Year,No,Bank Withdrawal,100.25,4753.85,No
2675-DHUTR,Male,80,No,1826,58,Yes,31.11,Yes,Fiber Optic,4,No,Yes,No,No,Yes,Two Year,Yes,Bank Withdrawal,98.9,5780.7,No
7446-YPODE,Male,75,No,826,11,Yes,48.33,Yes,DSL,17,Yes,Yes,No,No,No,Two Year,No,Bank Withdrawal,60.25,662.95,No
9522-BNTHX,Female,72,No,1022,34,No,0,Yes,DSL,28,No,Yes,Yes,No,Yes,Two Year,Yes,Bank Withdrawal,56.25,1765.95,No
0531-ZZJWQ,Male,68,No,42239,55,Yes,42.9,Yes,Fiber Optic,27,No,No,No,No,Yes,Two Year,Yes,Bank Withdrawal,74,4052.4,No
2688-BHGOG,Male,73,No,318,9,Yes,24.85,Yes,Fiber Optic,15,No,No,No,No,No,Two Year,Yes,Bank Withdrawal,79.55,718.55,No
0916-QOFDP,Female,79,Yes,117,14,Yes,14.39,Yes,Fiber Optic,30,No,No,No,No,Yes,Two Year,Yes,Bank Withdrawal,95.8,1346.3,No
8910-LEDAG,Male,72,No,1314,34,Yes,12.98,Yes,Fiber Optic,8,No,No,No,No,Yes,Two Year,No,Credit Card,71.55,2427.35,No
3452-GWUIN,Female,78,No,265,19,Yes,19.57,Yes,Fiber Optic,27,No,No,No,No,Yes,Two Year,Yes,Bank Withdrawal,94.95,1760.25,No
7278-CKDNC,Male,76,No,13858,24,Yes,46.13,Yes,Fiber Optic,23,No,Yes,No,No,Yes,Two Year,Yes,Bank Withdrawal,80.5,2088.45,No
8450-UYIBU,Female,77,No,31180,35,No,0,Yes,Cable,26,No,No,Yes,No,Yes,Two Year,Yes,Bank Withdrawal,39.85,1434.6,No
3836-FZSDJ,Male,69,No,45087,71,Yes,22.19,No,None,0,No,No,No,No,No,Two Year,No,Bank Withdrawal,24.85,1901,No
0187-QSXOE,Male,71,No,21010,7,Yes,41.97,Yes,Fiber Optic,11,No,No,No,No,Yes,Two Year,Yes,Bank Withdrawal,89,605.45,No
7733-UDMTP,Female,65,No,39148,57,No,0,Yes,DSL,26,No,Yes,Yes,No,Yes,Two Year,Yes,Bank Withdrawal,55,3094.05,No
6904-JLBGY,Female,78,No,58548,72,Yes,14.94,Yes,Fiber Optic,30,Yes,Yes,Yes,Yes,Yes,Two Year,Yes,Credit Card,117.35,8436.25,No
6917-YACBP,Female,80,No,48690,59,Yes,25.57,Yes,Fiber Optic,5,Yes,Yes,Yes,No,Yes,Two Year,Yes,Bank Withdrawal,89.75,5496.9,No
4223-WOZCM,Male,71,No,13121,2,Yes,37.97,Yes,DSL,9,No,No,Yes,No,Yes,Two Year,No,Mailed Check,49.95,107.1,No
5917-RYRMG,Male,79,No,254,32,Yes,25.89,No,None,0,No,No,No,No,No,One Year,No,Credit Card,19.8,587.7,No
8224-DWCKX,Male,78,No,40346,12,Yes,43.4,Yes,Fiber Optic,24,No,No,No,No,Yes,Two Year,Yes,Credit Card,73.3,828.05,No
1768-HNVGJ,Female,80,No,27822,45,Yes,18.46,Yes,Cable,3,Yes,No,No,Yes,Yes,Two Year,Yes,Bank Withdrawal,70.05,3062.45,No
4395-PZMSN,Male,67,No,291,5,Yes,18.38,Yes,Fiber Optic,15,No,Yes,No,No,Yes,Two Year,Yes,Bank Withdrawal,85.55,408.5,No
5446-DKWYW,Female,74,Yes,23036,61,Yes,39.31,Yes,DSL,10,No,No,Yes,No,Yes,One Year,Yes,Bank Withdrawal,65.2,3965.05,No
8107-KNCIM,Male,73,No,3337,14,Yes,45.46,Yes,Fiber Optic,4,No,No,No,No,Yes,Two Year,Yes,Bank Withdrawal,75.1,1013.35,No
5451-YHYPW,Female,75,No,2240,72,Yes,44.89,Yes,Fiber Optic,24,Yes,Yes,Yes,Yes,No,Two Year,Yes,Credit Card,115.75,8443.7,No
7629-WFGLW,Female,80,No,16198,56,Yes,11.55,Yes,Fiber Optic,27,Yes,Yes,Yes,Yes,Yes,One Year,No,Bank Withdrawal,95.65,5471.75,No
8818-DOPVL,Female,65,No,23141,46,Yes,41.17,Yes,Fiber Optic,30,No,Yes,Yes,No,Yes,Two Year,Yes,Bank Withdrawal,104.45,4863.85,No
7044-YAACC,Male,70,No,26894,4,Yes,6.03,Yes,Fiber Optic,8,No,No,No,No,Yes,Two Year,Yes,Bank Withdrawal,70.2,280.35,No
8189-XRIKE,Female,80,No,42491,32,Yes,31.57,Yes,Fiber Optic,4,No,No,No,No,Yes,Two Year,No,Bank Withdrawal,90.95,2897.95,No
3740-RLMVT,Male,79,No,9423,67,Yes,42.07,Yes,Cable,12,Yes,Yes,No,Yes,Yes,One Year,Yes,Bank Withdrawal,60.95,4119.4,No
2186-QZEYA,Female,68,No,19815,29,Yes,8.88,Yes,DSL,22,Yes,Yes,No,No,Yes,Two Year,Yes,Bank Withdrawal,58.55,1718.95,No
5599-HVLTW,Female,73,No,21097,14,Yes,7.34,Yes,Fiber Optic,3,No,No,Yes,No,Yes,Two Year,Yes,Bank Withdrawal,80.35,1058.1,No
9208-OLGAQ,Female,70,No,10147,18,Yes,25.7,Yes,Fiber Optic,23,No,No,Yes,No,No,Two Year,Yes,Bank Withdrawal,84.95,1443.65,No
3244-CQPHU,Female,77,No,8157,72,Yes,14.12,Yes,Fiber Optic,23,Yes,Yes,No,Yes,Yes,Two Year,Yes,Bank Withdrawal,110.1,7746.7,No
2674-MLXMN,Female,73,No,28450,71,Yes,34.36,Yes,Fiber Optic,13,No,Yes,No,No,Yes,Two Year,Yes,Credit Card,99.65,6951.15,No
9708-HPXWZ,Male,74,No,25399,5,No,0,Yes,DSL,4,No,No,Yes,Yes,Yes,Two Year,No,Credit Card,45.4,214.75,No
5792-JALQC,Female,78,No,40239,52,Yes,34,Yes,DSL,3,Yes,No,Yes,No,Yes,Two Year,No,Bank Withdrawal,59.85,3103.25,No
2675-OTVVJ,Male,76,No,16429,31,Yes,46.06,Yes,Fiber Optic,18,Yes,No,No,No,Yes,Two Year,No,Bank Withdrawal,89.45,2807.65,No
0537-QYZZN,Male,66,Yes,31930,24,Yes,4.06,Yes,Fiber Optic,28,Yes,No,No,No,Yes,Two Year,Yes,Bank Withdrawal,79.85,1857.75,No
3340-QBBFM,Male,65,No,35419,36,Yes,47.16,Yes,DSL,28,No,No,Yes,Yes,Yes,One Year,No,Credit Card,54.1,1992.85,No
2277-VWCNI,Female,65,No,1007,4,Yes,31.13,Yes,DSL,15,No,No,No,No,Yes,Two Year,No,Mailed Check,48.75,179.85,No
7576-JMYWV,Female,76,Yes,5671,46,Yes,20.42,Yes,Fiber Optic,16,Yes,Yes,No,Yes,Yes,Two Year,Yes,Bank Withdrawal,110.2,4972.1,No
5227-JSCFE,Male,74,No,14574,71,No,0,Yes,DSL,19,Yes,Yes,Yes,Yes,Yes,Two Year,No,Credit Card,46.35,3353.4,No
1608-GMEWB,Male,76,No,23789,45,Yes,15.65,Yes,Fiber Optic,18,No,No,No,No,Yes,Two Year,Yes,Bank Withdrawal,93.9,4200.25,No
2665-NPTGL,Female,79,No,88,26,Yes,18.66,Yes,Fiber Optic,11,No,No,Yes,No,Yes,Two Year,Yes,Bank Withdrawal,98.1,2510.7,No
0442-ZXKVS,Female,79,No,5513,54,Yes,43.71,Yes,Fiber Optic,12,Yes,Yes,Yes,Yes,Yes,One Year,Yes,Bank Withdrawal,115.6,6431.05,No
0575-CUQOV,Male,76,No,7177,60,Yes,17.05,Yes,Fiber Optic,21,No,Yes,Yes,No,Yes,One Year,Yes,Bank Withdrawal,97.95,5867,No
5329-KRDTM,Male,73,No,683,72,Yes,33.68,Yes,DSL,10,No,Yes,Yes,Yes,Yes,Two Year,No,Credit Card,77.35,5396.25,No
0707-HOVVN,Female,79,No,1278,70,Yes,47.27,Yes,Cable,3,No,Yes,Yes,Yes,Yes,Two Year,Yes,Bank Withdrawal,75.5,5212.65,No
9518-XXBXE,Male,80,No,15536,10,Yes,25.13,Yes,Fiber Optic,30,Yes,No,No,No,Yes,Two Year,No,Bank Withdrawal,75.3,720.45,No
0423-UDIJQ,Male,74,No,1158,9,Yes,7.11,Yes,DSL,12,No,No,No,Yes,Yes,Two Year,No,Mailed Check,49.2,447.9,No
9029-FEGVJ,Female,68,No,48690,32,Yes,2.17,Yes,Fiber Optic,11,No,No,Yes,No,Yes,Two Year,No,Mailed Check,79.3,2570,No
8999-XXGNS,Female,70,No,17979,72,Yes,18.15,Yes,Fiber Optic,16,No,Yes,Yes,No,No,One Year,Yes,Credit Card,105.75,7629.85,No
0471-ARVMX,Female,70,No,9902,62,Yes,22.74,Yes,Fiber Optic,18,Yes,No,Yes,No,Yes,One Year,Yes,Bank Withdrawal,104.85,6312.9,No
7524-VRLPL,Male,71,No,586,69,Yes,13.36,Yes,Cable,10,Yes,No,Yes,Yes,Yes,Two Year,No,Credit Card,74.1,5031,No
4884-TVUQF,Female,80,No,1880,57,Yes,36.89,Yes,Fiber Optic,17,Yes,No,Yes,Yes,Yes,Two Year,No,Credit Card,101.3,5779.6,No
8065-BVEPF,Male,80,No,335,65,Yes,18.23,Yes,Fiber Optic,3,No,Yes,Yes,No,Yes,Two Year,Yes,Bank Withdrawal,99.1,6496.15,No
6350-XFYGW,Male,80,No,2965,4,Yes,19,Yes,Fiber Optic,17,No,No,Yes,No,Yes,Two Year,Yes,Bank Withdrawal,94.75,422.4,No
8755-IWJHN,Male,73,No,82,69,Yes,49.91,Yes,Fiber Optic,13,No,Yes,Yes,No,Yes,Two Year,Yes,Bank Withdrawal,95.35,6382,No
4480-QQRHC,Female,72,No,1201,8,Yes,2.18,Yes,Fiber Optic,13,No,No,Yes,No,Yes,Two Year,Yes,Bank Withdrawal,74.05,600.15,No
0929-PECLO,Female,74,No,1215,63,Yes,41.8,Yes,Fiber Optic,16,No,No,Yes,No,Yes,Two Year,Yes,Bank Withdrawal,89.6,5538.8,No
9470-YFUYI,Male,69,No,1851,71,Yes,11.35,Yes,DSL,24,Yes,Yes,No,Yes,Yes,One Year,Yes,Bank Withdrawal,71,5012.1,No
7402-EYFXX,Male,65,No,660,26,Yes,25.04,Yes,Fiber Optic,9,No,No,No,No,Yes,Two Year,Yes,Bank Withdrawal,93.6,2404.1,No
1986-PHGZF,Male,73,No,1140,18,Yes,47.34,Yes,DSL,7,Yes,Yes,No,No,Yes,Two Year,Yes,Credit Card,58.4,964.9,No
8024-XNAFQ,Female,66,No,2010,72,Yes,31.31,Yes,Fiber Optic,18,Yes,Yes,Yes,Yes,Yes,Two Year,Yes,Bank Withdrawal,107.4,7748.75,No
2988-GBIVW,Female,68,No,1793,70,Yes,38.5,Yes,Fiber Optic,25,Yes,No,No,No,Yes,Two Year,Yes,Bank Withdrawal,90.85,6470.1,No
5956-YHHRX,Male,75,No,1173,21,Yes,24.91,Yes,Fiber Optic,17,No,Yes,Yes,No,No,Two Year,Yes,Bank Withdrawal,104.35,2271.85,No
6008-NAIXK,Male,72,No,4354,54,No,0,Yes,DSL,26,No,Yes,Yes,No,Yes,One Year,Yes,Bank Withdrawal,55.45,2966.95,No
4007-NHVHI,Female,69,No,14010,56,Yes,46.67,Yes,Fiber Optic,18,Yes,Yes,No,No,Yes,Two Year,Yes,Bank Withdrawal,96.85,5219.65,No
8979-CAMGB,Male,67,No,63157,64,Yes,10.07,Yes,Fiber Optic,26,No,No,Yes,Yes,Yes,One Year,No,Bank Withdrawal,102.1,6688.1,No
7813-ZGGAW,Male,68,No,1526,31,Yes,15.35,Yes,Fiber Optic,10,No,No,Yes,Yes,Yes,Two Year,Yes,Bank Withdrawal,96.6,2877.95,No
6583-KQJLK,Female,66,No,25,15,Yes,37.84,Yes,Fiber Optic,19,No,Yes,No,No,Yes,Two Year,Yes,Bank Withdrawal,94.65,1285.05,No
6139-ZZRBQ,Male,79,No,20675,64,Yes,4.99,No,None,0,No,No,No,No,No,Two Year,Yes,Bank Withdrawal,20.05,1198.05,No
7594-LZNWR,Male,67,No,38818,34,Yes,13.56,Yes,Fiber Optic,30,No,No,No,No,Yes,Two Year,No,Credit Card,69.15,2275.1,No
3996-ZNWYK,Male,77,Yes,9063,71,Yes,32.12,No,None,0,No,No,No,No,No,Two Year,No,Credit Card,19.8,1388.45,No
8760-ZRHKE,Female,80,Yes,1279,71,Yes,48.59,Yes,DSL,15,Yes,Yes,No,No,Yes,One Year,No,Bank Withdrawal,69.2,4982.5,No
5216-WASFJ,Female,68,No,262,31,Yes,5.3,Yes,Fiber Optic,3,No,No,No,No,Yes,Two Year,Yes,Bank Withdrawal,84.85,2633.4,No
4948-WBBKL,Female,80,No,19,36,Yes,41.57,Yes,Fiber Optic,10,No,No,No,No,Yes,Two Year,Yes,Bank Withdrawal,74.9,2659.45,No
8348-JLBUG,Male,77,No,565,64,Yes,14.87,Yes,Fiber Optic,16,Yes,No,Yes,No,Yes,One Year,No,Credit Card,80.3,5017.7,No
3339-EAQNV,Male,75,No,1254,72,Yes,11.23,Yes,Fiber Optic,20,No,Yes,No,No,Yes,One Year,Yes,Credit Card,97.25,7133.1,No
5730-RIITO,Female,73,No,8812,43,No,0,Yes,DSL,18,Yes,Yes,No,No,No,Two Year,Yes,Credit Card,33.45,1500.25,No
7515-LODFU,Male,67,No,4552,69,Yes,20.62,No,None,0,No,No,No,No,No,Two Year,No,Credit Card,20.3,1356.3,No
8041-TMEID,Male,73,No,13840,63,Yes,37.12,Yes,Fiber Optic,18,Yes,Yes,Yes,No,Yes,Two Year,No,Credit Card,108.5,6991.9,No
6941-KXRRV,Female,65,No,1162,48,Yes,34.43,Yes,DSL,2,No,Yes,No,No,Yes,One Year,Yes,Bank Withdrawal,58.95,2789.7,No
4501-UYKBC,Female,65,No,911,46,Yes,16.04,Yes,DSL,26,No,No,Yes,Yes,Yes,One Year,Yes,Credit Card,69.1,3255.35,No
5304-EFJLP,Male,72,No,3756,72,Yes,16.92,Yes,Fiber Optic,19,No,Yes,Yes,Yes,No,Two Year,Yes,Bank Withdrawal,111.65,8022.85,No
8875-AKBYH,Male,78,No,124,20,Yes,25.51,Yes,Fiber Optic,9,No,No,No,No,No,Two Year,Yes,Bank Withdrawal,84.35,1745.2,No
0533-UCAAU,Male,72,No,431,57,Yes,48.16,Yes,DSL,10,No,Yes,Yes,No,Yes,One Year,Yes,Credit Card,71.1,4140.1,No
1394-SUIUH,Female,70,No,7309,44,Yes,44.44,Yes,Fiber Optic,6,Yes,Yes,No,Yes,Yes,Two Year,Yes,Bank Withdrawal,85.15,3670.5,No
8565-WUXZU,Male,77,No,439,72,Yes,5.51,Yes,Fiber Optic,2,Yes,Yes,No,Yes,Yes,Two Year,Yes,Credit Card,84.8,6141.65,No
2055-BFOCC,Male,65,No,277,63,Yes,40.65,Yes,DSL,29,Yes,Yes,Yes,Yes,Yes,One Year,Yes,Bank Withdrawal,84,5329.55,No
4584-LBNMK,Male,79,No,4236,45,Yes,44.91,No,None,0,No,No,No,No,No,One Year,No,Credit Card,24.7,1174.35,No
3898-GUYTS,Female,71,No,61,45,Yes,12.67,Yes,Fiber Optic,4,Yes,Yes,No,Yes,Yes,Two Year,Yes,Bank Withdrawal,97.05,4385.05,No
3703-KBKZP,Male,70,No,408,16,Yes,22.02,Yes,Fiber Optic,5,No,No,No,No,Yes,Two Year,Yes,Bank Withdrawal,74.45,1261.35,No
5117-IFGPS,Male,73,No,4002,29,Yes,36.75,Yes,Fiber Optic,12,No,No,No,No,Yes,Two Year,Yes,Bank Withdrawal,84.3,2357.75,No
2197-OMWGI,Female,65,Yes,3524,68,No,0,Yes,DSL,23,No,Yes,Yes,No,Yes,Two Year,Yes,Bank Withdrawal,53,3656.25,No
7852-LECYP,Male,79,No,67520,13,Yes,48.15,Yes,Fiber Optic,6,Yes,Yes,No,No,Yes,Two Year,No,Credit Card,93.8,1261,No
8595-SIZNC,Female,69,No,73686,22,Yes,15.27,No,None,0,No,No,No,No,No,One Year,No,Bank Withdrawal,25.6,548.8,No
8920-NAVAY,Male,66,No,39334,62,Yes,47.8,Yes,Fiber Optic,8,No,Yes,Yes,Yes,Yes,One Year,Yes,Bank Withdrawal,110.75,7053.35,No
9699-UBQFS,Female,76,No,47534,43,Yes,3.66,Yes,Fiber Optic,22,Yes,Yes,No,No,Yes,Month-to-Month,Yes,Bank Withdrawal,94.5,4156.8,No
1261-FWTTE,Male,78,No,2527,23,No,0,Yes,Cable,2,No,No,No,No,Yes,Month-to-Month,Yes,Bank Withdrawal,34.65,768.45,No
3528-HFRIQ,Male,73,No,21728,71,No,0,Yes,Cable,28,No,Yes,Yes,No,No,Month-to-Month,Yes,Bank Withdrawal,52.3,3765.05,No
3320-VEOYC,Male,65,No,21397,14,Yes,37.62,Yes,Fiber Optic,10,No,No,No,No,Yes,Month-to-Month,Yes,Bank Withdrawal,95.6,1273.3,No
9758-MFWGD,Female,75,Yes,93315,48,No,0,Yes,DSL,19,No,Yes,No,No,Yes,One Year,No,Bank Withdrawal,29.9,1388.75,No
1360-JYXKQ,Female,68,No,96267,54,Yes,22.05,Yes,Fiber Optic,17,No,No,Yes,Yes,Yes,One Year,Yes,Bank Withdrawal,99.1,5437.1,No
6925-BAYGL,Female,79,No,27778,53,Yes,19.03,No,None,0,No,No,No,No,No,Two Year,No,Credit Card,25.1,1275.6,No
4135-FRWKJ,Female,66,Yes,19975,55,Yes,34.57,Yes,Cable,19,Yes,No,Yes,Yes,Yes,One Year,No,Bank Withdrawal,76.25,4154.55,No
6551-ZCOTS,Male,73,No,41979,33,Yes,3.15,No,None,0,No,No,No,No,No,One Year,Yes,Bank Withdrawal,24.9,847.8,No
5995-SNNEW,Male,80,No,38181,23,Yes,45.21,Yes,Fiber Optic,14,No,Yes,Yes,No,No,Month-to-Month,Yes,Bank Withdrawal,104.45,2184.85,No
5371-VYLSX,Female,65,No,19034,50,Yes,47.99,Yes,Fiber Optic,22,Yes,Yes,No,No,Yes,Month-to-Month,Yes,Bank Withdrawal,83.4,4113.7,No
4128-ETESU,Female,73,No,16812,47,Yes,2.98,Yes,Fiber Optic,7,No,No,Yes,No,No,Month-to-Month,No,Bank Withdrawal,99.7,4747.2,No
3295-YVUSR,Male,73,No,21990,2,Yes,15.19,Yes,Fiber Optic,30,No,No,No,No,Yes,Month-to-Month,Yes,Mailed Check,72.6,154.3,No
8016-NCFVO,Male,70,No,14493,55,Yes,29.3,Yes,Fiber Optic,10,Yes,Yes,Yes,Yes,Yes,Month-to-Month,Yes,Bank Withdrawal,116.5,6382.55,No
4119-ZYPZY,Male,67,No,17015,71,Yes,34.8,Yes,Fiber Optic,21,No,Yes,No,Yes,Yes,Two Year,Yes,Bank Withdrawal,106.8,7623.2,No
1078-TDCRN,Female,75,No,25303,3,No,0,Yes,DSL,3,No,Yes,No,No,Yes,Month-to-Month,Yes,Bank Withdrawal,30.75,82.85,No
5439-WIKXB,Male,65,No,30742,41,Yes,46.46,Yes,Fiber Optic,2,No,Yes,No,No,No,Month-to-Month,Yes,Bank Withdrawal,94.55,3851.45,No
2080-CAZNM,Female,78,No,11517,41,Yes,6.33,Yes,Fiber Optic,15,No,Yes,Yes,No,Yes,Month-to-Month,Yes,Bank Withdrawal,104.4,4133.95,No
1028-FFNJK,Male,79,No,25882,30,Yes,48.02,Yes,Fiber Optic,24,No,No,No,Yes,Yes,Month-to-Month,Yes,Bank Withdrawal,101.5,2917.65,No
3001-UNBTL,Male,69,Yes,18539,29,Yes,49.36,Yes,Fiber Optic,19,No,No,Yes,No,Yes,Month-to-Month,Yes,Bank Withdrawal,103.95,2964.8,No
0786-IVLAW,Female,72,No,27453,66,Yes,3.57,Yes,Fiber Optic,28,No,Yes,Yes,No,Yes,One Year,No,Bank Withdrawal,108.1,7238.6,No
4282-ACRXS,Male,69,No,17554,38,No,0,Yes,Cable,30,No,No,No,No,Yes,Month-to-Month,Yes,Bank Withdrawal,24.85,955.75,No
7668-XCFYV,Female,77,No,24973,17,Yes,3.83,Yes,Fiber Optic,20,No,No,No,No,Yes,Month-to-Month,Yes,Bank Withdrawal,92.55,1614.7,No
5336-UFNZP,Female,65,Yes,26933,65,Yes,19.58,Yes,Fiber Optic,26,No,Yes,Yes,No,Yes,One Year,Yes,Bank Withdrawal,107.45,7047.5,No
9233-PSYHO,Female,68,No,54254,45,Yes,6.9,Yes,Fiber Optic,20,No,No,Yes,No,Yes,One Year,Yes,Bank Withdrawal,100.15,4459.8,No
8777-MBMTS,Female,65,No,30458,65,Yes,36.49,Yes,Fiber Optic,9,No,Yes,Yes,Yes,Yes,Two Year,Yes,Credit Card,105.85,6725.5,No
2615-YVMYX,Male,68,No,9278,71,Yes,30.59,Yes,Fiber Optic,19,Yes,Yes,Yes,No,No,Month-to-Month,Yes,Bank Withdrawal,107.5,7713.55,No
2851-STERV,Male,79,No,1587,35,Yes,3.04,Yes,DSL,18,No,No,Yes,Yes,Yes,One Year,Yes,Bank Withdrawal,73,2471.25,No
5419-JKZNQ,Male,65,No,44652,30,Yes,2.86,Yes,Fiber Optic,19,No,No,No,No,Yes,Month-to-Month,No,Mailed Check,77.9,2351.45,No
1409-PHXTF,Male,77,No,24961,54,Yes,32.56,Yes,Fiber Optic,16,No,Yes,Yes,Yes,Yes,Two Year,Yes,Bank Withdrawal,110.45,6077.75,No
9591-YVTEB,Male,77,No,62355,55,No,0,Yes,DSL,30,Yes,Yes,No,No,Yes,Month-to-Month,Yes,Bank Withdrawal,44.85,2479.05,No
9309-BZGNT,Male,69,No,1604,69,No,0,Yes,DSL,13,No,No,Yes,No,Yes,One Year,Yes,Credit Card,29.8,2134.3,No
8075-GXIUB,Male,79,No,7863,9,Yes,22.79,No,None,0,No,No,No,No,No,One Year,No,Credit Card,19.85,183.15,No
6723-WSNTY,Female,73,No,13945,66,Yes,6.94,Yes,Fiber Optic,23,No,Yes,Yes,Yes,Yes,One Year,Yes,Credit Card,108.1,7181.95,No
2144-BFDSO,Female,70,No,339,50,Yes,9.18,Yes,Fiber Optic,2,Yes,Yes,Yes,No,Yes,Month-to-Month,No,Bank Withdrawal,108.75,5431.9,No
5647-FXOTP,Female,71,No,1143,60,Yes,36.71,Yes,Fiber Optic,25,No,Yes,Yes,No,No,Month-to-Month,Yes,Bank Withdrawal,105.9,6401.25,No
6078-VESFR,Male,78,No,44692,13,Yes,36.57,Yes,Fiber Optic,26,No,No,No,No,Yes,Month-to-Month,No,Bank Withdrawal,70.45,849.1,No
9866-OCCKE,Female,73,No,66838,72,Yes,35.04,Yes,Fiber Optic,22,Yes,No,Yes,Yes,Yes,Two Year,Yes,Mailed Check,109.75,8075.35,No
2786-GCDPI,Female,75,No,354,50,Yes,17.65,Yes,Fiber Optic,29,No,No,Yes,Yes,Yes,Month-to-Month,Yes,Bank Withdrawal,104.95,5222.35,No
3733-UOCWF,Male,78,No,4948,61,Yes,46.65,Yes,Fiber Optic,23,No,Yes,No,Yes,Yes,One Year,Yes,Bank Withdrawal,85.55,5251.75,No
8490-BXHEO,Male,67,No,5256,18,Yes,38.79,Yes,Fiber Optic,14,No,Yes,No,No,Yes,Month-to-Month,Yes,Credit Card,80.55,1411.65,No
7173-TETGO,Female,66,No,1090,72,Yes,32.37,Yes,Fiber Optic,22,Yes,No,No,No,Yes,Two Year,No,Bank Withdrawal,78.5,5602.25,No
6435-VWCCY,Male,71,No,909,65,Yes,27.14,Yes,Fiber Optic,26,Yes,Yes,No,No,Yes,Two Year,Yes,Credit Card,92.7,5968.4,No
6726-NNFWD,Female,74,No,36149,71,Yes,16.26,Yes,Fiber Optic,27,No,Yes,Yes,No,Yes,Two Year,No,Credit Card,89.45,6435.25,No
7856-GANIL,Male,71,No,17621,45,Yes,2.38,Yes,Fiber Optic,20,No,Yes,Yes,Yes,Yes,One Year,Yes,Bank Withdrawal,98.7,4525.8,No
0248-PGHBZ,Female,69,No,34946,67,Yes,2.57,Yes,Fiber Optic,21,Yes,Yes,No,Yes,Yes,Two Year,Yes,Bank Withdrawal,92.45,6140.85,No
7472-EQOAV,Male,76,Yes,62103,71,Yes,30.16,Yes,Fiber Optic,19,Yes,Yes,Yes,No,Yes,One Year,Yes,Bank Withdrawal,86.7,6179.35,No
5985-BEHZK,Female,78,No,44117,72,Yes,27.79,Yes,Fiber Optic,10,No,Yes,Yes,No,Yes,One Year,No,Credit Card,105,7578.05,No
9279-CJEOJ,Female,77,No,60553,21,Yes,37.4,Yes,Fiber Optic,16,No,No,No,No,Yes,Month-to-Month,Yes,Bank Withdrawal,95.4,2025.1,No
8029-XYPWT,Male,72,No,34398,71,Yes,46.82,Yes,Fiber Optic,18,Yes,Yes,Yes,Yes,Yes,Two Year,Yes,Bank Withdrawal,115.05,8016.6,No
6646-JPPHA,Female,76,No,24502,14,Yes,48.01,Yes,Fiber Optic,2,Yes,Yes,No,No,No,Month-to-Month,No,Bank Withdrawal,78.85,1043.8,No
7658-UYUQS,Male,71,No,21157,21,Yes,22.3,Yes,Fiber Optic,9,No,No,Yes,No,Yes,Month-to-Month,No,Bank Withdrawal,86.55,1857.25,No
8746-BFOAJ,Male,79,No,15878,21,Yes,23.23,No,None,0,No,No,No,No,No,One Year,No,Bank Withdrawal,20.5,429.55,No
8023-QHAIO,Female,72,No,60294,56,Yes,27.56,Yes,Fiber Optic,29,No,No,No,Yes,No,Month-to-Month,Yes,Bank Withdrawal,76.85,4275.75,No
8133-ANHHJ,Female,77,No,46894,49,Yes,36.47,Yes,Fiber Optic,21,Yes,Yes,Yes,Yes,Yes,One Year,No,Bank Withdrawal,103,5166.2,No
1707-HABPF,Female,65,No,20893,46,Yes,11.93,Yes,Fiber Optic,26,No,Yes,Yes,No,Yes,One Year,Yes,Bank Withdrawal,91.3,4126.35,No
6847-KJLTS,Female,72,No,4498,58,Yes,47.34,Yes,Fiber Optic,28,No,No,No,Yes,Yes,Month-to-Month,Yes,Bank Withdrawal,100.4,5749.8,No
4619-EVPHY,Female,65,No,15364,20,Yes,38.85,Yes,Fiber Optic,2,No,No,No,No,Yes,One Year,Yes,Bank Withdrawal,91,1859.5,No
4462-CYWMH,Male,65,No,15508,62,Yes,27.49,Yes,Fiber Optic,3,No,Yes,No,No,Yes,Month-to-Month,Yes,Bank Withdrawal,89.8,5629.55,No
9334-GWGOW,Male,68,No,302,7,Yes,6.81,Yes,Fiber Optic,13,No,No,No,No,Yes,Month-to-Month,Yes,Bank Withdrawal,74.85,485.25,No
4291-HYEBC,Female,76,Yes,1935,28,No,0,Yes,DSL,21,No,Yes,No,No,Yes,One Year,Yes,Bank Withdrawal,39.1,1096.6,No
1576-PFZIW,Male,70,No,12963,70,Yes,14.48,Yes,Fiber Optic,7,Yes,Yes,Yes,No,Yes,Two Year,No,Credit Card,105.35,7511.9,No
0147-ESWWR,Female,73,No,29539,39,Yes,20.15,Yes,Fiber Optic,21,No,No,No,Yes,Yes,Month-to-Month,Yes,Bank Withdrawal,101.25,3949.15,No
1217-VASWC,Male,77,No,812,43,Yes,37.09,Yes,Fiber Optic,8,No,Yes,Yes,No,Yes,One Year,Yes,Bank Withdrawal,100.55,4304,No
2522-WLNSF,Female,74,No,1317,34,Yes,12.33,Yes,Cable,23,No,No,Yes,Yes,Yes,One Year,No,Bank Withdrawal,64.2,2106.3,No
5327-XOKKY,Male,79,No,43684,72,Yes,11.26,Yes,Cable,3,No,No,Yes,No,Yes,Two Year,Yes,Credit Card,73.45,5329,No
3312-ZWLGF,Male,69,No,7831,29,Yes,10.55,Yes,Fiber Optic,2,No,No,No,Yes,Yes,Month-to-Month,Yes,Bank Withdrawal,79.3,2414.55,No
0795-XCCTE,Male,80,No,13309,72,Yes,26.01,No,None,0,No,No,No,No,No,Two Year,No,Bank Withdrawal,25.4,1809.35,No
7072-MBHEV,Female,77,Yes,7685,11,Yes,17.66,Yes,Fiber Optic,13,No,No,Yes,No,Yes,Month-to-Month,Yes,Credit Card,78.1,864.85,No
8050-DVOJX,Male,67,No,71,49,Yes,43.19,Yes,Cable,10,Yes,Yes,Yes,Yes,Yes,Two Year,No,Credit Card,81.35,4060.9,No
8169-SAEJD,Male,79,No,57794,69,No,0,Yes,DSL,12,Yes,Yes,No,No,No,Two Year,No,Credit Card,56.55,3952.65,No
1580-BMCMR,Male,66,No,25805,19,Yes,29.8,Yes,Fiber Optic,16,Yes,No,No,No,Yes,Month-to-Month,Yes,Bank Withdrawal,87.3,1637.3,No
4199-QHJNM,Male,72,No,613,67,Yes,48.68,Yes,Fiber Optic,17,No,Yes,No,Yes,Yes,Two Year,No,Bank Withdrawal,102.9,6989.7,No
5135-GRQJV,Male,75,No,1766,72,Yes,5.6,Yes,Fiber Optic,19,Yes,Yes,Yes,Yes,Yes,Two Year,Yes,Mailed Check,114.5,8331.95,No
2384-OVPSA,Female,65,No,5446,38,Yes,4.09,No,None,0,No,No,No,No,No,Two Year,No,Mailed Check,20.2,735.9,No
1371-WEPDS,Male,71,No,19391,40,Yes,28.56,Yes,DSL,18,No,No,No,No,No,One Year,No,Bank Withdrawal,55.8,2283.3,No
3349-ANQNH,Female,70,No,1965,59,Yes,24.27,Yes,Fiber Optic,9,No,No,Yes,No,Yes,One Year,Yes,Bank Withdrawal,99.5,5890,No
5937-EORGB,Male,79,No,1852,15,Yes,22.83,Yes,Fiber Optic,26,Yes,No,Yes,No,Yes,Month-to-Month,Yes,Bank Withdrawal,96.5,1392.25,No
5539-HIVAK,Female,79,No,1125,28,Yes,25.57,No,None,0,No,No,No,No,No,Month-to-Month,No,Mailed Check,25.7,734.6,No
4583-PARNH,Male,66,No,14062,16,Yes,15.44,Yes,Fiber Optic,20,No,No,Yes,Yes,Yes,Month-to-Month,Yes,Bank Withdrawal,91.55,1540.05,No
1421-HCERK,Male,75,No,52,30,Yes,33.48,Yes,Fiber Optic,22,Yes,Yes,Yes,Yes,Yes,Month-to-Month,Yes,Bank Withdrawal,105.7,3181.8,No
0716-BQNDX,Male,77,No,28434,57,Yes,2.21,Yes,Fiber Optic,11,Yes,No,No,Yes,Yes,Two Year,No,Bank Withdrawal,93.75,5625.55,No
1162-ECVII,Male,66,No,26580,72,Yes,18.74,Yes,Fiber Optic,14,No,Yes,Yes,Yes,No,Two Year,Yes,Bank Withdrawal,109.75,7932.5,No
8695-ARGXZ,Male,66,No,60889,34,Yes,2.07,Yes,Fiber Optic,16,No,No,No,No,Yes,Month-to-Month,Yes,Bank Withdrawal,75.55,2425.4,No
1697-NVVGY,Male,71,No,16346,19,Yes,30.44,Yes,DSL,26,Yes,No,Yes,No,Yes,Month-to-Month,No,Bank Withdrawal,66.4,1286.05,No
9112-WSNPU,Female,65,No,32857,35,Yes,16.91,Yes,Fiber Optic,30,No,No,No,No,Yes,Month-to-Month,No,Bank Withdrawal,70.55,2419,No
4976-LNFVV,Male,65,No,63337,19,No,0,Yes,DSL,14,No,Yes,Yes,No,Yes,Month-to-Month,Yes,Credit Card,34.3,577.15,No
2077-MPJQO,Male,80,No,39062,7,Yes,21.37,Yes,Fiber Optic,21,No,No,No,No,Yes,Month-to-Month,Yes,Bank Withdrawal,75.4,533.05,No
1480-IVEVR,Male,76,No,2346,35,Yes,4.16,Yes,Fiber Optic,28,No,No,Yes,No,Yes,One Year,Yes,Bank Withdrawal,81.6,2815.25,No
4118-CEVPF,Female,74,No,25569,35,Yes,32.92,Yes,Fiber Optic,22,Yes,Yes,Yes,Yes,No,One Year,Yes,Bank Withdrawal,110.8,3836.3,No
2428-HYUNX,Male,74,No,56330,44,Yes,1.89,No,None,0,No,No,No,No,No,Two Year,Yes,Credit Card,19.35,847.25,No
9693-XMUOB,Male,65,No,1723,59,No,0,Yes,Cable,23,No,Yes,No,No,Yes,Month-to-Month,Yes,Bank Withdrawal,50.25,2997.45,No
1635-NZATJ,Male,80,No,58555,71,Yes,37.25,No,None,0,No,No,No,No,No,Two Year,No,Credit Card,25.45,1789.65,No
9943-VSZUV,Male,75,No,15187,67,Yes,39.89,Yes,Fiber Optic,19,No,No,No,No,Yes,Month-to-Month,Yes,Mailed Check,75.7,5060.85,No
9355-NPPFS,Female,70,No,56126,26,Yes,19.21,Yes,Fiber Optic,15,No,No,No,No,Yes,Month-to-Month,Yes,Bank Withdrawal,78.8,2006.1,No
5828-DWPIL,Male,68,No,75929,62,Yes,4.76,Yes,Fiber Optic,3,Yes,Yes,Yes,No,Yes,Month-to-Month,Yes,Bank Withdrawal,89.1,5618.3,No
2931-FSOHN,Male,76,No,26894,13,Yes,49.9,Yes,DSL,30,No,Yes,No,No,Yes,Month-to-Month,Yes,Bank Withdrawal,59.9,788.35,No
9971-ZWPBF,Male,70,Yes,17964,34,Yes,11.74,Yes,Fiber Optic,12,No,Yes,Yes,Yes,No,Month-to-Month,Yes,Bank Withdrawal,108.9,3625.2,No
8421-WZOOW,Female,75,Yes,5246,57,Yes,28.25,Yes,Fiber Optic,15,No,Yes,Yes,Yes,Yes,Month-to-Month,Yes,Credit Card,95.3,5567.45,No
2957-JIRMN,Female,69,No,51665,62,Yes,19.52,Yes,Fiber Optic,3,No,No,No,No,Yes,One Year,No,Bank Withdrawal,84.45,4959.15,No
5271-DBYSJ,Male,80,No,10737,11,Yes,26.84,Yes,Fiber Optic,15,No,No,No,No,No,Month-to-Month,Yes,Credit Card,79.15,827.7,No
3915-ODIYG,Male,72,No,7936,60,Yes,10.2,Yes,DSL,29,Yes,Yes,No,No,No,One Year,Yes,Bank Withdrawal,71.75,4374.55,No
5671-UUNXD,Female,79,No,607,50,Yes,36.58,Yes,Fiber Optic,23,No,No,No,Yes,Yes,One Year,Yes,Bank Withdrawal,100.65,5189.75,No
4698-KVLLG,Female,66,No,6448,51,Yes,47.46,No,None,0,No,No,No,No,No,Two Year,No,Credit Card,19.6,967.9,No
0282-NVSJS,Female,70,Yes,3373,12,No,0,Yes,DSL,14,No,No,No,Yes,Yes,Month-to-Month,Yes,Mailed Check,29.3,355.9,No
7537-CBQUZ,Male,68,No,8582,63,Yes,26.11,Yes,Fiber Optic,20,Yes,Yes,Yes,No,Yes,Month-to-Month,Yes,Bank Withdrawal,109.4,7031.45,No
4750-UKWJK,Female,77,No,49968,37,Yes,25.35,No,None,0,No,No,No,No,No,One Year,No,Mailed Check,19.6,727.8,No
4884-ZTHVF,Female,80,No,8365,8,Yes,39.01,Yes,Fiber Optic,28,No,Yes,No,No,Yes,Month-to-Month,Yes,Bank Withdrawal,87.1,713.6,No
3055-OYMSE,Female,75,No,30589,53,Yes,16.74,Yes,Fiber Optic,15,No,Yes,No,No,Yes,Month-to-Month,Yes,Credit Card,73.8,4003.85,No
1468-DEFNC,Male,69,Yes,13481,64,Yes,37.09,No,None,0,No,No,No,No,No,Two Year,Yes,Bank Withdrawal,24.4,1548.65,No
9605-WGJVW,Female,69,No,30476,1,Yes,22.34,Yes,Fiber Optic,12,No,No,No,No,Yes,Month-to-Month,Yes,Bank Withdrawal,70.2,70.2,No
4627-MIHJH,Female,72,No,40611,69,Yes,23.4,Yes,Fiber Optic,27,Yes,No,Yes,Yes,Yes,Two Year,No,Credit Card,110.25,7467.55,No
5553-AOINX,Female,67,Yes,2633,66,Yes,39.38,Yes,Fiber Optic,30,No,Yes,Yes,No,Yes,One Year,Yes,Bank Withdrawal,104.9,6891.45,No
3258-SANFR,Male,69,No,167,6,Yes,19.74,Yes,DSL,7,No,No,No,No,Yes,Month-to-Month,No,Credit Card,44.7,276.5,No
4833-QTJNO,Male,66,No,2271,67,Yes,44.9,Yes,Fiber Optic,20,Yes,Yes,No,No,Yes,Month-to-Month,No,Bank Withdrawal,83.85,5588.8,No
2322-VCZHZ,Male,70,No,579,23,Yes,31.53,Yes,Fiber Optic,20,Yes,Yes,No,No,Yes,Month-to-Month,Yes,Bank Withdrawal,90,2024.1,No
6383-ZTSIW,Female,77,No,7872,39,Yes,9.13,Yes,Fiber Optic,18,Yes,Yes,No,No,Yes,One Year,No,Mailed Check,99.1,3877.95,No
0118-JPNOY,Female,71,No,3256,26,Yes,33.74,Yes,Fiber Optic,7,Yes,No,No,No,Yes,Month-to-Month,Yes,Credit Card,85.8,2193.65,No
9000-PLFUZ,Female,70,No,59289,60,No,0,Yes,DSL,22,No,Yes,No,No,No,Two Year,Yes,Credit Card,49.45,2907.55,No
7779-ORAEL,Male,77,No,1278,45,Yes,9.39,Yes,DSL,22,Yes,No,Yes,Yes,Yes,Two Year,No,Credit Card,75.15,3480.35,No
0644-OQMDK,Male,69,No,23100,4,Yes,6.18,Yes,Fiber Optic,12,No,No,No,No,Yes,Month-to-Month,Yes,Bank Withdrawal,70.65,293.85,No
1658-XUHBX,Female,75,Yes,13343,59,Yes,16.15,Yes,Fiber Optic,26,No,No,Yes,No,Yes,Month-to-Month,Yes,Credit Card,88.75,5348.65,No
2378-HTWFW,Male,78,No,8504,35,Yes,26.19,Yes,Fiber Optic,19,Yes,No,No,No,No,Month-to-Month,No,Credit Card,91,3180.5,No
3719-TDVQB,Female,68,No,12646,54,Yes,23.94,No,None,0,No,No,No,No,No,Two Year,Yes,Mailed Check,18.95,1031.1,No
0201-MIBOL,Female,68,No,12466,66,Yes,10.45,Yes,Fiber Optic,20,Yes,No,No,No,Yes,Two Year,Yes,Bank Withdrawal,102.4,6471.85,No
8495-PRWFH,Female,66,No,8308,42,Yes,27,Yes,Cable,30,No,No,Yes,No,Yes,Month-to-Month,No,Bank Withdrawal,55.65,2421.75,No
0439-IFYUN,Female,78,No,48690,18,Yes,21.09,Yes,Fiber Optic,18,No,Yes,No,No,No,Month-to-Month,Yes,Bank Withdrawal,74.7,1294.6,No
6458-CYIDZ,Female,72,No,1054,5,Yes,36.27,Yes,Fiber Optic,17,Yes,Yes,No,No,Yes,Month-to-Month,No,Bank Withdrawal,80.7,374.8,No
1932-UEDCX,Male,79,No,586,33,Yes,44.1,Yes,Fiber Optic,22,No,Yes,No,No,Yes,Month-to-Month,Yes,Bank Withdrawal,100.6,3270.25,No
5188-HGMLP,Male,73,No,7789,54,Yes,35.16,Yes,Fiber Optic,5,No,No,No,No,Yes,Month-to-Month,No,Bank Withdrawal,74,3919.15,No
5331-RGMTT,Male,67,No,1352,54,Yes,38.48,Yes,Fiber Optic,13,No,No,Yes,No,No,Month-to-Month,Yes,Credit Card,99.05,5295.7,No
4476-OSWTN,Male,73,No,240,69,Yes,8.3,Yes,Fiber Optic,14,Yes,No,Yes,Yes,Yes,One Year,Yes,Mailed Check,110.55,7610.1,No
6726-WEXXK,Male,72,No,228,27,Yes,41.11,Yes,Fiber Optic,14,Yes,No,Yes,No,Yes,One Year,Yes,Bank Withdrawal,85.9,2220.1,No
4023-RTIQM,Female,72,No,400,31,No,0,Yes,DSL,21,Yes,Yes,Yes,No,Yes,One Year,Yes,Credit Card,50.4,1580.1,No
7872-RDDLZ,Female,68,No,200,67,Yes,48.43,Yes,DSL,28,No,Yes,No,No,Yes,Month-to-Month,No,Bank Withdrawal,54.9,3725.5,No
3162-KKZXO,Female,75,No,43718,55,Yes,29.6,Yes,Fiber Optic,3,No,No,Yes,No,Yes,One Year,Yes,Bank Withdrawal,100.15,5409.75,No
8904-OPDCK,Male,76,No,41636,54,No,0,Yes,DSL,4,No,No,No,No,Yes,Month-to-Month,Yes,Bank Withdrawal,24.95,1364.75,No
6048-QBXKL,Female,68,No,844,2,Yes,31.74,Yes,DSL,25,No,Yes,No,No,Yes,Month-to-Month,Yes,Credit Card,56.55,118.25,No
6734-FQAJX,Male,65,No,2958,67,Yes,34.23,Yes,Fiber Optic,11,Yes,Yes,No,Yes,Yes,Two Year,Yes,Bank Withdrawal,105.05,7171.7,No
2378-VTKDH,Male,76,No,38547,65,Yes,8.59,Yes,Fiber Optic,7,No,Yes,Yes,No,Yes,Month-to-Month,Yes,Bank Withdrawal,104.35,6578.55,No
2974-GGUXS,Female,74,No,20675,36,Yes,11.32,Yes,Fiber Optic,16,No,Yes,No,No,Yes,Month-to-Month,Yes,Credit Card,91.95,3301.05,No
7994-XIRTR,Male,79,No,25418,54,Yes,5.14,Yes,DSL,6,No,No,Yes,Yes,Yes,One Year,No,Bank Withdrawal,65.25,3529.95,No
5298-GSTLM,Female,74,No,14966,60,Yes,48.92,Yes,Fiber Optic,11,Yes,No,No,No,Yes,One Year,Yes,Bank Withdrawal,101.4,6176.6,No
6121-TNHBO,Female,71,No,44683,63,Yes,15.62,Yes,DSL,18,Yes,Yes,Yes,Yes,Yes,One Year,No,Bank Withdrawal,83,5243.05,No
5119-NZPTV,Male,70,No,72199,2,Yes,34.99,Yes,Fiber Optic,24,No,No,No,No,Yes,Month-to-Month,No,Bank Withdrawal,70.1,141.65,No
3865-ZYKAD,Male,77,No,42832,69,Yes,14.76,Yes,Fiber Optic,14,Yes,Yes,No,No,Yes,Month-to-Month,Yes,Credit Card,84.9,5785.65,No
2205-LPVGL,Male,71,Yes,7503,58,Yes,18.43,Yes,Fiber Optic,10,Yes,Yes,No,Yes,No,One Year,Yes,Bank Withdrawal,89.85,5125.75,No
4868-AADLV,Male,77,Yes,3524,66,Yes,3.27,Yes,Fiber Optic,10,Yes,Yes,Yes,Yes,Yes,One Year,Yes,Bank Withdrawal,116.25,7862.25,No
3256-EZDBI,Male,71,No,2064,51,No,0,Yes,DSL,21,No,Yes,No,No,Yes,Month-to-Month,Yes,Credit Card,29.45,1459.35,No
4726-DLWQN,Male,69,No,8695,50,Yes,25.23,Yes,DSL,23,Yes,Yes,No,No,No,Month-to-Month,Yes,Bank Withdrawal,70.35,3454.6,No
3518-FSTWG,Male,67,No,28318,72,Yes,17.71,Yes,Fiber Optic,4,Yes,Yes,Yes,No,Yes,Two Year,Yes,Bank Withdrawal,109.55,7920.7,No
0230-UBYPQ,Male,76,No,268,63,No,0,Yes,DSL,7,Yes,No,No,Yes,Yes,One Year,No,Bank Withdrawal,36.1,2298.9,No
1763-KUAAW,Female,77,No,734,18,Yes,37.53,No,None,0,No,No,No,No,No,One Year,No,Bank Withdrawal,20.35,369.6,No
1104-TNLZA,Male,67,No,482,28,Yes,24.35,Yes,Fiber Optic,15,No,Yes,No,Yes,Yes,Month-to-Month,Yes,Bank Withdrawal,105.8,2998,No
5195-KPUNQ,Female,72,No,1236,53,Yes,34.58,Yes,Fiber Optic,28,Yes,Yes,No,Yes,Yes,One Year,Yes,Credit Card,96.75,5206.55,No
3908-MKIMJ,Male,79,No,7309,68,No,0,Yes,Cable,28,Yes,Yes,Yes,No,Yes,Two Year,Yes,Bank Withdrawal,41.95,2965.75,No
6969-MVBAI,Female,66,No,104,9,Yes,40,Yes,Fiber Optic,4,No,No,Yes,No,Yes,Month-to-Month,Yes,Bank Withdrawal,90.1,816.8,No
2453-SAFNS,Female,68,No,277,54,Yes,45.43,Yes,Cable,2,No,Yes,No,Yes,Yes,One Year,No,Credit Card,72.1,3886.05,No
7426-GSWPO,Male,78,No,4236,64,Yes,19.2,Yes,Fiber Optic,18,Yes,Yes,No,No,Yes,Month-to-Month,Yes,Bank Withdrawal,103.5,6548.65,No
4909-JOUPP,Male,76,No,1291,72,Yes,27.74,Yes,Fiber Optic,3,No,Yes,Yes,Yes,Yes,Two Year,No,Credit Card,109.7,7898.45,No
6437-UDQJM,Female,72,No,47487,72,Yes,47.4,Yes,DSL,28,Yes,Yes,Yes,No,Yes,Two Year,Yes,Credit Card,84.1,6129.65,No
1226-IENZN,Male,68,No,44150,16,Yes,39.52,Yes,Fiber Optic,17,No,No,No,No,Yes,Month-to-Month,Yes,Bank Withdrawal,78.75,1218.25,No
3411-WLRSQ,Female,80,No,32562,3,Yes,39.51,Yes,Fiber Optic,17,No,Yes,No,No,No,Month-to-Month,Yes,Bank Withdrawal,74.6,239.05,No
0822-QGCXA,Female,76,No,21728,27,Yes,3.43,Yes,DSL,21,No,Yes,Yes,Yes,Yes,Month-to-Month,No,Bank Withdrawal,83.85,2310.2,No
3588-WSTTJ,Female,78,No,10470,35,Yes,31.64,Yes,Fiber Optic,7,Yes,No,No,No,Yes,Month-to-Month,Yes,Bank Withdrawal,99.05,3554.6,No
3798-EPWRR,Female,74,No,11355,2,Yes,19.09,Yes,DSL,30,No,No,No,No,Yes,Month-to-Month,No,Bank Withdrawal,43.95,85.1,No
2452-MRMZF,Female,70,No,27778,72,Yes,8.48,No,None,0,No,No,No,No,No,Two Year,Yes,Credit Card,25.7,1937.4,No
4989-LIXVT,Male,66,No,19975,68,Yes,19.67,Yes,Fiber Optic,28,No,Yes,Yes,No,Yes,Month-to-Month,Yes,Bank Withdrawal,95.9,6503.2,No
5481-NTDOH,Female,67,No,19109,67,Yes,38.47,Yes,Fiber Optic,20,Yes,No,Yes,No,Yes,One Year,Yes,Credit Card,107.05,7142.5,No
0749-IRGQE,Female,68,No,33528,13,No,0,Yes,DSL,9,No,No,No,No,Yes,Month-to-Month,No,Bank Withdrawal,45.3,528.45,No
1754-GKYPY,Male,65,No,25566,22,Yes,22.38,Yes,Fiber Optic,14,No,No,No,No,Yes,Month-to-Month,Yes,Bank Withdrawal,89.75,1938.9,No
1591-MQJTP,Male,76,No,43467,51,Yes,2.21,Yes,Fiber Optic,10,Yes,No,Yes,No,Yes,One Year,Yes,Bank Withdrawal,93.65,4839.15,No
7471-MQPOS,Male,74,Yes,37417,71,Yes,46.11,Yes,DSL,20,No,Yes,Yes,Yes,No,One Year,Yes,Bank Withdrawal,72.9,5139.65,No
3259-KNMRR,Male,72,No,7527,57,Yes,9.1,Yes,DSL,16,No,Yes,Yes,No,Yes,Two Year,Yes,Bank Withdrawal,79.75,4438.2,No
6120-RJKLU,Female,69,No,10558,62,Yes,24.62,Yes,DSL,29,Yes,No,Yes,Yes,Yes,Two Year,Yes,Credit Card,79.95,4819.75,No
4323-OHFOW,Female,72,No,30742,70,Yes,33.74,Yes,Fiber Optic,24,No,Yes,No,Yes,Yes,One Year,Yes,Bank Withdrawal,105.55,7195.35,No
6563-VNPMN,Female,80,No,81986,45,Yes,4.14,Yes,Fiber Optic,20,Yes,Yes,No,Yes,No,Month-to-Month,Yes,Bank Withdrawal,85.7,3778.1,No
2267-WTPYD,Female,77,No,48867,57,Yes,23.05,Yes,Fiber Optic,30,No,Yes,Yes,No,Yes,Month-to-Month,No,Credit Card,94,5438.95,No
9129-UXERG,Female,65,No,51348,18,Yes,1.27,Yes,Fiber Optic,3,No,Yes,No,Yes,No,Month-to-Month,Yes,Credit Card,103.6,1806.35,No
6229-LSCKB,Male,69,No,13129,6,Yes,48.32,Yes,Fiber Optic,11,No,No,No,No,Yes,Month-to-Month,Yes,Bank Withdrawal,79.7,497.6,No
6127-IYJOZ,Male,71,No,26157,1,Yes,40.38,Yes,DSL,6,No,No,No,No,Yes,Month-to-Month,Yes,Credit Card,45.85,45.85,No
8065-QBYTO,Female,68,No,36057,71,Yes,3.91,Yes,Fiber Optic,12,Yes,Yes,No,Yes,Yes,One Year,Yes,Credit Card,99.65,7181.25,No
7921-LMDFQ,Male,69,No,74025,51,Yes,4.14,Yes,Fiber Optic,21,No,No,Yes,No,Yes,One Year,Yes,Bank Withdrawal,94,4905.75,No
5820-PTRYM,Female,75,No,12884,56,Yes,26.82,Yes,Cable,18,Yes,Yes,Yes,Yes,Yes,One Year,Yes,Credit Card,68.45,4014,No
6211-WHMYA,Female,77,No,9278,64,No,0,Yes,DSL,21,No,Yes,No,Yes,No,Month-to-Month,Yes,Bank Withdrawal,43.85,2751,No
3454-JFUBC,Male,66,No,1831,68,Yes,10.48,No,None,0,No,No,No,No,No,Two Year,Yes,Credit Card,20,1396,No
2451-YMUXS,Male,79,No,44692,67,Yes,28.88,Yes,DSL,11,Yes,Yes,No,Yes,Yes,Two Year,Yes,Bank Withdrawal,64.55,4250.1,No
4690-PKDQG,Female,66,No,47140,42,Yes,22.89,Yes,Fiber Optic,12,No,Yes,Yes,No,Yes,Month-to-Month,Yes,Bank Withdrawal,95.55,3930.6,No
7789-CRUVC,Female,77,No,27959,61,Yes,33.75,Yes,Fiber Optic,29,Yes,Yes,Yes,Yes,Yes,Month-to-Month,Yes,Credit Card,94.2,5895.45,No
9972-VAFJJ,Female,77,No,33083,53,Yes,47.64,Yes,Fiber Optic,25,No,Yes,Yes,Yes,Yes,One Year,Yes,Bank Withdrawal,94,4871.45,No
5981-ZVXOT,Female,72,No,29283,35,Yes,10.73,Yes,Fiber Optic,3,Yes,Yes,Yes,No,Yes,One Year,Yes,Bank Withdrawal,108.35,3726.15,No
2274-XUATA,Male,78,No,1564,72,No,0,Yes,Cable,26,Yes,Yes,Yes,Yes,Yes,Two Year,Yes,Bank Withdrawal,63.1,4685.55,No
0666-UXTJO,Male,80,No,3499,34,Yes,29.66,Yes,Fiber Optic,29,No,No,Yes,No,Yes,Month-to-Month,Yes,Credit Card,85.2,2874.45,No
1035-IPQPU,Female,77,No,131,63,Yes,18.14,Yes,Fiber Optic,2,No,Yes,Yes,No,Yes,Month-to-Month,Yes,Bank Withdrawal,103.5,6479.4,No
2235-DWLJU,Female,75,No,6242,6,No,0,Yes,DSL,24,No,No,No,No,Yes,Month-to-Month,Yes,Bank Withdrawal,44.4,263.05,No
3605-JISKB,Male,67,No,14104,55,Yes,9.08,Yes,Cable,23,Yes,Yes,No,No,Yes,One Year,No,Credit Card,60,3316.1,No
3668-QPYBK,Male,37,No,58198,2,Yes,10.47,Yes,DSL,21,Yes,Yes,No,No,Yes,Month-to-Month,Yes,Credit Card,53.85,108.15,Yes
9237-HQITU,Female,19,Yes,43019,2,Yes,9.12,Yes,Fiber Optic,51,No,No,No,No,Yes,Month-to-Month,Yes,Bank Withdrawal,70.7,151.65,Yes
9305-CDSKC,Female,31,Yes,62784,8,Yes,12.15,Yes,Cable,26,No,No,Yes,No,Yes,Month-to-Month,Yes,Bank Withdrawal,99.65,820.5,Yes
7892-POOKP,Female,23,Yes,1957,28,Yes,4.89,Yes,Fiber Optic,47,No,No,Yes,Yes,Yes,Month-to-Month,Yes,Bank Withdrawal,104.8,3046.05,Yes
0280-XJGEX,Male,38,Yes,15140,49,Yes,44.33,Yes,Fiber Optic,11,No,Yes,Yes,No,Yes,Month-to-Month,Yes,Bank Withdrawal,103.7,5036.3,Yes
4190-MFLUW,Female,21,No,4258,10,Yes,9.41,Yes,Cable,69,No,No,Yes,Yes,Yes,Month-to-Month,No,Credit Card,55.2,528.35,Yes
1066-JKSGK,Male,29,No,44150,1,Yes,33.58,No,None,0,No,No,No,No,No,Month-to-Month,No,Credit Card,20.15,20.15,Yes
6467-CHFZW,Male,61,Yes,30568,47,Yes,31.35,Yes,Fiber Optic,16,No,Yes,No,No,Yes,Month-to-Month,Yes,Bank Withdrawal,99.35,4749.15,Yes
8665-UTDHZ,Male,27,No,41713,1,No,0,Yes,DSL,58,No,Yes,No,No,Yes,Month-to-Month,No,Bank Withdrawal,30.2,30.2,Yes
8773-HHUOZ,Female,20,No,46960,17,Yes,40.55,Yes,Cable,41,No,No,No,No,Yes,Month-to-Month,Yes,Credit Card,64.7,1093.1,Yes
6047-YHPVI,Male,56,Yes,29310,5,Yes,12.6,Yes,Fiber Optic,58,No,No,No,No,Yes,Month-to-Month,Yes,Bank Withdrawal,69.7,316.9,Yes
5380-WJKOV,Male,51,Yes,27866,34,Yes,21.69,Yes,Fiber Optic,28,No,Yes,Yes,No,Yes,Month-to-Month,Yes,Bank Withdrawal,106.35,3549.25,Yes
8168-UQWWF,Female,48,Yes,64672,11,Yes,27.57,Yes,Cable,18,No,No,Yes,No,Yes,Month-to-Month,Yes,Bank Withdrawal,97.85,1105.4,Yes
7760-OYPDY,Female,32,Yes,8115,2,Yes,5.85,Yes,Fiber Optic,19,No,No,No,No,No,Month-to-Month,Yes,Bank Withdrawal,80.65,144.15,Yes
9420-LOJKX,Female,34,Yes,24511,15,Yes,3.96,Yes,Fiber Optic,20,Yes,Yes,No,No,Yes,Month-to-Month,Yes,Credit Card,99.1,1426.4,Yes
5698-BQJOH,Female,41,Yes,8321,9,Yes,27.21,Yes,Fiber Optic,29,No,No,No,No,Yes,Month-to-Month,No,Bank Withdrawal,94.4,857.25,Yes
5919-TMRGD,Female,32,Yes,78114,1,Yes,13.13,Yes,Fiber Optic,57,No,No,No,No,Yes,Month-to-Month,Yes,Bank Withdrawal,79.35,79.35,Yes
9191-MYQKX,Female,34,Yes,69850,7,Yes,8.69,Yes,Fiber Optic,53,No,No,Yes,No,Yes,Month-to-Month,Yes,Bank Withdrawal,75.15,496.9,Yes
8637-XJIVR,Female,34,Yes,18058,12,Yes,25.34,Yes,Fiber Optic,56,Yes,No,No,No,No,Month-to-Month,Yes,Bank Withdrawal,78.95,927.35,Yes
0278-YXOOG,Male,30,No,37527,5,Yes,34.26,No,None,0,No,No,No,No,No,Month-to-Month,No,Credit Card,21.05,113.85,Yes
3192-NQECA,Male,26,No,23559,68,Yes,14.79,Yes,Fiber Optic,47,No,Yes,Yes,Yes,Yes,Two Year,Yes,Bank Withdrawal,110,7611.85,Yes
0486-HECZI,Male,37,Yes,31678,55,Yes,49.06,Yes,Fiber Optic,27,Yes,Yes,No,No,Yes,Month-to-Month,Yes,Bank Withdrawal,96.75,5238.9,Yes
5299-RULOA,Female,62,Yes,32148,10,Yes,24.48,Yes,Fiber Optic,30,Yes,No,No,No,Yes,Month-to-Month,Yes,Bank Withdrawal,100.25,1064.65,Yes
0404-SWRVG,Male,21,Yes,67354,3,Yes,14.6,Yes,Fiber Optic,71,No,No,No,No,Yes,Month-to-Month,Yes,Bank Withdrawal,74.4,229.55,Yes
6207-WIOLX,Female,27,No,3699,25,No,0,Yes,DSL,48,Yes,Yes,Yes,No,Yes,Month-to-Month,Yes,Credit Card,58.6,1502.65,Yes
3091-FYHKI,Male,64,No,24660,1,No,0,Yes,DSL,22,No,No,No,No,Yes,Month-to-Month,Yes,Bank Withdrawal,35.45,35.45,Yes
2372-HWUHI,Male,45,No,30173,2,Yes,46.84,Yes,DSL,3,No,No,No,No,Yes,Month-to-Month,No,Bank Withdrawal,44.35,81.25,Yes
4080-OGPJL,Female,53,No,58639,8,Yes,48.14,Yes,DSL,18,Yes,No,No,Yes,Yes,Month-to-Month,No,Bank Withdrawal,71.15,563.65,Yes
2135-RXIHG,Male,63,No,55486,1,Yes,14.12,Yes,Cable,24,No,No,No,No,Yes,Month-to-Month,Yes,Bank Withdrawal,45.65,45.65,Yes
3874-EQOEP,Male,32,Yes,43467,7,Yes,20.52,Yes,Cable,28,No,No,No,No,No,Month-to-Month,No,Credit Card,95,655.5,Yes
0867-MKZVY,Female,26,Yes,36243,20,Yes,36.6,Yes,Fiber Optic,51,Yes,No,No,No,Yes,Month-to-Month,No,Bank Withdrawal,82.4,1592.35,Yes
3376-BMGFE,Female,42,Yes,41067,4,Yes,33.5,Yes,Fiber Optic,27,No,No,No,No,Yes,Month-to-Month,Yes,Bank Withdrawal,70.9,273,Yes
1875-QIVME,Female,26,Yes,26753,2,Yes,11.51,Yes,Fiber Optic,53,No,No,Yes,Yes,Yes,Month-to-Month,Yes,Bank Withdrawal,104.4,242.8,Yes
0691-JVSYA,Female,24,No,27891,53,Yes,40.62,Yes,Fiber Optic,73,No,No,Yes,No,Yes,One Year,Yes,Bank Withdrawal,94.85,5000.2,Yes
6317-YPKDH,Female,54,No,21990,1,No,0,Yes,DSL,27,No,Yes,No,No,Yes,Month-to-Month,No,Bank Withdrawal,29.95,29.95,Yes
9367-WXLCH,Male,51,Yes,17015,8,Yes,25.73,Yes,Fiber Optic,19,No,No,No,No,Yes,Month-to-Month,No,Bank Withdrawal,84.5,662.65,Yes
1918-ZBFQJ,Female,48,Yes,31297,13,Yes,33.54,Yes,Fiber Optic,76,No,Yes,Yes,No,Yes,Month-to-Month,Yes,Bank Withdrawal,79.25,1111.65,Yes
1024-GUALD,Female,29,No,9864,1,No,0,Yes,DSL,29,No,No,No,No,Yes,Month-to-Month,Yes,Bank Withdrawal,24.8,24.8,Yes
2472-OVKUP,Male,39,Yes,49242,6,Yes,42.08,Yes,Fiber Optic,29,No,Yes,Yes,No,Yes,Month-to-Month,Yes,Bank Withdrawal,91,531,Yes
1285-OKIPP,Male,62,Yes,17112,1,Yes,23.2,Yes,Fiber Optic,21,No,No,No,No,Yes,Month-to-Month,No,Bank Withdrawal,79.9,79.9,Yes
7825-ECJRF,Female,43,Yes,40077,19,Yes,28.35,Yes,Fiber Optic,19,Yes,No,Yes,Yes,No,Month-to-Month,Yes,Bank Withdrawal,106.6,1934.45,Yes
7841-TZDMQ,Male,19,No,46639,2,Yes,49.81,Yes,DSL,41,No,No,No,No,Yes,Month-to-Month,Yes,Credit Card,46,84.5,Yes
9408-SSNVZ,Female,39,Yes,9937,4,Yes,29.4,Yes,Fiber Optic,17,No,No,No,No,Yes,Month-to-Month,Yes,Bank Withdrawal,70.15,268.35,Yes
0742-MOABM,Male,50,No,42239,4,Yes,9.67,Yes,Cable,22,No,No,No,Yes,Yes,Month-to-Month,No,Credit Card,50.05,179.35,Yes
2232-DMLXU,Female,22,No,23646,1,Yes,35.6,Yes,DSL,58,No,No,No,No,Yes,Month-to-Month,No,Credit Card,55.2,55.2,Yes
8937-RDTHP,Male,40,Yes,25882,1,Yes,26.85,Yes,Fiber Optic,11,Yes,No,No,No,Yes,Month-to-Month,Yes,Credit Card,84.6,84.6,Yes
1251-KRREG,Male,22,No,36625,2,Yes,44.31,Yes,DSL,73,No,Yes,No,No,Yes,Month-to-Month,Yes,Credit Card,54.4,114.1,Yes
0322-YINQP,Male,37,No,17554,1,Yes,11.35,Yes,DSL,9,Yes,No,No,No,Yes,Month-to-Month,Yes,Credit Card,48.55,48.55,Yes
4629-NRXKX,Female,47,No,30211,2,Yes,46.23,Yes,Fiber Optic,21,No,No,No,No,Yes,Month-to-Month,No,Bank Withdrawal,70.4,147.15,Yes
4959-JOSRX,Female,41,No,84965,2,Yes,30.19,Yes,Cable,16,No,No,No,No,Yes,Month-to-Month,Yes,Credit Card,44.6,80.55,Yes
6323-AYBRX,Male,51,No,54254,59,Yes,26.63,No,None,0,No,No,No,No,No,Two Year,No,Credit Card,19.35,1099.6,Yes
6366-ZGQGL,Male,60,No,69974,1,No,0,Yes,Cable,29,No,No,No,No,Yes,Month-to-Month,No,Bank Withdrawal,24.8,24.8,Yes
5940-AHUHD,Male,30,No,36057,1,Yes,44.59,Yes,Fiber Optic,41,No,No,No,No,Yes,Month-to-Month,No,Credit Card,70.6,70.6,Yes
6432-TWQLB,Male,51,No,61623,5,Yes,42.29,Yes,Fiber Optic,16,No,Yes,No,Yes,Yes,Month-to-Month,Yes,Bank Withdrawal,85.4,401.1,Yes
4484-GLZOU,Female,20,No,33878,52,Yes,10.59,Yes,Fiber Optic,48,No,Yes,Yes,No,Yes,Month-to-Month,Yes,Bank Withdrawal,105.05,5624.85,Yes
9512-UIBFX,Male,52,No,30458,18,Yes,1.51,Yes,Fiber Optic,28,No,No,Yes,No,Yes,Month-to-Month,No,Credit Card,95.15,1779.95,Yes
5583-SXDAG,Male,41,No,30635,1,Yes,19.15,Yes,Fiber Optic,18,No,No,No,No,No,Month-to-Month,No,Bank Withdrawal,70,70,Yes
3580-REOAC,Male,34,No,34902,10,Yes,49.58,Yes,DSL,17,No,No,No,No,Yes,Month-to-Month,Yes,Credit Card,44.85,435.4,Yes
6390-DSAZX,Female,21,No,34902,1,Yes,6.19,Yes,Fiber Optic,52,Yes,No,No,No,Yes,Month-to-Month,Yes,Credit Card,73.6,73.6,Yes
7563-BIUPC,Male,30,No,34902,5,Yes,5.78,Yes,Fiber Optic,52,No,No,No,No,No,Month-to-Month,Yes,Bank Withdrawal,80.6,415.55,Yes
2321-OMBXY,Female,55,No,34902,38,Yes,42.14,Yes,DSL,19,Yes,Yes,No,Yes,Yes,One Year,No,Credit Card,80.3,3058.65,Yes
0122-OAHPZ,Female,29,No,34902,7,Yes,28.62,Yes,Fiber Optic,26,No,No,No,No,Yes,Month-to-Month,Yes,Bank Withdrawal,73.85,511.25,Yes
2868-SNELZ,Female,54,No,34902,2,Yes,5.32,Yes,Fiber Optic,20,No,No,Yes,No,Yes,Month-to-Month,No,Credit Card,80.6,155.8,Yes
4322-RCYMT,Male,63,No,34902,68,Yes,29.18,Yes,DSL,18,No,Yes,Yes,Yes,No,One Year,Yes,Bank Withdrawal,75.8,5293.95,Yes
6680-NENYN,Female,24,No,34902,43,Yes,12.88,Yes,Fiber Optic,59,No,Yes,Yes,No,Yes,Two Year,Yes,Bank Withdrawal,104.6,4759.85,Yes
1343-EHPYB,Male,61,No,34902,63,Yes,48.95,Yes,Fiber Optic,13,No,Yes,Yes,No,Yes,Month-to-Month,Yes,Bank Withdrawal,103.4,6603,Yes
2034-GDRCN,Female,47,No,34902,2,Yes,10.53,Yes,Fiber Optic,8,No,No,No,No,Yes,Month-to-Month,Yes,Bank Withdrawal,90.4,168.2,Yes
0219-YTZUE,Male,26,No,34902,4,Yes,28.77,Yes,Fiber Optic,19,No,Yes,Yes,No,Yes,Month-to-Month,Yes,Bank Withdrawal,84.8,371.9,Yes
4572-DVCGN,Female,40,No,34902,10,Yes,27.1,Yes,Fiber Optic,11,No,No,No,No,Yes,Month-to-Month,Yes,Bank Withdrawal,80.25,846,Yes
1010-DIAUQ,Male,54,No,34902,5,Yes,20.86,Yes,Fiber Optic,8,No,No,Yes,No,Yes,Month-to-Month,No,Bank Withdrawal,96.5,492.55,Yes
0259-GBZSH,Male,22,No,34902,2,Yes,40.43,Yes,Cable,27,No,No,No,No,Yes,Month-to-Month,Yes,Bank Withdrawal,85.65,181.5,Yes
9601-BRXPO,Female,48,No,34902,25,Yes,8.91,Yes,Fiber Optic,10,No,No,Yes,Yes,Yes,Month-to-Month,Yes,Bank Withdrawal,104.95,2566.5,Yes
6905-NIQIN,Male,26,No,34902,1,Yes,14.78,Yes,DSL,59,No,Yes,No,No,Yes,Month-to-Month,No,Credit Card,50.65,50.65,Yes
5167-ZFFMM,Male,64,No,34902,1,Yes,8.56,Yes,Fiber Optic,24,No,Yes,No,No,Yes,Month-to-Month,Yes,Credit Card,90.85,90.85,Yes
6599-CEBNN,Female,63,No,34902,34,Yes,1.55,Yes,Fiber Optic,14,No,Yes,No,No,Yes,Month-to-Month,Yes,Credit Card,73.95,2524.45,Yes
0979-PHULV,Male,30,No,34902,69,Yes,48.8,Yes,Fiber Optic,26,No,No,Yes,No,Yes,Month-to-Month,Yes,Credit Card,99.45,7007.6,Yes
4800-VHZKI,Female,59,No,34902,1,Yes,36.63,No,None,0,No,No,No,No,No,Month-to-Month,Yes,Credit Card,19.9,19.9,Yes
7989-CHGTL,Male,52,No,34902,1,Yes,14.17,No,None,0,No,No,No,No,No,Month-to-Month,Yes,Credit Card,19.6,19.6,Yes
0578-SKVMF,Female,23,No,1632,22,Yes,4.01,Yes,Cable,53,No,Yes,No,No,Yes,Month-to-Month,No,Bank Withdrawal,83.3,1845.9,Yes
9063-ZGTUY,Female,22,No,18980,61,Yes,46.27,No,None,0,No,No,No,No,No,Month-to-Month,Yes,Credit Card,19.4,1182.55,Yes
2957-LOLHO,Male,49,No,42239,12,Yes,11.12,Yes,DSL,14,No,No,No,No,Yes,Month-to-Month,Yes,Bank Withdrawal,45.4,518.9,Yes
7752-XUSCI,Female,20,No,10484,60,Yes,10.7,Yes,Fiber Optic,71,No,Yes,Yes,No,Yes,Month-to-Month,Yes,Bank Withdrawal,105.9,6396.45,Yes
4110-PFEUZ,Female,54,No,678,1,Yes,29.78,Yes,Fiber Optic,13,No,No,No,No,Yes,Month-to-Month,No,Credit Card,69.55,69.55,Yes
0256-LTHVJ,Female,58,No,23,28,Yes,16.85,Yes,Fiber Optic,13,No,No,No,No,Yes,Month-to-Month,Yes,Bank Withdrawal,81.05,2227.1,Yes
0880-TKATG,Male,21,No,5256,4,Yes,9.56,Yes,Fiber Optic,48,No,No,Yes,No,Yes,Month-to-Month,No,Bank Withdrawal,101.15,385.9,Yes
3811-VBYBZ,Male,61,No,1090,7,Yes,47.03,Yes,Fiber Optic,2,No,Yes,No,No,No,Month-to-Month,Yes,Bank Withdrawal,99.8,673.25,Yes
4640-UHDOS,Female,60,No,12463,13,Yes,19.05,Yes,DSL,27,No,No,No,No,Yes,Month-to-Month,No,Bank Withdrawal,55.95,734.35,Yes
3583-EKAPL,Male,25,No,31230,1,Yes,47.22,Yes,Cable,53,No,No,No,No,Yes,Month-to-Month,Yes,Bank Withdrawal,55,55,Yes
9399-APLBT,Female,52,No,18518,1,Yes,21.91,Yes,Fiber Optic,8,No,Yes,No,No,Yes,Month-to-Month,Yes,Bank Withdrawal,74.7,74.7,Yes
2359-KMGLI,Male,52,No,5395,24,Yes,49.3,Yes,Fiber Optic,20,No,Yes,No,No,Yes,Month-to-Month,Yes,Bank Withdrawal,80.25,1861.5,Yes
0306-JAELE,Male,61,No,42239,5,Yes,31.09,Yes,Fiber Optic,11,No,No,No,Yes,Yes,Month-to-Month,Yes,Bank Withdrawal,96.1,453.4,Yes
6227-HWPWX,Female,40,No,63235,15,Yes,4.67,Yes,Fiber Optic,28,No,No,No,No,Yes,Month-to-Month,No,Bank Withdrawal,69,994.8,Yes
0447-BEMNG,Female,28,No,4253,48,No,0,Yes,Cable,58,Yes,No,Yes,No,No,Month-to-Month,Yes,Bank Withdrawal,45.3,2145,Yes
5949-XIKAE,Female,32,No,1779,8,Yes,32.32,Yes,Cable,25,No,Yes,No,No,Yes,Month-to-Month,Yes,Bank Withdrawal,83.55,680.05,Yes
8372-JUXUI,Male,32,No,44556,1,Yes,14.02,Yes,Fiber Optic,2,No,No,No,No,Yes,Month-to-Month,Yes,Bank Withdrawal,74.35,74.35,Yes
0388-EOPEX,Female,28,No,71678,2,Yes,9.79,Yes,Fiber Optic,41,Yes,No,No,No,Yes,Month-to-Month,Yes,Bank Withdrawal,74.4,139.4,Yes
8205-OTCHB,Male,51,No,42425,22,No,0,Yes,DSL,16,No,Yes,Yes,No,Yes,One Year,Yes,Bank Withdrawal,43.75,903.6,Yes
7783-YKGDV,Female,49,No,1005,12,Yes,16.07,Yes,Fiber Optic,14,Yes,Yes,Yes,No,Yes,Month-to-Month,Yes,Bank Withdrawal,99.7,1238.45,Yes
7218-HKQFK,Male,49,No,4283,2,Yes,18.79,Yes,Fiber Optic,19,No,No,No,Yes,Yes,Month-to-Month,Yes,Bank Withdrawal,94.2,167.5,Yes
4636-QRJKY,Female,64,No,3588,6,Yes,36.12,Yes,Fiber Optic,23,No,No,No,Yes,Yes,Month-to-Month,Yes,Bank Withdrawal,80.5,502.85,Yes
9412-GHEEC,Male,55,No,18311,40,Yes,35.58,Yes,Fiber Optic,8,No,No,Yes,Yes,Yes,Month-to-Month,No,Bank Withdrawal,104.8,4131.95,Yes
6825-UYPFK,Female,47,No,18161,23,Yes,27.61,Yes,Fiber Optic,23,No,No,No,No,Yes,Month-to-Month,No,Bank Withdrawal,75.6,1758.6,Yes
8397-MVTAZ,Male,22,No,13151,34,Yes,23.09,Yes,Fiber Optic,52,No,No,Yes,No,No,Month-to-Month,Yes,Bank Withdrawal,100.05,3480,Yes
9282-IZGQK,Female,51,No,41062,1,Yes,30.52,Yes,Fiber Optic,30,No,No,No,No,Yes,Month-to-Month,Yes,Bank Withdrawal,85,85,Yes
1342-JPNKI,Male,33,No,59176,10,Yes,5.92,Yes,Fiber Optic,11,No,No,No,No,Yes,Month-to-Month,Yes,Bank Withdrawal,86.05,834.1,Yes
2817-NTQDO,Male,52,No,56517,13,No,0,Yes,DSL,17,Yes,No,No,Yes,Yes,Month-to-Month,Yes,Credit Card,45.55,597,Yes
6986-IJDHX,Male,29,No,42663,39,Yes,40.25,Yes,Fiber Optic,19,No,Yes,No,No,Yes,Month-to-Month,Yes,Credit Card,86.3,3266,Yes
5301-GAUUY,Male,31,No,4242,32,Yes,1.49,Yes,Fiber Optic,21,No,Yes,No,No,Yes,Month-to-Month,Yes,Bank Withdrawal,80.35,2596.15,Yes
0939-YAPAF,Female,44,No,58157,35,Yes,10.49,Yes,Fiber Optic,17,No,No,Yes,No,Yes,Month-to-Month,Yes,Bank Withdrawal,100.25,3527.6,Yes
4710-FDUIZ,Male,50,No,62634,56,Yes,26.15,Yes,Fiber Optic,7,No,Yes,No,No,No,One Year,No,Credit Card,100.3,5614.45,Yes
1218-VKFPE,Female,48,No,68802,12,Yes,19.48,No,None,0,No,No,No,No,No,Month-to-Month,No,Credit Card,19,233.55,Yes
3627-FHKBK,Female,28,No,34398,1,Yes,4.13,Yes,Fiber Optic,51,Yes,No,No,No,Yes,Month-to-Month,No,Mailed Check,75.3,75.3,Yes
0719-SYFRB,Female,52,No,22443,12,Yes,36.24,Yes,DSL,30,Yes,No,Yes,Yes,Yes,Month-to-Month,Yes,Mailed Check,61.65,713.75,Yes
6543-CPZMK,Male,32,No,32899,9,No,0,Yes,DSL,9,No,Yes,No,No,No,Month-to-Month,Yes,Bank Withdrawal,29.95,248.95,Yes
4765-OXPPD,Female,20,No,46894,9,Yes,6.35,Yes,Cable,69,Yes,Yes,Yes,Yes,Yes,Month-to-Month,No,Mailed Check,65,663.05,Yes
1009-IRMNA,Female,27,No,25634,7,Yes,16.04,No,None,0,No,No,No,No,No,Month-to-Month,No,Bank Withdrawal,20,137.6,Yes
7207-RMRDB,Female,20,No,15757,65,Yes,34.14,Yes,Fiber Optic,26,No,Yes,Yes,No,Yes,Month-to-Month,Yes,Bank Withdrawal,105.5,6985.65,Yes
0195-IESCP,Male,26,No,2872,10,Yes,2.02,Yes,Fiber Optic,82,No,No,No,No,No,Month-to-Month,Yes,Bank Withdrawal,85.25,855.3,Yes
4580-TMHJU,Female,57,No,14697,43,Yes,37.25,Yes,DSL,20,No,No,No,No,Yes,Month-to-Month,No,Bank Withdrawal,56.15,2499.3,Yes
0970-ETWGE,Male,38,No,1954,1,Yes,42.46,Yes,Cable,27,No,No,No,No,Yes,Month-to-Month,Yes,Bank Withdrawal,89.55,89.55,Yes
0887-HJGAR,Male,57,No,18036,1,Yes,5.55,Yes,DSL,13,No,No,No,No,Yes,Month-to-Month,Yes,Mailed Check,45.7,45.7,Yes
9576-ANLXO,Female,30,No,9318,3,Yes,26.26,Yes,Fiber Optic,30,No,No,No,No,Yes,Month-to-Month,Yes,Bank Withdrawal,69.55,222.3,Yes
2024-BASKD,Female,23,No,13333,1,Yes,22.16,Yes,Fiber Optic,47,No,No,Yes,No,No,Month-to-Month,Yes,Mailed Check,74.6,74.6,Yes
4464-JCOLN,Male,40,No,6918,2,Yes,15.14,No,None,0,No,No,No,No,No,One Year,No,Mailed Check,19.85,35.9,Yes
5650-VDUDS,Female,48,No,1873,4,No,0,Yes,Cable,16,No,No,No,No,Yes,Month-to-Month,Yes,Mailed Check,24.25,96.05,Yes
7538-GWHML,Female,52,No,293,2,Yes,7.64,Yes,Fiber Optic,27,No,No,No,No,Yes,Month-to-Month,No,Bank Withdrawal,69.65,145.15,Yes
3859-CVCET,Female,47,No,15508,4,Yes,45.4,Yes,DSL,27,No,No,No,No,Yes,Month-to-Month,No,Mailed Check,45.65,191.05,Yes
3276-HDUEG,Female,23,No,46171,1,Yes,32.86,Yes,Fiber Optic,58,No,No,No,No,Yes,Month-to-Month,Yes,Mailed Check,75.05,75.05,Yes
0822-GAVAP,Female,19,No,266,2,No,0,Yes,DSL,76,No,No,No,No,Yes,Month-to-Month,Yes,Bank Withdrawal,34.7,62.25,Yes
1448-PWKYE,Male,48,No,15177,1,Yes,35.71,Yes,Cable,3,No,No,No,No,Yes,Month-to-Month,No,Bank Withdrawal,80,80,Yes
2276-YDAVZ,Female,63,No,47224,3,Yes,26.52,Yes,Fiber Optic,10,No,No,No,No,Yes,Month-to-Month,Yes,Credit Card,75.1,270.7,Yes
5896-NPFWW,Male,23,No,47224,3,Yes,13.54,Yes,Cable,51,No,No,Yes,No,Yes,Month-to-Month,Yes,Bank Withdrawal,50.15,168.15,Yes
7133-VBDCG,Female,54,No,47224,25,Yes,26.81,Yes,Fiber Optic,12,Yes,Yes,No,No,Yes,Month-to-Month,Yes,Bank Withdrawal,79.85,2015.35,Yes
1029-QFBEN,Male,27,No,47224,1,Yes,38.44,No,None,0,No,No,No,No,No,Month-to-Month,No,Mailed Check,19.55,19.55,Yes
4952-YSOGZ,Female,48,No,47224,4,Yes,4.14,Yes,Fiber Optic,30,No,No,No,No,Yes,Month-to-Month,Yes,Bank Withdrawal,85.95,381.3,Yes
1589-AGTLK,Male,26,No,47224,3,Yes,36.48,Yes,DSL,59,No,No,No,No,Yes,Month-to-Month,Yes,Bank Withdrawal,45.35,141.5,Yes
6439-GTPCA,Female,29,No,47224,45,Yes,4.48,Yes,Cable,51,No,No,Yes,Yes,Yes,Month-to-Month,Yes,Bank Withdrawal,87.25,3941.7,Yes
5138-WVKYJ,Male,51,No,47224,10,Yes,27.57,Yes,Fiber Optic,13,Yes,No,No,No,Yes,Month-to-Month,No,Bank Withdrawal,98.55,1008.55,Yes
2189-WWOEW,Female,37,No,1436,15,Yes,24.63,Yes,Fiber Optic,13,No,Yes,No,No,Yes,Month-to-Month,Yes,Bank Withdrawal,85.9,1269.55,Yes
1894-IGFSG,Female,38,No,57794,22,Yes,18.01,Yes,Fiber Optic,2,No,No,No,No,Yes,Month-to-Month,No,Bank Withdrawal,89.25,1907.85,Yes
7379-POKDZ,Male,31,No,49309,3,Yes,26.71,Yes,Fiber Optic,11,No,No,No,No,Yes,Month-to-Month,Yes,Bank Withdrawal,70.3,208.85,Yes
0236-HFWSV,Male,49,No,25370,15,Yes,48.93,Yes,Fiber Optic,15,No,No,No,No,Yes,Month-to-Month,Yes,Bank Withdrawal,93.35,1444.65,Yes
3900-AQPHZ,Female,45,No,1613,1,Yes,49.51,No,None,0,No,No,No,No,No,Month-to-Month,No,Mailed Check,19.9,19.9,Yes
5842-POCOP,Female,37,No,117,5,Yes,41.57,Yes,Cable,27,Yes,No,Yes,No,Yes,Month-to-Month,Yes,Mailed Check,88.9,454.15,Yes
2037-XJFUP,Male,24,No,46171,33,Yes,41.8,Yes,Fiber Optic,41,No,No,Yes,No,No,One Year,Yes,Bank Withdrawal,95.8,3036.75,Yes
7314-OXENN,Male,42,No,46171,2,Yes,41.18,Yes,Fiber Optic,14,No,Yes,No,No,Yes,Month-to-Month,Yes,Bank Withdrawal,82,184.65,Yes
0322-CHQRU,Male,63,No,6787,2,Yes,25.49,Yes,DSL,9,No,No,No,No,Yes,Month-to-Month,No,Bank Withdrawal,45.35,89.5,Yes
4678-DVQEO,Female,41,No,613,1,Yes,34.04,Yes,DSL,23,No,No,No,Yes,Yes,Month-to-Month,Yes,Bank Withdrawal,52.2,52.2,Yes
3009-JWMPU,Male,58,No,1852,62,Yes,22.64,Yes,Fiber Optic,9,No,No,Yes,No,Yes,One Year,Yes,Bank Withdrawal,96.75,6125.4,Yes
1450-GALXR,Female,33,No,1125,10,Yes,14.53,Yes,Fiber Optic,30,No,No,No,Yes,No,Month-to-Month,Yes,Bank Withdrawal,98.5,1058.25,Yes
3138-BKYAV,Male,61,No,14062,6,Yes,11.97,Yes,Fiber Optic,27,No,Yes,No,No,Yes,Month-to-Month,Yes,Bank Withdrawal,85.35,489.45,Yes
4289-DTDKW,Male,54,No,28434,40,Yes,22.56,Yes,Cable,4,No,Yes,No,No,Yes,Month-to-Month,Yes,Bank Withdrawal,101.3,4113.1,Yes
1820-TQVEV,Male,27,No,49247,1,Yes,49.43,Yes,Fiber Optic,48,No,No,No,No,Yes,Month-to-Month,Yes,Bank Withdrawal,69.55,69.55,Yes
2239-JALAW,Male,20,No,48690,58,Yes,44.5,Yes,Fiber Optic,47,No,Yes,Yes,No,Yes,One Year,Yes,Bank Withdrawal,103.25,6017.65,Yes
4853-RULSV,Male,25,No,571,70,Yes,12.19,Yes,Fiber Optic,42,Yes,No,No,Yes,Yes,Two Year,Yes,Credit Card,104,7250.15,Yes
6275-YDUVO,Female,62,No,9780,2,Yes,24.05,Yes,Fiber Optic,27,No,No,Yes,No,Yes,Month-to-Month,Yes,Mailed Check,86.2,178.7,Yes
0115-TFERT,Male,24,No,3258,21,Yes,36.26,Yes,Fiber Optic,59,No,Yes,Yes,Yes,No,Month-to-Month,Yes,Bank Withdrawal,111.2,2317.1,Yes
2311-QYMUQ,Female,41,No,4318,16,Yes,31.73,Yes,Fiber Optic,25,No,Yes,Yes,No,Yes,Month-to-Month,Yes,Credit Card,89.45,1430.25,Yes
3104-OWCGK,Male,21,No,343,60,Yes,33.25,Yes,Fiber Optic,52,No,Yes,Yes,No,Yes,One Year,No,Bank Withdrawal,90.95,5453.4,Yes
9101-BWFSS,Female,58,No,2633,50,Yes,29.43,Yes,Fiber Optic,14,Yes,Yes,No,Yes,Yes,One Year,No,Bank Withdrawal,108.55,5610.7,Yes
6982-SSHFK,Male,45,No,31180,1,Yes,32.44,Yes,DSL,12,No,No,No,No,Yes,Month-to-Month,No,Mailed Check,44.4,44.4,Yes
1038-ZAGBI,Female,59,No,36274,12,Yes,37.65,No,None,0,No,No,No,No,No,One Year,No,Bank Withdrawal,19.8,229.6,Yes
3027-ZTDHO,Male,21,No,6848,1,Yes,32.85,Yes,Fiber Optic,53,No,No,No,No,Yes,Month-to-Month,Yes,Bank Withdrawal,89.9,89.9,Yes
2382-BCKQJ,Female,41,No,48690,62,Yes,32.58,Yes,Fiber Optic,15,No,No,Yes,No,Yes,One Year,Yes,Bank Withdrawal,100.15,6413.65,Yes
2207-NHRJK,Male,58,No,13121,1,Yes,1.28,Yes,DSL,27,No,Yes,No,No,Yes,Month-to-Month,No,Bank Withdrawal,50.8,50.8,Yes
9944-HKVVB,Female,55,No,14477,3,Yes,47.62,Yes,Cable,29,No,Yes,No,No,Yes,Month-to-Month,Yes,Bank Withdrawal,95.1,307.4,Yes
4124-MMETB,Male,52,No,538,22,Yes,46.28,Yes,Fiber Optic,16,No,No,No,No,No,Month-to-Month,Yes,Credit Card,94.65,2104.55,Yes
3671-SHRSP,Male,46,No,21759,4,Yes,14.3,Yes,Fiber Optic,2,No,No,Yes,Yes,Yes,Month-to-Month,Yes,Mailed Check,80.6,319.15,Yes
3313-QKNKB,Male,24,No,4602,59,Yes,6.91,Yes,Fiber Optic,52,No,No,No,No,Yes,One Year,No,Bank Withdrawal,85.55,5084.65,Yes
5073-WXOYN,Female,58,No,25566,60,No,0,Yes,Cable,5,No,Yes,No,No,Yes,Month-to-Month,Yes,Bank Withdrawal,50.8,3027.4,Yes
0207-MDKNV,Female,54,No,47453,15,Yes,22.39,Yes,Fiber Optic,7,Yes,No,Yes,Yes,Yes,Month-to-Month,No,Bank Withdrawal,105.1,1582.75,Yes
9851-KIELU,Male,53,No,148,10,Yes,18.03,Yes,Fiber Optic,6,Yes,Yes,Yes,Yes,Yes,Month-to-Month,Yes,Bank Withdrawal,110.1,1043.3,Yes
3908-BLSYF,Female,40,No,21496,6,Yes,25.93,Yes,Fiber Optic,24,No,No,Yes,No,Yes,Month-to-Month,No,Bank Withdrawal,83.9,497.55,Yes
7549-MYGPK,Female,48,No,32143,63,Yes,8.98,Yes,Fiber Optic,16,Yes,Yes,Yes,No,No,Month-to-Month,Yes,Bank Withdrawal,100.55,6215.35,Yes
3804-RVTGV,Male,55,No,27822,50,Yes,42.21,Yes,Fiber Optic,14,No,Yes,Yes,No,Yes,Month-to-Month,Yes,Bank Withdrawal,103.85,5017.9,Yes
9227-LUNBG,Female,39,No,2055,1,No,0,Yes,DSL,12,No,No,No,No,Yes,Month-to-Month,No,Bank Withdrawal,24.6,24.6,Yes
4315-MURBD,Female,64,No,39566,12,Yes,34.92,Yes,Cable,23,Yes,No,No,Yes,Yes,Month-to-Month,Yes,Bank Withdrawal,98.9,1120.95,Yes
9734-YWGEX,Female,27,No,60599,9,Yes,38.76,Yes,Fiber Optic,82,No,No,Yes,No,Yes,Month-to-Month,No,Credit Card,98.3,923.5,Yes
2719-BDAQO,Male,36,No,64010,17,Yes,4.51,Yes,Fiber Optic,13,Yes,No,No,No,Yes,Month-to-Month,No,Bank Withdrawal,93.85,1625.65,Yes
9625-QSTYE,Female,37,No,27906,13,Yes,3.84,Yes,Fiber Optic,4,No,Yes,Yes,No,Yes,Month-to-Month,Yes,Bank Withdrawal,81.15,952.3,Yes
6400-BWQKW,Female,51,No,23393,6,Yes,19.74,Yes,Fiber Optic,27,Yes,No,No,No,Yes,Month-to-Month,Yes,Bank Withdrawal,79.05,434.5,Yes
6680-WKXRZ,Female,32,No,90891,3,Yes,23.82,Yes,Fiber Optic,24,No,No,No,No,Yes,Month-to-Month,No,Bank Withdrawal,74.4,215.8,Yes
9448-REEVD,Male,21,No,36186,1,Yes,32.08,Yes,DSL,73,No,No,No,No,Yes,Month-to-Month,No,Credit Card,44.7,44.7,Yes
9117-SHLZX,Male,36,No,56126,1,Yes,10.41,Yes,DSL,17,No,No,No,No,Yes,Month-to-Month,Yes,Mailed Check,45.7,45.7,Yes
4541-RMRLG,Male,53,No,60274,7,Yes,9.14,No,None,0,No,No,No,No,No,Month-to-Month,No,Bank Withdrawal,19.25,112.3,Yes
3158-MOERK,Female,57,No,27311,2,Yes,48.34,Yes,Fiber Optic,28,No,No,No,No,Yes,Month-to-Month,Yes,Bank Withdrawal,96,174.8,Yes
7294-TMAOP,Female,30,No,41698,1,Yes,15.44,Yes,Fiber Optic,51,No,No,No,No,No,Month-to-Month,No,Bank Withdrawal,90.55,90.55,Yes
2834-JRTUA,Male,30,No,46677,71,Yes,49.42,Yes,Fiber Optic,53,Yes,No,Yes,Yes,Yes,Two Year,Yes,Bank Withdrawal,108.05,7532.15,Yes
5875-YPQFJ,Male,51,No,33883,1,Yes,45.66,Yes,Fiber Optic,28,No,No,No,No,Yes,Month-to-Month,Yes,Bank Withdrawal,69.9,69.9,Yes
8603-IJWDN,Male,41,No,16717,1,Yes,5.43,Yes,Fiber Optic,18,No,No,No,No,Yes,Month-to-Month,Yes,Bank Withdrawal,86.6,86.6,Yes
3842-IYKUE,Female,28,No,19815,35,Yes,45.14,Yes,Fiber Optic,41,No,Yes,No,Yes,No,Month-to-Month,No,Credit Card,85.3,2917.5,Yes
6641-XRPSU,Female,61,No,26240,34,Yes,4.66,Yes,Fiber Optic,21,No,No,No,No,Yes,Month-to-Month,Yes,Credit Card,70,2416.1,Yes
8357-EQXFO,Female,46,No,66472,7,Yes,48.36,Yes,Fiber Optic,15,No,No,Yes,No,Yes,Month-to-Month,Yes,Bank Withdrawal,95.35,660.9,Yes
9524-EGPJC,Female,33,No,18024,18,Yes,34.21,Yes,Fiber Optic,19,No,No,No,Yes,Yes,Month-to-Month,Yes,Bank Withdrawal,90.1,1612.75,Yes
6993-OHLXR,Female,26,No,40917,2,Yes,30.73,Yes,Fiber Optic,39,No,No,No,No,Yes,Month-to-Month,No,Bank Withdrawal,68.95,119.75,Yes
8818-XYFCQ,Male,39,No,26022,32,Yes,33.57,Yes,Fiber Optic,26,Yes,No,No,No,No,Month-to-Month,Yes,Credit Card,99.55,3204.65,Yes
4695-VADHF,Male,53,No,41876,18,Yes,2.86,Yes,DSL,22,No,No,Yes,No,Yes,Month-to-Month,No,Bank Withdrawal,57.45,990.85,Yes
3863-IUBJR,Male,27,No,21054,12,Yes,27.82,Yes,DSL,26,No,No,No,No,Yes,One Year,No,Credit Card,53.65,696.35,Yes
8436-BJUMM,Male,62,No,15882,26,Yes,35.9,Yes,Cable,26,No,No,No,No,Yes,Month-to-Month,Yes,Bank Withdrawal,83.75,2070.6,Yes
9948-YPTDG,Male,44,No,28403,38,Yes,35.61,Yes,Fiber Optic,13,Yes,Yes,No,No,No,Month-to-Month,Yes,Bank Withdrawal,79.45,3013.05,Yes
4883-QICIH,Male,37,No,1785,32,Yes,5.99,Yes,Fiber Optic,5,No,No,No,No,Yes,Month-to-Month,Yes,Bank Withdrawal,69.75,2347.9,Yes
8329-IBCTI,Female,50,No,7936,1,Yes,6.08,No,None,0,No,No,No,No,No,Month-to-Month,No,Mailed Check,19.65,19.65,Yes
5669-SRAIP,Female,55,No,6773,5,No,0,Yes,DSL,2,No,No,Yes,No,Yes,Month-to-Month,No,Bank Withdrawal,39.5,210.75,Yes
5981-ITEMU,Male,58,No,406,40,Yes,16.33,Yes,Fiber Optic,23,No,No,No,No,Yes,Month-to-Month,Yes,Bank Withdrawal,97.1,3706.95,Yes
6941-PMGEP,Female,26,No,16429,5,Yes,43.99,Yes,Fiber Optic,42,No,No,No,No,No,Month-to-Month,Yes,Bank Withdrawal,80,412.5,Yes
1624-WOIWJ,Female,40,No,607,10,Yes,45.69,Yes,Fiber Optic,18,Yes,No,No,No,Yes,Month-to-Month,Yes,Mailed Check,84.7,832.05,Yes
2074-GKOWZ,Male,49,No,24741,2,Yes,8.86,Yes,Fiber Optic,23,No,No,No,No,Yes,Month-to-Month,Yes,Bank Withdrawal,89.55,185.55,Yes
0376-YMCJC,Male,21,No,13361,23,Yes,38.69,Yes,Cable,69,No,No,No,Yes,Yes,Month-to-Month,Yes,Bank Withdrawal,90.6,1943.2,Yes
0634-SZPQA,Female,64,No,16849,23,Yes,3.55,Yes,Fiber Optic,4,Yes,No,No,No,Yes,Month-to-Month,Yes,Bank Withdrawal,90.05,2169.8,Yes
5536-RTPWK,Male,54,No,11213,49,Yes,20.48,Yes,Fiber Optic,22,No,Yes,No,No,Yes,Month-to-Month,Yes,Bank Withdrawal,99.05,4853.75,Yes
6166-ILMNY,Female,46,No,384,2,Yes,26.44,Yes,Fiber Optic,24,No,No,No,No,Yes,Month-to-Month,No,Bank Withdrawal,69.75,144.55,Yes
3097-NNSPB,Female,42,No,66,2,Yes,14.7,Yes,DSL,13,No,Yes,No,No,No,Month-to-Month,Yes,Credit Card,49.05,91.1,Yes
0655-RBDUG,Male,32,No,2147,7,Yes,9.25,Yes,Fiber Optic,29,No,No,Yes,No,Yes,Month-to-Month,Yes,Bank Withdrawal,98.05,713,Yes
4361-BKAXE,Female,23,No,10520,41,Yes,21.56,Yes,Fiber Optic,59,Yes,Yes,Yes,Yes,Yes,Month-to-Month,Yes,Bank Withdrawal,114.5,4527.45,Yes
9878-TNQGW,Male,51,No,857,2,Yes,17.33,Yes,Fiber Optic,14,No,No,No,No,Yes,Month-to-Month,Yes,Bank Withdrawal,80.95,171.15,Yes
4607-CHPCA,Male,63,No,5671,25,Yes,35.27,Yes,Fiber Optic,4,No,No,No,No,No,One Year,Yes,Bank Withdrawal,90.4,2178.6,Yes
8824-RWFXJ,Male,21,No,36631,3,Yes,29.29,Yes,Cable,52,No,Yes,Yes,No,Yes,Month-to-Month,Yes,Mailed Check,56.15,168.15,Yes
9763-PDTKK,Female,59,No,52334,4,Yes,39.68,Yes,Fiber Optic,18,Yes,No,Yes,Yes,Yes,Month-to-Month,Yes,Bank Withdrawal,94.4,387.2,Yes
7627-JKIAZ,Female,62,No,51706,37,Yes,37.49,Yes,Fiber Optic,29,No,No,Yes,No,Yes,Month-to-Month,Yes,Credit Card,78.95,2839.65,Yes
4081-DYXAV,Female,27,No,46185,19,No,0,Yes,DSL,48,No,No,No,No,Yes,One Year,Yes,Credit Card,44.85,893.55,Yes
0927-LCSMG,Male,23,No,37570,7,Yes,21.58,Yes,Fiber Optic,71,No,No,Yes,No,No,Month-to-Month,No,Mailed Check,74.65,544.55,Yes
8257-RZAHR,Female,51,No,9657,14,Yes,20.4,Yes,DSL,30,Yes,No,No,No,Yes,Month-to-Month,Yes,Bank Withdrawal,64.7,941,Yes
0841-NULXI,Male,38,No,30814,1,No,0,Yes,DSL,26,No,No,No,No,Yes,Month-to-Month,Yes,Bank Withdrawal,35.55,35.55,Yes
7851-WZEKY,Female,32,No,19109,2,Yes,38.51,Yes,Fiber Optic,25,No,No,No,No,Yes,Month-to-Month,Yes,Bank Withdrawal,95.15,196.9,Yes
8844-TONUD,Male,54,No,6317,13,Yes,45.6,Yes,Fiber Optic,11,No,No,Yes,No,Yes,Month-to-Month,Yes,Mailed Check,96.65,1162.85,Yes
5868-CZJDR,Male,41,No,3148,1,No,0,Yes,DSL,6,No,Yes,No,No,No,Month-to-Month,Yes,Mailed Check,31.35,31.35,Yes
0135-NMXAP,Female,57,No,45755,12,Yes,14.38,Yes,Fiber Optic,6,No,Yes,No,No,Yes,Month-to-Month,Yes,Bank Withdrawal,89.75,1052.4,Yes
6270-OMFIW,Male,33,No,11266,60,Yes,47.4,Yes,Cable,29,No,Yes,No,No,Yes,One Year,Yes,Bank Withdrawal,94.4,5610.25,Yes
0107-WESLM,Male,32,No,2198,1,Yes,31.77,No,None,0,No,No,No,No,No,Month-to-Month,Yes,Bank Withdrawal,19.85,19.85,Yes
3992-YWPKO,Female,55,No,27808,6,Yes,20.36,Yes,Fiber Optic,10,No,Yes,Yes,Yes,Yes,Month-to-Month,Yes,Credit Card,109.9,669.45,Yes
0125-LZQXK,Male,42,No,167,15,Yes,45.92,Yes,Fiber Optic,12,No,No,Yes,Yes,Yes,Month-to-Month,Yes,Bank Withdrawal,101.35,1553.95,Yes
5673-FSSMF,Female,19,No,10159,1,Yes,33.48,Yes,Cable,59,No,No,No,No,No,Month-to-Month,Yes,Bank Withdrawal,60.15,60.15,Yes
1579-KLYDT,Male,31,No,1055,7,Yes,35.91,Yes,Fiber Optic,27,No,No,Yes,No,Yes,Month-to-Month,Yes,Bank Withdrawal,90.45,593.45,Yes
3927-NLNRY,Male,48,No,683,53,Yes,15.77,Yes,Fiber Optic,9,No,Yes,No,No,Yes,One Year,Yes,Bank Withdrawal,94.25,4867.95,Yes
6358-LYNGM,Male,26,No,10226,1,Yes,1.84,Yes,Fiber Optic,76,No,No,No,No,Yes,Month-to-Month,Yes,Bank Withdrawal,74.9,74.9,Yes
5494-HECPR,Female,34,No,1278,1,Yes,32.92,Yes,Fiber Optic,3,No,No,No,No,Yes,Month-to-Month,Yes,Bank Withdrawal,80.25,80.25,Yes
9824-BEMCV,Male,58,No,52872,17,Yes,44.97,Yes,Fiber Optic,11,No,No,No,No,Yes,Month-to-Month,Yes,Bank Withdrawal,69,1149.65,Yes
1373-ORVIZ,Female,62,No,47536,11,Yes,15.69,Yes,DSL,12,No,No,No,Yes,Yes,Month-to-Month,Yes,Bank Withdrawal,66.35,740.8,Yes
9866-QEVEE,Male,58,No,26055,19,Yes,20.41,Yes,Fiber Optic,11,No,No,No,No,No,Month-to-Month,Yes,Bank Withdrawal,86,1532.45,Yes
9897-KXHCM,Female,37,No,13343,3,Yes,48.38,Yes,Fiber Optic,14,No,No,No,No,Yes,Month-to-Month,Yes,Bank Withdrawal,80.3,250.05,Yes
7979-CORPM,Male,40,No,25384,24,Yes,35.93,Yes,Fiber Optic,5,No,Yes,No,No,Yes,Month-to-Month,Yes,Credit Card,90.55,2282.55,Yes
1618-CFHME,Female,30,No,16525,2,Yes,26.87,Yes,Fiber Optic,52,No,No,No,No,Yes,Month-to-Month,Yes,Bank Withdrawal,75.9,143.35,Yes
3165-HDOEW,Male,47,No,12466,1,Yes,14.9,Yes,DSL,6,No,No,No,No,Yes,Month-to-Month,Yes,Credit Card,45.85,45.85,Yes
6581-NQCBA,Female,36,No,1158,16,No,0,Yes,DSL,29,No,No,No,Yes,Yes,Month-to-Month,Yes,Bank Withdrawal,49.95,810.2,Yes
1689-MRZQR,Male,36,No,24708,34,Yes,13.45,Yes,Fiber Optic,12,No,No,No,No,Yes,Month-to-Month,No,Bank Withdrawal,78.3,2564.3,Yes
5835-BEQEU,Male,44,No,48690,3,Yes,38.38,Yes,Fiber Optic,23,No,No,No,No,No,Month-to-Month,Yes,Bank Withdrawal,76.95,228.4,Yes
5552-ZNFSJ,Male,49,No,30876,1,Yes,34.37,Yes,DSL,28,No,No,No,No,Yes,Month-to-Month,No,Bank Withdrawal,45.3,45.3,Yes
2223-KAGMX,Female,47,No,25718,15,Yes,33.14,No,None,0,No,No,No,No,No,Month-to-Month,No,Bank Withdrawal,19.4,289.3,Yes
7321-PKUYW,Female,46,No,176,11,Yes,22.36,Yes,Cable,3,No,No,No,Yes,Yes,Month-to-Month,No,Bank Withdrawal,90.15,987.95,Yes
2833-SLKDQ,Male,23,No,333,1,Yes,48.03,Yes,Cable,73,No,No,No,No,Yes,Month-to-Month,No,Credit Card,45.05,45.05,Yes
7595-EUIVN,Female,53,No,13485,1,Yes,14.48,Yes,Fiber Optic,26,No,Yes,No,No,Yes,Month-to-Month,No,Bank Withdrawal,75.8,75.8,Yes
2026-TGDHM,Female,54,No,9210,7,Yes,19.21,Yes,Fiber Optic,16,No,No,No,No,No,Month-to-Month,Yes,Bank Withdrawal,79.3,523.15,Yes
4030-VPZBD,Female,53,No,371,2,No,0,Yes,DSL,18,No,No,No,Yes,Yes,Month-to-Month,Yes,Bank Withdrawal,30.9,59.05,Yes
2408-TZMJL,Male,43,No,1916,59,Yes,22.71,Yes,Fiber Optic,26,Yes,Yes,Yes,No,Yes,One Year,Yes,Bank Withdrawal,110.15,6448.05,Yes
7993-PYKOF,Male,20,No,298,8,Yes,5.34,Yes,Fiber Optic,42,Yes,No,No,No,Yes,Month-to-Month,No,Bank Withdrawal,75,632.95,Yes
5027-XWQHA,Male,35,No,30988,6,Yes,41.16,Yes,Cable,10,No,No,No,No,No,Month-to-Month,No,Bank Withdrawal,44.75,270.95,Yes
4566-QVRRW,Female,41,No,240,11,Yes,24.83,Yes,DSL,30,No,No,No,No,Yes,Month-to-Month,Yes,Bank Withdrawal,44.05,483.7,Yes
0201-OAMXR,Female,30,No,15921,70,Yes,10.21,Yes,Fiber Optic,52,Yes,Yes,Yes,Yes,Yes,One Year,No,Credit Card,115.55,8127.6,Yes
7831-QGOXH,Female,27,No,1584,18,Yes,24.4,Yes,Fiber Optic,71,No,No,No,No,Yes,Month-to-Month,Yes,Bank Withdrawal,85.2,1553.9,Yes
6393-WRYZE,Female,35,No,695,34,Yes,43.33,Yes,Fiber Optic,16,No,No,No,No,Yes,Month-to-Month,Yes,Bank Withdrawal,97.65,3207.55,Yes
6599-RCLCJ,Male,54,No,42239,47,Yes,7.62,Yes,Fiber Optic,20,No,Yes,Yes,Yes,No,Month-to-Month,Yes,Bank Withdrawal,109.55,5124.55,Yes
9831-BPFRI,Female,50,No,2965,39,Yes,35.32,Yes,Fiber Optic,30,No,Yes,Yes,Yes,Yes,One Year,Yes,Bank Withdrawal,89.55,3474.45,Yes
1725-MIMXW,Male,42,No,82,1,Yes,48.96,No,None,0,No,No,No,No,No,Month-to-Month,Yes,Credit Card,19.45,19.45,Yes
0031-PVLZI,Female,34,No,155,4,Yes,12.43,No,None,0,No,No,No,No,No,Month-to-Month,No,Credit Card,20.35,76.35,Yes
4791-QRGMF,Male,33,No,867,59,Yes,10.76,Yes,Fiber Optic,5,No,No,Yes,No,Yes,One Year,Yes,Bank Withdrawal,99.5,5961.1,Yes
4671-LXRDQ,Male,44,No,660,2,Yes,17.25,Yes,Cable,3,No,No,No,No,No,Month-to-Month,Yes,Credit Card,45,96.45,Yes
1934-SJVJK,Male,35,No,2020,1,Yes,40.51,No,None,0,No,No,No,No,No,Month-to-Month,No,Credit Card,20.15,20.15,Yes
3838-OZURD,Male,28,No,202,66,Yes,7.28,Yes,Fiber Optic,51,No,Yes,Yes,No,Yes,Month-to-Month,Yes,Credit Card,105,7133.25,Yes
9269-CQOOL,Male,58,No,2369,3,Yes,2.88,Yes,DSL,17,No,No,No,No,Yes,Month-to-Month,Yes,Credit Card,54.7,169.45,Yes
2845-HSJCY,Female,49,No,42239,14,Yes,29.18,Yes,Fiber Optic,19,No,No,Yes,No,Yes,Month-to-Month,Yes,Bank Withdrawal,87.25,1258.6,Yes
1184-PJVDB,Male,38,No,222,10,Yes,11.3,Yes,Fiber Optic,4,No,No,No,No,Yes,Month-to-Month,Yes,Bank Withdrawal,79.95,857.2,Yes
9415-DPEWS,Female,47,No,58830,18,Yes,12.67,Yes,Fiber Optic,23,No,No,No,Yes,Yes,Month-to-Month,Yes,Bank Withdrawal,88.35,1639.3,Yes
7943-RQCHR,Female,34,No,67411,9,Yes,10.07,Yes,Fiber Optic,26,No,No,No,No,No,Month-to-Month,Yes,Bank Withdrawal,94.75,889.9,Yes
3249-ZPQRG,Male,28,No,4426,4,Yes,42.06,Yes,Fiber Optic,58,No,Yes,No,No,Yes,Month-to-Month,No,Bank Withdrawal,78.45,330.05,Yes
2568-BRGYX,Male,43,No,18529,4,Yes,13.02,Yes,Fiber Optic,15,No,No,No,No,Yes,Month-to-Month,Yes,Bank Withdrawal,70.2,237.95,Yes
7721-JXEAW,Male,23,No,38534,59,No,0,Yes,DSL,69,No,Yes,No,No,Yes,Month-to-Month,Yes,Bank Withdrawal,41.05,2452.7,Yes
7249-WBIYX,Male,63,No,171,10,Yes,30.1,Yes,Cable,29,No,No,No,No,Yes,Month-to-Month,Yes,Bank Withdrawal,85.6,813.85,Yes
3164-AALRN,Male,39,No,1140,5,Yes,45.25,Yes,DSL,22,No,No,Yes,No,No,One Year,Yes,Credit Card,70,347.4,Yes
3334-CTHOL,Female,51,No,6202,1,Yes,43.49,Yes,Cable,4,No,No,No,No,Yes,Month-to-Month,Yes,Bank Withdrawal,49.95,49.95,Yes
4704-ERYFC,Female,19,No,1793,22,Yes,32.11,Yes,Fiber Optic,52,No,No,No,No,Yes,Month-to-Month,Yes,Bank Withdrawal,69.25,1554,Yes
0471-LVHGK,Male,34,No,32040,41,Yes,15.91,Yes,DSL,29,No,No,Yes,No,Yes,One Year,Yes,Bank Withdrawal,73,3001.2,Yes
9518-RWHZL,Female,39,No,2048,64,Yes,28.13,Yes,Fiber Optic,18,No,No,Yes,No,Yes,One Year,Yes,Credit Card,100.05,6254.2,Yes
6240-EURKS,Female,27,No,2220,18,No,0,Yes,DSL,85,No,No,No,No,No,Month-to-Month,Yes,Bank Withdrawal,35,553,Yes
6960-HVYXR,Female,20,No,14010,1,Yes,35.01,Yes,Fiber Optic,52,No,No,No,No,Yes,Month-to-Month,No,Bank Withdrawal,76,76,Yes
7861-UVUFT,Female,36,No,4731,15,Yes,28.3,Yes,Cable,28,No,No,Yes,No,Yes,Month-to-Month,Yes,Bank Withdrawal,84.3,1308.4,Yes
0680-DFNNY,Male,62,No,8406,15,Yes,40.7,Yes,Fiber Optic,29,No,No,Yes,No,Yes,Month-to-Month,Yes,Bank Withdrawal,101.1,1504.05,Yes
7767-UXAGJ,Male,37,No,8525,1,Yes,28.25,Yes,Cable,9,No,No,No,No,Yes,Month-to-Month,Yes,Bank Withdrawal,50.45,50.45,Yes
1571-SAVHK,Male,20,No,3747,12,Yes,28.16,Yes,Fiber Optic,42,No,No,No,Yes,No,Month-to-Month,Yes,Credit Card,99.95,1132.75,Yes
9546-CQJSU,Female,50,No,88,2,Yes,39.62,Yes,Fiber Optic,7,No,No,Yes,No,Yes,Month-to-Month,Yes,Bank Withdrawal,91.4,193.6,Yes
2951-QOQTK,Male,28,No,25355,4,Yes,42.33,Yes,Fiber Optic,76,No,No,No,Yes,Yes,Month-to-Month,No,Credit Card,80.8,332.45,Yes
3473-XIIIT,Female,61,No,30580,16,Yes,37.83,Yes,Cable,26,No,Yes,No,No,Yes,Month-to-Month,Yes,Bank Withdrawal,100,1534.75,Yes
7893-IXHRQ,Male,53,No,38818,1,Yes,15.91,No,None,0,No,No,No,No,No,Month-to-Month,No,Bank Withdrawal,20.55,20.55,Yes
2952-QAYZF,Male,30,No,54880,5,Yes,36.52,Yes,Fiber Optic,27,No,Yes,Yes,No,Yes,Month-to-Month,Yes,Bank Withdrawal,85.3,424.15,Yes
4763-PGDPO,Female,19,No,42832,4,Yes,41.12,Yes,Fiber Optic,42,No,No,No,No,No,Month-to-Month,No,Bank Withdrawal,70.4,281,Yes
5394-SVGJV,Male,27,No,34894,37,Yes,30.72,Yes,Fiber Optic,42,No,No,No,Yes,Yes,Month-to-Month,No,Bank Withdrawal,98.8,3475.55,Yes
9283-LZQOH,Male,36,No,36432,13,Yes,2.92,Yes,Fiber Optic,21,No,No,No,No,Yes,Month-to-Month,Yes,Credit Card,74.4,896.75,Yes
7079-QRCBC,Female,35,No,23362,24,Yes,37.69,Yes,Fiber Optic,18,No,No,Yes,No,Yes,Month-to-Month,Yes,Bank Withdrawal,98.75,2407.3,Yes
5469-CTCWN,Male,52,No,4796,61,Yes,46.95,Yes,Cable,21,Yes,Yes,No,No,Yes,One Year,Yes,Bank Withdrawal,106,6547.7,Yes
9851-QXEEQ,Male,21,No,626,41,Yes,47.74,Yes,Fiber Optic,48,No,Yes,Yes,No,Yes,Month-to-Month,Yes,Bank Withdrawal,104.7,4346.4,Yes
5208-HFSBT,Female,47,No,262,2,Yes,42.55,Yes,DSL,30,No,Yes,No,Yes,Yes,Month-to-Month,Yes,Credit Card,55.05,102.75,Yes
2667-WYLWJ,Female,44,No,19,8,Yes,46.13,No,None,0,No,No,No,No,No,One Year,Yes,Credit Card,19.75,145,Yes
1092-GANHU,Male,62,No,11168,17,Yes,30.61,Yes,Fiber Optic,7,No,No,Yes,No,Yes,Month-to-Month,Yes,Bank Withdrawal,76.65,1313.55,Yes
7881-EVUAD,Female,49,No,28382,2,No,0,Yes,DSL,21,Yes,Yes,No,No,Yes,Month-to-Month,Yes,Bank Withdrawal,42.6,72.4,Yes
5766-XQXMQ,Female,45,No,495,29,Yes,1.02,Yes,DSL,19,Yes,Yes,Yes,No,Yes,Month-to-Month,Yes,Bank Withdrawal,68.85,1970.5,Yes
3703-VAVCL,Male,51,No,101,2,Yes,46.92,Yes,Fiber Optic,7,No,No,Yes,Yes,Yes,Month-to-Month,No,Credit Card,90,190.05,Yes
8519-QJGJD,Female,42,No,73,14,Yes,18.74,Yes,Cable,20,No,No,Yes,No,Yes,Month-to-Month,No,Bank Withdrawal,75.35,1025.95,Yes
6326-MTTXK,Male,56,No,27786,8,Yes,3.27,Yes,Fiber Optic,6,No,Yes,No,No,Yes,Month-to-Month,No,Bank Withdrawal,100.85,819.55,Yes
0330-IVZHA,Female,55,No,21418,5,Yes,17.08,Yes,Fiber Optic,10,No,No,No,No,Yes,Month-to-Month,No,Bank Withdrawal,69.95,330.15,Yes
2886-KEFUM,Female,50,No,265,63,Yes,1.93,Yes,Fiber Optic,21,No,Yes,Yes,No,No,One Year,Yes,Bank Withdrawal,107.5,6873.75,Yes
4237-RLAQD,Male,58,No,290,1,Yes,44.75,Yes,Cable,12,No,No,No,No,Yes,Month-to-Month,Yes,Credit Card,45.85,45.85,Yes
9651-GTSAQ,Female,44,No,13840,53,Yes,30.09,Yes,Fiber Optic,11,Yes,Yes,Yes,No,Yes,One Year,Yes,Bank Withdrawal,106.1,5769.75,Yes
3186-BAXNB,Female,20,No,12348,1,Yes,17.23,Yes,Fiber Optic,52,No,Yes,No,Yes,Yes,Month-to-Month,No,Bank Withdrawal,91.7,91.7,Yes
0637-YLETY,Female,39,No,960,16,Yes,18.99,Yes,Fiber Optic,30,No,Yes,Yes,No,Yes,Month-to-Month,Yes,Credit Card,95.6,1555.65,Yes
1157-BQCUW,Male,59,No,1902,1,Yes,30.07,Yes,Fiber Optic,26,No,No,No,No,Yes,Month-to-Month,Yes,Bank Withdrawal,74.95,74.95,Yes
2003-CKLOR,Male,62,No,911,66,Yes,25.82,Yes,Cable,26,No,Yes,Yes,No,Yes,Month-to-Month,No,Bank Withdrawal,99.5,6710.5,Yes
9254-RBFON,Female,38,No,482,17,Yes,5.4,Yes,Fiber Optic,8,No,No,Yes,Yes,Yes,One Year,No,Bank Withdrawal,98.6,1704.95,Yes
1205-WNWPJ,Female,54,No,1236,7,Yes,2.24,Yes,DSL,22,No,No,No,Yes,Yes,Month-to-Month,Yes,Credit Card,59.5,415.95,Yes
8387-MOJJT,Female,53,No,240,42,Yes,34.02,Yes,Fiber Optic,18,No,No,No,No,Yes,Month-to-Month,Yes,Credit Card,77.95,3384,Yes
6032-KRXXO,Male,33,No,28201,30,Yes,30.06,Yes,Fiber Optic,19,No,No,No,No,Yes,Month-to-Month,Yes,Bank Withdrawal,90.25,2755.35,Yes
7459-RRWQZ,Female,51,No,28201,15,Yes,47.57,Yes,DSL,26,Yes,No,No,No,Yes,Month-to-Month,Yes,Bank Withdrawal,64.65,994.55,Yes
3092-IGHWF,Male,34,No,28201,67,Yes,28.4,Yes,Cable,10,No,Yes,Yes,No,Yes,One Year,No,Bank Withdrawal,87.4,5918.8,Yes
6352-TWCAU,Female,32,No,28201,35,Yes,19.07,Yes,Fiber Optic,17,No,No,No,No,Yes,Month-to-Month,Yes,Bank Withdrawal,86.45,3029.1,Yes
2929-QNSRW,Female,21,No,28201,56,Yes,19.16,Yes,Fiber Optic,48,No,Yes,No,No,No,One Year,Yes,Bank Withdrawal,98.25,5508.35,Yes
1262-OPMFY,Female,46,No,28201,9,Yes,31.75,Yes,Fiber Optic,25,No,No,Yes,No,Yes,Month-to-Month,Yes,Bank Withdrawal,75.75,655.9,Yes
1899-VXWXM,Male,55,No,28201,48,Yes,24.73,Yes,Fiber Optic,4,No,Yes,Yes,No,Yes,One Year,Yes,Credit Card,106.1,5082.8,Yes
3331-HQDTW,Female,23,No,28201,34,Yes,7.99,Yes,Fiber Optic,76,Yes,Yes,Yes,No,Yes,Month-to-Month,Yes,Credit Card,109.8,3587.25,Yes
5442-XSDCW,Male,61,No,28201,11,Yes,13.33,Yes,Fiber Optic,19,No,No,No,No,No,Month-to-Month,Yes,Bank Withdrawal,79.5,868.5,Yes
3049-NDXFL,Female,30,No,28201,1,Yes,34.47,Yes,Fiber Optic,59,No,No,No,No,Yes,Month-to-Month,No,Credit Card,85.8,85.8,Yes
7963-GQRMY,Female,19,No,67852,3,Yes,44.46,Yes,DSL,51,No,No,No,No,Yes,Month-to-Month,No,Credit Card,44.3,134.5,Yes
1228-FZFRV,Male,37,No,45025,50,Yes,20.88,Yes,Fiber Optic,13,Yes,No,Yes,No,Yes,Month-to-Month,No,Credit Card,105.95,5341.8,Yes
2058-DCJBE,Male,32,No,30596,5,Yes,31.14,Yes,Fiber Optic,5,No,No,No,No,Yes,Month-to-Month,Yes,Bank Withdrawal,69.75,324.6,Yes
5364-XYIRR,Male,44,No,9732,51,Yes,21.08,Yes,Fiber Optic,9,No,No,No,No,Yes,Month-to-Month,Yes,Bank Withdrawal,94.65,4812.75,Yes
4829-AUOAX,Female,57,No,3524,46,Yes,6.18,Yes,Cable,8,No,No,No,No,No,Month-to-Month,No,Bank Withdrawal,96.05,4399.5,Yes
9158-VCTQB,Female,41,No,47487,41,Yes,5.01,Yes,Fiber Optic,10,Yes,Yes,Yes,Yes,Yes,Month-to-Month,Yes,Bank Withdrawal,113.6,4594.95,Yes
6311-UEUME,Female,37,No,41175,29,Yes,44.33,Yes,Fiber Optic,7,No,No,No,No,Yes,Month-to-Month,Yes,Bank Withdrawal,78.9,2384.15,Yes
6839-ITVZJ,Female,35,No,56709,26,Yes,22.33,Yes,DSL,13,No,Yes,No,Yes,Yes,Month-to-Month,Yes,Bank Withdrawal,60.05,1616.15,Yes
0375-HVGXO,Female,31,No,39334,1,No,0,Yes,DSL,8,No,No,No,No,Yes,Month-to-Month,Yes,Bank Withdrawal,34.7,34.7,Yes
8593-WHYHV,Male,46,No,47107,3,Yes,14.28,Yes,Fiber Optic,21,No,No,No,No,Yes,Month-to-Month,Yes,Bank Withdrawal,85.3,264.8,Yes
6097-EQISJ,Female,41,No,3642,66,Yes,48.77,Yes,Fiber Optic,12,No,Yes,Yes,No,No,One Year,Yes,Credit Card,102.45,6615.15,Yes
4423-YLHDV,Female,22,No,38128,21,Yes,38.52,Yes,Fiber Optic,59,Yes,No,Yes,No,Yes,Month-to-Month,Yes,Bank Withdrawal,104.4,2200.25,Yes
0107-YHINA,Male,59,No,29299,1,Yes,40.71,Yes,Fiber Optic,25,No,No,Yes,No,Yes,Month-to-Month,Yes,Bank Withdrawal,99.75,99.75,Yes
8640-SDGKB,Male,39,No,55204,4,Yes,28.89,Yes,DSL,3,No,No,Yes,Yes,Yes,Month-to-Month,Yes,Bank Withdrawal,74.4,299.7,Yes
4116-TZAQJ,Female,23,No,31963,9,Yes,13.86,Yes,Fiber Optic,76,Yes,No,No,No,Yes,Month-to-Month,Yes,Credit Card,74.25,639.65,Yes
3877-JRJIP,Male,50,No,93315,1,Yes,22.05,Yes,Cable,28,No,No,No,No,Yes,Month-to-Month,Yes,Bank Withdrawal,59.85,59.85,Yes
7511-YMXVQ,Male,54,No,69850,9,No,0,Yes,Cable,20,No,No,No,No,No,Month-to-Month,Yes,Bank Withdrawal,45.4,418.8,Yes
7551-JOHTI,Female,54,No,19630,1,Yes,32.45,No,None,0,No,No,No,No,No,Month-to-Month,No,Credit Card,19.5,19.5,Yes
9804-ICWBG,Male,56,No,22548,1,Yes,45.5,Yes,Fiber Optic,12,No,No,No,No,Yes,Month-to-Month,Yes,Bank Withdrawal,69.9,69.9,Yes
5318-IXUZF,Female,50,No,34191,2,Yes,6.2,Yes,Fiber Optic,6,No,Yes,No,No,Yes,Month-to-Month,Yes,Bank Withdrawal,87.15,183.75,Yes
3198-VELRD,Female,47,No,18058,3,Yes,38.09,Yes,Fiber Optic,30,No,No,No,No,Yes,Month-to-Month,Yes,Bank Withdrawal,84.75,264.85,Yes
9436-ZBZCT,Male,40,No,27778,14,Yes,28.65,Yes,Cable,27,No,No,No,Yes,Yes,Month-to-Month,Yes,Bank Withdrawal,89.95,1178.4,Yes
7198-GLXTC,Male,33,No,15505,2,Yes,48.66,Yes,Fiber Optic,21,No,No,No,No,Yes,Month-to-Month,No,Bank Withdrawal,79,143.65,Yes
0516-VRYBW,Female,39,No,29694,18,Yes,8.95,No,None,0,No,No,No,No,No,One Year,No,Bank Withdrawal,20.15,390.85,Yes
8380-PEFPE,Male,60,No,3699,1,Yes,17.54,Yes,Fiber Optic,16,No,No,No,No,Yes,Month-to-Month,Yes,Bank Withdrawal,71.65,71.65,Yes
5687-DKDTV,Female,35,No,72893,4,Yes,37.66,No,None,0,No,No,No,No,No,Month-to-Month,No,Credit Card,20.35,77.5,Yes
7530-HDYDS,Female,26,No,30173,38,Yes,17.66,Yes,Fiber Optic,41,No,Yes,Yes,Yes,Yes,Month-to-Month,Yes,Credit Card,84.25,3264.5,Yes
3096-IZETN,Female,32,No,21065,12,Yes,42.55,Yes,Fiber Optic,18,No,No,No,No,Yes,Month-to-Month,No,Bank Withdrawal,78.1,947.3,Yes
5922-ABDVO,Female,20,No,24180,19,Yes,21.71,Yes,Fiber Optic,47,No,No,Yes,No,No,Month-to-Month,No,Credit Card,89.65,1761.05,Yes
9172-ANCRX,Female,35,No,55486,10,Yes,37.36,Yes,Fiber Optic,28,Yes,No,No,No,Yes,Month-to-Month,Yes,Bank Withdrawal,98.7,973.25,Yes
6910-HADCM,Female,63,No,37417,1,Yes,7.26,Yes,Cable,9,No,No,Yes,No,Yes,Month-to-Month,No,Bank Withdrawal,76.35,76.35,Yes
4816-LXZYW,Female,51,No,35656,23,Yes,33.44,Yes,Fiber Optic,11,No,Yes,No,No,Yes,Month-to-Month,Yes,Bank Withdrawal,79.15,1676.95,Yes
4911-BANWH,Female,44,No,18752,31,Yes,33.38,Yes,Fiber Optic,27,No,No,No,No,Yes,Month-to-Month,Yes,Credit Card,86.55,2697.4,Yes
8496-EJAUI,Male,47,No,26753,19,Yes,1.79,Yes,Fiber Optic,14,No,Yes,No,No,No,Month-to-Month,Yes,Credit Card,73.85,1424.5,Yes
6365-MTGZX,Male,44,No,31297,24,Yes,24.76,Yes,Fiber Optic,2,No,No,No,Yes,Yes,Month-to-Month,Yes,Bank Withdrawal,96,2122.45,Yes
1349-WXNGG,Male,57,No,9864,1,Yes,12,No,None,0,No,No,No,No,No,Month-to-Month,No,Bank Withdrawal,20.05,20.05,Yes
6990-YNRIO,Male,53,No,25303,65,Yes,41.88,Yes,Fiber Optic,7,Yes,No,Yes,Yes,Yes,Two Year,No,Bank Withdrawal,108.65,6937.95,Yes
0621-TWIEM,Male,28,No,30742,10,Yes,34.44,Yes,Cable,69,No,No,No,No,Yes,Month-to-Month,Yes,Bank Withdrawal,45.55,402.6,Yes
2485-ITVKB,Female,36,No,32307,2,No,0,Yes,DSL,12,No,No,No,No,No,Month-to-Month,Yes,Bank Withdrawal,35.1,68.75,Yes
3669-OYSJI,Male,47,No,28067,1,Yes,48.58,Yes,DSL,21,No,No,No,No,Yes,Month-to-Month,No,Credit Card,46.2,46.2,Yes
1612-EOHDH,Female,29,No,97318,1,Yes,30.92,Yes,DSL,69,No,No,No,No,Yes,Month-to-Month,No,Bank Withdrawal,45.15,45.15,Yes
7517-SAWMO,Female,31,No,48867,19,Yes,25.75,Yes,Fiber Optic,22,Yes,No,No,No,Yes,Month-to-Month,Yes,Bank Withdrawal,73.2,1441.1,Yes
4143-HHPMK,Male,46,No,17112,52,Yes,48.13,Yes,Fiber Optic,12,No,Yes,No,No,No,Month-to-Month,Yes,Bank Withdrawal,85.35,4338.6,Yes
7054-LGEQW,Female,23,No,59259,1,Yes,5.12,Yes,DSL,30,No,No,No,No,Yes,Month-to-Month,No,Credit Card,45.95,45.95,Yes
0923-PNFUB,Female,55,No,18735,3,Yes,46.36,Yes,Fiber Optic,4,No,Yes,No,No,Yes,Month-to-Month,No,Bank Withdrawal,83.75,247.25,Yes
3494-JCHRQ,Male,38,No,23646,1,Yes,27.89,Yes,Fiber Optic,20,No,No,No,No,Yes,Month-to-Month,Yes,Bank Withdrawal,70.05,70.05,Yes
6474-FVJLC,Male,61,No,29387,2,Yes,43.47,Yes,Fiber Optic,30,No,No,No,No,Yes,Month-to-Month,Yes,Bank Withdrawal,86,165.45,Yes
4547-LYTDD,Female,35,No,36625,16,Yes,46.99,Yes,Fiber Optic,17,No,No,No,No,Yes,Month-to-Month,No,Bank Withdrawal,72.65,1194.3,Yes
6770-XUAGN,Female,30,No,57146,1,Yes,16.66,No,None,0,No,No,No,No,No,Month-to-Month,Yes,Bank Withdrawal,21,21,Yes
3143-ILDAL,Male,21,No,62660,56,Yes,25.41,Yes,Fiber Optic,51,No,Yes,No,Yes,Yes,Month-to-Month,Yes,Bank Withdrawal,94.45,5124.6,Yes
4720-VSTSI,Female,54,No,33280,44,Yes,40.17,Yes,Fiber Optic,6,No,Yes,Yes,No,Yes,Month-to-Month,Yes,Bank Withdrawal,84.8,3862.55,Yes
3946-MHCZW,Male,50,No,56280,1,Yes,6.95,Yes,DSL,11,No,No,Yes,No,Yes,Month-to-Month,No,Credit Card,50.9,50.9,Yes
6651-AZVTJ,Male,27,No,36057,49,Yes,46.94,Yes,Fiber Optic,73,No,No,Yes,No,No,Month-to-Month,Yes,Bank Withdrawal,99.8,4872.45,Yes
4566-GOLUK,Male,43,No,61623,47,Yes,37.74,Yes,Fiber Optic,7,No,No,Yes,Yes,Yes,Month-to-Month,Yes,Bank Withdrawal,107.35,5118.95,Yes
2484-DGXPZ,Female,45,No,33878,31,Yes,30.07,No,None,0,No,No,No,No,No,Month-to-Month,Yes,Credit Card,19.55,658.95,Yes
4587-NUKOX,Female,60,No,45118,3,Yes,32.43,Yes,Fiber Optic,2,Yes,Yes,No,No,Yes,Month-to-Month,Yes,Bank Withdrawal,79.1,246.5,Yes
0420-BWTPW,Male,40,No,51213,8,No,0,Yes,DSL,16,No,No,No,No,Yes,Month-to-Month,No,Mailed Check,25.5,215.2,Yes
8183-ONMXC,Female,41,No,51213,2,Yes,5.11,Yes,Fiber Optic,6,No,No,No,No,Yes,Month-to-Month,No,Bank Withdrawal,80.75,159.45,Yes
9614-RMGHA,Male,29,No,51213,65,Yes,36.75,Yes,Fiber Optic,73,No,Yes,No,No,Yes,Month-to-Month,Yes,Bank Withdrawal,91.85,5940.85,Yes
5054-IEXZT,Male,41,No,51213,1,Yes,32.82,Yes,Fiber Optic,21,No,Yes,No,No,No,Month-to-Month,Yes,Bank Withdrawal,75.35,75.35,Yes
5834-ASPWA,Male,55,No,51213,1,Yes,11.58,Yes,Fiber Optic,15,No,No,No,No,Yes,Month-to-Month,Yes,Bank Withdrawal,75.45,75.45,Yes
3948-XHGNA,Male,35,No,51213,24,Yes,14.39,Yes,DSL,28,Yes,No,No,No,Yes,Month-to-Month,Yes,Bank Withdrawal,49.55,1210.4,Yes
0565-IYCGT,Male,51,No,51213,69,Yes,29.38,Yes,DSL,9,Yes,Yes,Yes,Yes,Yes,One Year,Yes,Credit Card,78.6,5356.45,Yes
5445-UTODQ,Female,35,No,51213,7,Yes,11.58,Yes,Fiber Optic,27,No,No,No,No,Yes,Month-to-Month,Yes,Bank Withdrawal,81.1,576.65,Yes
1024-VRZHF,Male,39,No,51213,11,Yes,21.58,Yes,Fiber Optic,30,No,No,No,No,Yes,Month-to-Month,Yes,Bank Withdrawal,74.95,825.7,Yes
0348-SDKOL,Female,33,No,51213,58,Yes,3.51,Yes,Fiber Optic,28,No,No,Yes,Yes,No,Month-to-Month,Yes,Credit Card,102.1,5885.4,Yes
4373-MAVJG,Female,64,No,51213,14,Yes,13.64,Yes,Fiber Optic,9,No,Yes,No,No,Yes,Month-to-Month,Yes,Bank Withdrawal,90.9,1259,Yes
8901-HJXTF,Female,46,No,51213,12,No,0,Yes,DSL,27,No,Yes,No,No,Yes,Month-to-Month,No,Mailed Check,29.2,309.1,Yes
5419-KLXBN,Female,36,No,51213,25,Yes,24.64,Yes,Fiber Optic,5,No,Yes,Yes,No,Yes,Month-to-Month,Yes,Bank Withdrawal,89.15,2257.75,Yes
9828-AOQLM,Female,37,No,51213,1,Yes,12.8,Yes,DSL,5,No,No,No,No,Yes,Month-to-Month,Yes,Bank Withdrawal,45.7,45.7,Yes
7615-ESMYF,Female,23,No,51213,2,No,0,Yes,Cable,51,No,No,No,No,Yes,Month-to-Month,No,Bank Withdrawal,44.6,97.1,Yes
3858-VOBET,Male,48,No,51213,23,Yes,28.8,Yes,Cable,13,No,No,No,No,Yes,Month-to-Month,Yes,Bank Withdrawal,74.95,1710.45,Yes
1447-PJGGA,Female,39,No,51213,57,Yes,17.55,Yes,Fiber Optic,15,No,No,Yes,No,Yes,Two Year,Yes,Bank Withdrawal,95.25,5464.65,Yes
8565-CLBZW,Male,23,No,51213,24,Yes,27.97,Yes,Fiber Optic,58,No,No,Yes,No,Yes,Month-to-Month,Yes,Mailed Check,89.85,2165.05,Yes
9139-WQQDY,Female,35,No,51213,49,Yes,26.37,Yes,Fiber Optic,19,No,Yes,No,No,Yes,One Year,No,Mailed Check,100.45,4941.8,Yes
0224-HJAPT,Male,25,No,51213,5,Yes,22.01,Yes,Cable,85,No,No,No,No,Yes,Month-to-Month,No,Bank Withdrawal,47.15,223.15,Yes
8086-OVPWV,Male,58,No,51213,2,Yes,26.47,Yes,Fiber Optic,10,No,No,No,No,No,Month-to-Month,Yes,Bank Withdrawal,80.2,181.1,Yes
9430-FRQOC,Female,33,No,51213,4,Yes,32.46,Yes,Fiber Optic,3,No,No,Yes,Yes,Yes,Month-to-Month,Yes,Mailed Check,87.1,341.45,Yes
3074-GQWYX,Male,30,No,51213,5,Yes,46.88,Yes,Fiber Optic,59,No,No,No,No,Yes,Month-to-Month,Yes,Bank Withdrawal,75.9,357.75,Yes
6845-RGTYS,Female,29,No,51213,47,Yes,2.87,Yes,Fiber Optic,51,Yes,Yes,Yes,No,Yes,Month-to-Month,Yes,Bank Withdrawal,98.75,4533.7,Yes
8861-HGGKB,Female,57,No,51213,10,Yes,17.65,Yes,Fiber Optic,20,No,No,No,No,Yes,Month-to-Month,No,Bank Withdrawal,86.45,830.85,Yes
7065-YUNRY,Female,28,No,51213,1,Yes,39.94,Yes,Cable,59,No,No,No,No,Yes,Month-to-Month,Yes,Mailed Check,45.3,45.3,Yes
7694-VLBWQ,Male,61,No,24093,67,Yes,8.18,Yes,Fiber Optic,3,No,Yes,Yes,No,Yes,One Year,No,Bank Withdrawal,104.1,7040.85,Yes
6481-OGDOO,Male,31,No,47224,67,Yes,30.75,Yes,Fiber Optic,5,Yes,Yes,No,No,Yes,One Year,Yes,Credit Card,90.6,6056.15,Yes
3753-TSEMP,Female,21,No,36351,15,Yes,12.27,Yes,Fiber Optic,76,No,No,No,No,Yes,Month-to-Month,No,Bank Withdrawal,88.15,1390.6,Yes
8305-VHZBZ,Male,55,No,68776,1,Yes,13.27,No,None,0,No,No,No,No,No,Month-to-Month,Yes,Mailed Check,20.2,20.2,Yes
9172-JITSM,Female,47,No,19702,26,Yes,15.37,Yes,Fiber Optic,11,No,No,No,No,Yes,Month-to-Month,Yes,Bank Withdrawal,90.8,2361.8,Yes
6298-QDFNH,Male,48,No,25859,22,Yes,19.19,Yes,Fiber Optic,17,No,Yes,No,No,Yes,Month-to-Month,Yes,Bank Withdrawal,79.35,1730.35,Yes
6173-ITPWD,Male,26,No,3535,47,Yes,17.54,Yes,Fiber Optic,59,No,Yes,Yes,No,No,Month-to-Month,Yes,Bank Withdrawal,83.35,4065,Yes
9734-UYXQI,Female,27,No,42239,2,Yes,24.83,Yes,Cable,52,No,No,No,No,Yes,Month-to-Month,Yes,Bank Withdrawal,49.4,106.55,Yes
2189-UXTKY,Female,27,No,23971,22,Yes,13.11,Yes,DSL,51,Yes,No,No,Yes,Yes,Month-to-Month,Yes,Bank Withdrawal,79.2,1742.75,Yes
4958-GZWIY,Male,61,No,732,7,Yes,5.13,Yes,DSL,4,No,No,Yes,No,Yes,Month-to-Month,No,Bank Withdrawal,48.7,340.25,Yes
6356-ELRKD,Female,29,No,12465,1,Yes,6.67,Yes,Fiber Optic,27,Yes,No,No,No,Yes,Month-to-Month,Yes,Bank Withdrawal,95.6,95.6,Yes
8624-GIOUT,Female,40,No,1632,49,Yes,35.87,Yes,DSL,30,Yes,Yes,No,No,Yes,Month-to-Month,Yes,Credit Card,59.75,2934.3,Yes
3177-LASXD,Female,43,No,2388,1,Yes,40.4,Yes,Cable,13,No,No,No,No,No,Month-to-Month,No,Bank Withdrawal,71.35,71.35,Yes
4897-QSUYC,Female,42,No,42,1,Yes,21.59,No,None,0,No,No,No,No,No,Month-to-Month,Yes,Mailed Check,20.15,20.15,Yes
1084-UQCHV,Male,35,No,301,1,Yes,27.97,Yes,Fiber Optic,18,No,No,No,No,Yes,Month-to-Month,No,Bank Withdrawal,69.75,69.75,Yes
2955-BJZHG,Male,41,No,28819,17,Yes,16.61,Yes,Fiber Optic,3,No,No,No,No,Yes,Month-to-Month,No,Bank Withdrawal,80.85,1400.85,Yes
3806-DXQOM,Female,47,No,904,4,No,0,Yes,DSL,4,Yes,Yes,No,No,Yes,Month-to-Month,Yes,Bank Withdrawal,33.65,137.85,Yes
9300-RENDD,Male,56,No,455,1,Yes,3.13,Yes,Fiber Optic,5,No,No,No,No,Yes,Month-to-Month,Yes,Bank Withdrawal,79.95,79.95,Yes
0761-AETCS,Female,58,No,52202,1,Yes,25.62,No,None,0,No,No,No,No,No,Month-to-Month,No,Bank Withdrawal,19.3,19.3,Yes
2153-MREFK,Female,55,No,414,37,Yes,30.16,Yes,Fiber Optic,4,Yes,No,Yes,Yes,Yes,One Year,Yes,Bank Withdrawal,99.2,3754.6,Yes
3106-ULWFW,Female,32,No,29847,8,Yes,26.41,Yes,Fiber Optic,16,No,No,No,No,Yes,Month-to-Month,Yes,Credit Card,85.2,627.4,Yes
0925-VYDLG,Female,40,No,23,3,Yes,17.87,Yes,Fiber Optic,25,No,No,No,No,Yes,Month-to-Month,No,Bank Withdrawal,75.25,242,Yes
4349-GFQHK,Male,30,No,7324,1,Yes,25.39,Yes,DSL,52,No,No,Yes,No,Yes,Month-to-Month,No,Bank Withdrawal,54.35,54.35,Yes
7802-EFKNY,Male,37,No,36675,5,No,0,Yes,DSL,7,No,No,No,No,Yes,Month-to-Month,Yes,Bank Withdrawal,24.95,100.4,Yes
8035-BUYVG,Male,39,No,5395,40,No,0,Yes,DSL,21,Yes,Yes,Yes,No,Yes,One Year,Yes,Bank Withdrawal,42.35,1716.45,Yes
9787-XVQIU,Male,38,No,1834,1,Yes,39.44,Yes,Fiber Optic,18,No,No,No,No,No,Month-to-Month,Yes,Bank Withdrawal,75.3,75.3,Yes
8945-MUQUF,Male,22,No,42239,51,Yes,44.77,Yes,Fiber Optic,58,Yes,Yes,No,No,Yes,One Year,Yes,Bank Withdrawal,94.8,4837.6,Yes
3023-GFLBR,Female,63,No,12149,33,Yes,14.34,Yes,Fiber Optic,28,No,No,No,No,Yes,Month-to-Month,No,Credit Card,86.15,2745.7,Yes
0524-IAVZO,Female,25,No,3745,30,Yes,4.82,Yes,Fiber Optic,41,No,No,No,No,Yes,Month-to-Month,Yes,Bank Withdrawal,85,2624.25,Yes
2737-YNGYW,Female,29,No,29687,2,Yes,33.89,Yes,Fiber Optic,41,No,No,No,No,Yes,Month-to-Month,No,Bank Withdrawal,80.55,184.1,Yes
5159-YFPKQ,Female,37,No,22983,2,Yes,24.31,Yes,Fiber Optic,16,No,No,Yes,No,Yes,Month-to-Month,Yes,Bank Withdrawal,75.8,160.75,Yes
7927-AUXBZ,Female,45,No,18161,30,Yes,9.34,Yes,Fiber Optic,8,No,No,No,Yes,Yes,Month-to-Month,No,Bank Withdrawal,85.15,2555.9,Yes
7619-ODSGN,Male,63,Yes,10936,24,Yes,17.27,Yes,DSL,18,Yes,No,No,No,Yes,Month-to-Month,No,Bank Withdrawal,54.75,1338.15,Yes
2514-GINMM,Male,60,No,27730,1,Yes,48.97,Yes,Fiber Optic,23,No,No,No,No,No,Month-to-Month,Yes,Bank Withdrawal,79.5,79.5,Yes
2659-VXMWZ,Male,58,No,5597,67,Yes,29.24,Yes,Fiber Optic,21,Yes,Yes,Yes,No,Yes,One Year,Yes,Bank Withdrawal,111.3,7482.1,Yes
4285-GYRQC,Female,63,No,3124,7,Yes,44.66,Yes,Fiber Optic,26,No,No,Yes,No,Yes,Month-to-Month,Yes,Bank Withdrawal,86.25,587.1,Yes
8337-MSSXB,Female,64,No,32268,14,Yes,29.3,Yes,Fiber Optic,26,No,Yes,No,No,No,Month-to-Month,Yes,Bank Withdrawal,86.3,1180.95,Yes
8182-BJDSI,Female,56,No,44117,28,Yes,30.28,Yes,Fiber Optic,30,No,Yes,No,No,Yes,Month-to-Month,Yes,Bank Withdrawal,89.95,2625.55,Yes
2482-CZGBB,Male,41,No,81333,10,Yes,27.28,Yes,Fiber Optic,27,No,No,No,No,Yes,Month-to-Month,Yes,Bank Withdrawal,70,740,Yes
0866-QLSIR,Female,53,No,43491,34,Yes,34.41,Yes,DSL,4,Yes,Yes,No,Yes,Yes,One Year,Yes,Mailed Check,64.4,2088.75,Yes
7181-BQYBV,Female,52,No,15878,1,Yes,25.88,Yes,Fiber Optic,9,Yes,No,Yes,No,Yes,Month-to-Month,Yes,Bank Withdrawal,102.45,102.45,Yes
6204-IEUXJ,Female,30,No,39458,3,Yes,40.67,Yes,Fiber Optic,58,No,No,Yes,Yes,Yes,Month-to-Month,No,Credit Card,80.1,217.55,Yes
4529-CKBCL,Female,51,No,32899,2,Yes,49.79,Yes,Fiber Optic,22,No,No,No,No,No,Month-to-Month,Yes,Bank Withdrawal,80.2,146.05,Yes
2506-CLAKW,Female,20,No,46894,6,Yes,20.26,Yes,Fiber Optic,26,Yes,Yes,Yes,Yes,Yes,Month-to-Month,Yes,Bank Withdrawal,98.15,567.45,Yes
1583-IHQZE,Male,60,No,42853,12,Yes,16.45,Yes,Cable,23,No,Yes,Yes,Yes,Yes,Month-to-Month,Yes,Mailed Check,112.95,1384.75,Yes
0151-ONTOV,Female,43,No,32984,1,Yes,39.81,Yes,Fiber Optic,23,No,No,No,No,Yes,Month-to-Month,No,Mailed Check,70.9,70.9,Yes
0320-JDNQG,Male,28,No,25322,23,Yes,37.95,Yes,Fiber Optic,27,Yes,No,No,Yes,Yes,Month-to-Month,Yes,Bank Withdrawal,99.85,2331.3,Yes
7180-PISOG,Male,41,No,1459,1,Yes,36.44,Yes,Fiber Optic,16,No,No,No,No,Yes,Month-to-Month,Yes,Bank Withdrawal,74.5,74.5,Yes
3571-RFHAR,Male,60,No,32511,65,Yes,9.36,Yes,Fiber Optic,4,No,Yes,Yes,Yes,No,Month-to-Month,Yes,Bank Withdrawal,109.15,6941.2,Yes
9578-VRMNM,Female,48,No,576,16,Yes,47.45,Yes,DSL,30,No,No,Yes,No,Yes,Month-to-Month,Yes,Credit Card,65.2,1043.35,Yes
6140-QNRQQ,Male,42,No,20893,1,Yes,17.27,Yes,Fiber Optic,10,No,No,No,No,Yes,Month-to-Month,Yes,Mailed Check,71.55,71.55,Yes
4307-KTUMW,Male,27,No,12741,53,Yes,31.24,Yes,Fiber Optic,73,Yes,No,Yes,No,Yes,Month-to-Month,No,Bank Withdrawal,93.9,5029.2,Yes
7470-MCQTK,Female,42,No,1054,13,No,0,Yes,DSL,8,No,No,Yes,No,Yes,Month-to-Month,Yes,Bank Withdrawal,48.75,633.4,Yes
7488-MXJIV,Female,63,No,2872,4,Yes,43.32,Yes,Fiber Optic,20,No,No,No,No,No,Month-to-Month,Yes,Bank Withdrawal,85.65,321.65,Yes
2027-FECZV,Male,44,No,1954,12,Yes,25.19,Yes,Fiber Optic,12,No,Yes,Yes,No,Yes,Month-to-Month,Yes,Bank Withdrawal,106.7,1253.9,Yes
2672-DZUOY,Male,46,No,2078,1,No,0,Yes,DSL,5,No,No,No,No,Yes,Month-to-Month,Yes,Bank Withdrawal,25.15,25.15,Yes
3870-MQAMG,Female,21,No,191,54,Yes,2.18,Yes,Fiber Optic,71,No,Yes,Yes,Yes,Yes,One Year,No,Bank Withdrawal,110.35,5893.15,Yes
4800-CZMPC,Female,24,No,37280,48,Yes,6.36,Yes,Fiber Optic,47,Yes,Yes,No,No,Yes,One Year,Yes,Credit Card,103.25,5037.55,Yes
7377-DMMRI,Male,35,No,13333,2,Yes,13.73,Yes,DSL,11,Yes,No,No,No,Yes,Month-to-Month,Yes,Bank Withdrawal,47.8,92.45,Yes
8949-JTMAY,Female,49,No,302,29,Yes,27.75,Yes,Fiber Optic,2,No,No,Yes,No,Yes,Month-to-Month,Yes,Credit Card,98.6,2933.2,Yes
3211-ILJTT,Male,35,No,14937,17,Yes,13.68,Yes,Fiber Optic,11,No,No,No,No,Yes,Month-to-Month,Yes,Bank Withdrawal,70.4,1214.05,Yes
5103-MHMHY,Female,49,Yes,14859,1,Yes,46.17,Yes,Cable,19,No,No,No,No,Yes,Month-to-Month,No,Mailed Check,45.95,45.95,Yes
0235-KGSLC,Female,45,No,4644,1,Yes,33.34,Yes,Fiber Optic,4,No,No,Yes,No,Yes,Month-to-Month,Yes,Credit Card,85.55,85.55,Yes
2884-GBPFB,Female,61,No,10909,35,Yes,10.43,Yes,Fiber Optic,4,No,No,No,No,No,Month-to-Month,Yes,Bank Withdrawal,70.3,2416.55,Yes
5136-KCKGI,Female,22,No,7918,33,Yes,41.61,Yes,Fiber Optic,73,Yes,No,Yes,No,Yes,One Year,Yes,Mailed Check,103.7,3467,Yes
3722-WPXTK,Male,23,No,340,1,Yes,14.26,Yes,Fiber Optic,46,No,No,No,No,Yes,Month-to-Month,Yes,Bank Withdrawal,88.35,88.35,Yes
2929-ERCFZ,Female,22,No,734,8,Yes,38.83,Yes,Fiber Optic,76,No,No,Yes,No,Yes,Month-to-Month,Yes,Bank Withdrawal,94.2,777.3,Yes
7548-SEPYI,Female,62,No,46171,5,Yes,32.12,Yes,Fiber Optic,10,No,Yes,No,No,Yes,Month-to-Month,Yes,Bank Withdrawal,96.25,512.45,Yes
8835-VSDSE,Female,28,No,47224,2,Yes,9.76,Yes,Cable,27,No,No,No,No,Yes,Month-to-Month,Yes,Bank Withdrawal,70.7,141.45,Yes
1623-NLDOT,Female,55,No,35109,42,No,0,Yes,Cable,5,No,Yes,No,Yes,No,One Year,No,Mailed Check,33.55,1445.3,Yes
5236-PERKL,Female,38,No,1613,57,Yes,48.86,Yes,Fiber Optic,6,Yes,Yes,Yes,No,Yes,Two Year,Yes,Bank Withdrawal,112.95,6465,Yes
7854-FOKSF,Male,54,No,14931,1,No,0,Yes,Cable,29,No,No,No,No,Yes,Month-to-Month,No,Bank Withdrawal,35.9,35.9,Yes
2519-FAKOD,Male,30,No,25805,38,Yes,31.27,Yes,Fiber Optic,85,No,No,Yes,No,Yes,Month-to-Month,Yes,Bank Withdrawal,99.25,3777.15,Yes
7089-IVVAZ,Female,26,No,1766,8,Yes,19.68,Yes,Fiber Optic,41,Yes,No,No,Yes,Yes,Month-to-Month,Yes,Bank Withdrawal,103.35,847.3,Yes
9492-TOKRI,Female,55,No,24206,18,Yes,13.65,Yes,Fiber Optic,5,No,Yes,No,No,Yes,Month-to-Month,Yes,Credit Card,90,1527.35,Yes
3325-FUYCG,Male,58,No,1852,28,Yes,9.62,Yes,Fiber Optic,24,Yes,Yes,No,No,Yes,One Year,No,Bank Withdrawal,106.1,2847.4,Yes
8481-YYXWG,Female,30,No,93,5,Yes,10.11,Yes,Fiber Optic,69,No,Yes,No,Yes,Yes,Month-to-Month,Yes,Bank Withdrawal,89.35,461.7,Yes
2609-IAICY,Female,32,No,3376,1,Yes,27.7,Yes,Fiber Optic,19,No,No,No,No,No,Month-to-Month,Yes,Bank Withdrawal,77.15,77.15,Yes
1740-CSDJP,Male,53,No,8521,1,No,0,Yes,DSL,9,No,No,No,No,Yes,Month-to-Month,Yes,Bank Withdrawal,35.25,35.25,Yes
2636-OHFMN,Male,26,No,9780,4,No,0,Yes,DSL,76,No,Yes,No,No,Yes,Month-to-Month,Yes,Bank Withdrawal,48.55,201,Yes
1323-OOEPC,Female,45,No,1314,53,Yes,41.74,Yes,Fiber Optic,24,No,Yes,No,No,Yes,Month-to-Month,Yes,Credit Card,98.4,5149.5,Yes
9921-ZVRHG,Female,44,No,646,14,Yes,1.19,Yes,Fiber Optic,23,No,No,Yes,No,Yes,Month-to-Month,Yes,Bank Withdrawal,80.45,1072,Yes
4701-MLJPN,Male,60,No,47999,31,Yes,1.53,Yes,DSL,6,No,No,Yes,Yes,No,Month-to-Month,Yes,Bank Withdrawal,55.25,1715.65,Yes
9206-GVPEQ,Male,28,No,35790,13,No,0,Yes,Cable,71,Yes,No,No,Yes,Yes,Month-to-Month,Yes,Bank Withdrawal,54.45,706.85,Yes
1596-BBVTG,Male,53,No,33878,35,Yes,25.04,Yes,Fiber Optic,21,No,No,No,No,Yes,Month-to-Month,No,Credit Card,75.35,2636.05,Yes
8433-WXGNA,Male,55,No,53946,2,Yes,42.16,Yes,Cable,2,Yes,No,No,No,Yes,Month-to-Month,Yes,Bank Withdrawal,75.7,189.2,Yes
3707-GNWHM,Male,28,No,6691,1,Yes,21.8,Yes,Fiber Optic,42,No,No,No,No,Yes,Month-to-Month,Yes,Mailed Check,74.25,74.25,Yes
5766-ZJYBB,Male,52,No,3635,1,Yes,3.14,No,None,0,No,No,No,No,No,Month-to-Month,No,Mailed Check,19.4,19.4,Yes
8931-GJJIQ,Female,46,No,40346,9,Yes,29.7,Yes,Fiber Optic,17,No,No,No,No,Yes,Month-to-Month,Yes,Bank Withdrawal,83.3,803.3,Yes
4277-PVRAN,Female,34,No,47453,8,Yes,36.39,Yes,Fiber Optic,7,No,No,No,No,Yes,Month-to-Month,Yes,Bank Withdrawal,80.1,679.3,Yes
0203-HHYIJ,Male,62,No,6876,25,Yes,5.57,No,None,0,No,No,No,No,No,One Year,No,Bank Withdrawal,25.3,676.35,Yes
0952-KMEEH,Male,46,No,27822,13,Yes,3.36,Yes,Fiber Optic,15,Yes,No,No,No,No,Month-to-Month,No,Mailed Check,98.15,1230.25,Yes
8178-EYZUO,Male,48,No,2066,46,Yes,15.78,Yes,Fiber Optic,3,Yes,Yes,No,No,Yes,Month-to-Month,Yes,Bank Withdrawal,93.7,4154.8,Yes
3230-WYKIR,Male,36,No,74641,18,Yes,12.5,Yes,DSL,5,No,No,Yes,Yes,Yes,One Year,Yes,Credit Card,82,1425.45,Yes
0407-BDJKB,Male,59,No,30587,60,Yes,35.22,Yes,Fiber Optic,16,No,Yes,Yes,No,Yes,Month-to-Month,Yes,Bank Withdrawal,95.75,5742.9,Yes
9600-UDOPK,Male,33,No,38756,30,Yes,10.5,Yes,Fiber Optic,22,No,No,No,No,Yes,Month-to-Month,Yes,Credit Card,94.05,2866.45,Yes
4074-SJFFA,Female,44,No,55504,1,Yes,13.01,Yes,DSL,12,No,No,No,No,Yes,Month-to-Month,Yes,Mailed Check,54.75,54.75,Yes
4910-GMJOT,Female,56,No,2240,1,Yes,1.17,Yes,Fiber Optic,27,No,No,No,No,Yes,Month-to-Month,Yes,Bank Withdrawal,94.6,94.6,Yes
4323-SADQS,Male,61,Yes,39888,7,No,0,Yes,Cable,30,Yes,No,No,Yes,Yes,Month-to-Month,Yes,Bank Withdrawal,34.5,279.25,Yes
4446-BZKHU,Male,44,No,32685,61,Yes,45.7,Yes,Fiber Optic,24,No,Yes,Yes,No,Yes,Month-to-Month,Yes,Bank Withdrawal,105.55,6281.45,Yes
5202-IVJNU,Female,56,Yes,3193,39,No,0,Yes,DSL,24,No,No,Yes,No,No,Month-to-Month,No,Credit Card,30.1,1131.3,Yes
5976-JCJRH,Male,36,No,32873,10,Yes,31.72,Yes,Fiber Optic,23,No,No,No,No,Yes,Month-to-Month,Yes,Bank Withdrawal,70.3,738.2,Yes
0137-OCGAB,Female,25,No,77683,1,Yes,1.23,Yes,Fiber Optic,69,No,Yes,No,No,Yes,Month-to-Month,Yes,Mailed Check,80.2,80.2,Yes
3351-NQLDI,Female,41,No,9978,67,Yes,30.94,Yes,Fiber Optic,11,Yes,No,No,Yes,Yes,One Year,Yes,Credit Card,94.35,6341.45,Yes
7593-JNWRU,Male,61,Yes,56126,6,Yes,49.2,Yes,DSL,21,No,No,No,No,Yes,Month-to-Month,Yes,Bank Withdrawal,44.6,260.8,Yes
4588-YBNIB,Female,24,No,46917,1,Yes,5.36,No,None,0,No,No,No,No,No,Month-to-Month,Yes,Credit Card,19.6,19.6,Yes
5028-GZLDO,Male,21,No,16510,2,Yes,36.06,Yes,Fiber Optic,85,No,No,No,No,Yes,Month-to-Month,No,Credit Card,70.7,140.7,Yes
6877-TJMBR,Male,21,No,17964,1,Yes,37.83,Yes,Fiber Optic,51,No,No,No,Yes,Yes,Month-to-Month,Yes,Bank Withdrawal,84.8,84.8,Yes
6769-DCQLI,Male,21,No,494,52,Yes,49.29,Yes,Fiber Optic,51,No,Yes,Yes,Yes,Yes,One Year,Yes,Bank Withdrawal,105,5426.85,Yes
2433-KMEAS,Male,62,No,29636,22,Yes,7.28,Yes,DSL,7,Yes,No,No,No,Yes,Month-to-Month,Yes,Bank Withdrawal,54.45,1127.35,Yes
2195-ZRVAX,Female,40,No,8506,47,Yes,44.26,Yes,Cable,23,No,No,Yes,No,Yes,Month-to-Month,Yes,Bank Withdrawal,85.3,4045.65,Yes
3550-SAHFP,Female,51,No,9423,33,Yes,20.29,Yes,Fiber Optic,30,No,No,No,No,No,Month-to-Month,Yes,Bank Withdrawal,83.35,2757.85,Yes
2011-TRQYE,Male,59,No,223,18,No,0,Yes,DSL,26,No,Yes,Yes,No,Yes,Month-to-Month,Yes,Credit Card,33.5,600,Yes
4873-ILOLJ,Male,64,No,790,24,Yes,32.49,Yes,Fiber Optic,23,No,No,No,No,Yes,Month-to-Month,Yes,Bank Withdrawal,90.35,2238.5,Yes
2725-KXXWT,Male,26,No,42209,1,Yes,23.06,Yes,Fiber Optic,52,No,No,No,No,Yes,Month-to-Month,Yes,Bank Withdrawal,90.75,90.75,Yes
9565-DJPIB,Female,64,No,37218,4,Yes,36.76,Yes,Fiber Optic,20,No,Yes,No,No,Yes,Month-to-Month,No,Credit Card,89.6,365.65,Yes
8348-HFYIV,Male,21,No,54876,2,No,0,Yes,DSL,51,No,No,Yes,No,Yes,Month-to-Month,Yes,Bank Withdrawal,49.25,90.35,Yes
6849-WLEYG,Male,43,Yes,24589,1,Yes,11.91,No,None,0,No,No,No,No,No,Month-to-Month,No,Credit Card,19.75,19.75,Yes
4659-NZRUF,Female,64,No,21097,19,Yes,32.87,Yes,Fiber Optic,17,Yes,Yes,No,No,No,Month-to-Month,Yes,Bank Withdrawal,95.15,1789.25,Yes
8429-XIBUM,Male,44,No,15438,22,Yes,10.33,Yes,Fiber Optic,19,Yes,No,No,No,Yes,Month-to-Month,Yes,Bank Withdrawal,101.35,2317.1,Yes
2608-BHKFN,Female,46,No,19763,4,Yes,12.58,Yes,Fiber Optic,19,No,No,No,No,Yes,Month-to-Month,Yes,Credit Card,70.05,266.9,Yes
7341-LXCAF,Male,24,No,12448,4,Yes,48.64,Yes,Fiber Optic,30,No,No,No,No,Yes,Month-to-Month,Yes,Bank Withdrawal,74.65,301.4,Yes
9462-MJUAW,Male,60,No,10737,4,Yes,30.44,Yes,Cable,10,No,No,No,No,Yes,Month-to-Month,No,Credit Card,50.4,206.6,Yes
8128-YVJRG,Female,61,No,10147,7,Yes,40.32,Yes,Fiber Optic,18,Yes,No,No,No,Yes,Month-to-Month,Yes,Credit Card,79.65,604.7,Yes
1569-TTNYJ,Male,55,No,13984,5,Yes,1.16,Yes,Fiber Optic,7,No,Yes,No,No,No,Month-to-Month,Yes,Bank Withdrawal,78.75,412.1,Yes
4749-VFKVB,Female,47,No,1004,1,Yes,46.49,Yes,DSL,14,No,No,No,No,Yes,Month-to-Month,Yes,Credit Card,50.1,50.1,Yes
7598-UAASY,Male,19,No,406,2,Yes,20.5,Yes,Fiber Optic,51,No,No,Yes,No,Yes,Month-to-Month,No,Bank Withdrawal,76.4,151.8,Yes
7938-OUHIO,Male,28,No,28727,3,Yes,32.76,Yes,Fiber Optic,73,No,No,Yes,Yes,Yes,Month-to-Month,Yes,Bank Withdrawal,98.7,293.65,Yes
0431-APWVY,Female,37,No,13361,28,Yes,18.31,Yes,Fiber Optic,13,No,No,No,No,Yes,One Year,Yes,Bank Withdrawal,90.1,2598.95,Yes
3426-NIYYL,Male,47,No,11213,15,Yes,3.15,Yes,DSL,26,No,No,No,No,No,Month-to-Month,No,Bank Withdrawal,51.55,765.5,Yes
3387-VATUS,Male,44,No,3373,5,Yes,40.15,Yes,Fiber Optic,19,No,No,No,No,Yes,Month-to-Month,Yes,Bank Withdrawal,94.85,462.8,Yes
1143-NMNQJ,Female,39,No,10520,2,Yes,14.07,Yes,Fiber Optic,6,No,No,No,No,Yes,Month-to-Month,Yes,Bank Withdrawal,85.7,169.8,Yes
0415-MOSGF,Female,58,No,13290,1,Yes,26.53,Yes,DSL,30,No,No,No,No,Yes,Month-to-Month,No,Credit Card,44.4,44.4,Yes
2495-INZWQ,Male,44,No,3402,4,No,0,Yes,Cable,20,No,No,No,No,No,Month-to-Month,Yes,Bank Withdrawal,44.55,174.3,Yes
4139-SUGLD,Male,41,Yes,13031,31,No,0,Yes,DSL,23,Yes,No,No,Yes,Yes,Month-to-Month,No,Bank Withdrawal,35.4,1077.5,Yes
6857-VWJDT,Female,45,No,43192,1,Yes,32.33,Yes,Fiber Optic,9,No,No,No,No,Yes,Month-to-Month,No,Credit Card,95.65,95.65,Yes
5624-BQSSA,Female,19,No,8365,1,Yes,40.48,No,None,0,No,No,No,No,No,Month-to-Month,No,Credit Card,20.95,20.95,Yes
5577-OTWWW,Female,54,No,37090,15,Yes,39.84,No,None,0,No,No,No,No,No,Month-to-Month,No,Bank Withdrawal,19.75,297.3,Yes
6100-QQHEB,Male,42,No,37127,17,Yes,17.71,Yes,Fiber Optic,13,No,No,No,No,Yes,Month-to-Month,Yes,Bank Withdrawal,92.55,1515.1,Yes
2691-NZETQ,Male,28,No,13481,9,Yes,49.14,Yes,Fiber Optic,58,No,No,No,No,Yes,Month-to-Month,Yes,Bank Withdrawal,85.35,758.6,Yes
4404-HIBDJ,Female,48,No,26389,25,Yes,1.37,Yes,DSL,21,Yes,Yes,Yes,Yes,Yes,One Year,No,Credit Card,74.3,1863.8,Yes
7295-JOMMD,Female,34,No,15798,4,Yes,5.63,Yes,Fiber Optic,18,No,No,Yes,Yes,Yes,Month-to-Month,Yes,Bank Withdrawal,98.1,396.3,Yes
5013-SBUIH,Female,63,No,7071,50,Yes,27.7,Yes,Fiber Optic,28,Yes,Yes,No,Yes,Yes,Two Year,Yes,Bank Withdrawal,109.65,5551.15,Yes
6023-YEBUP,Male,32,No,40611,3,Yes,11.94,Yes,Cable,30,No,No,Yes,No,No,Month-to-Month,Yes,Bank Withdrawal,100.95,329.95,Yes
7209-JCUDS,Male,25,No,6951,10,Yes,40.22,Yes,Fiber Optic,41,No,No,Yes,No,Yes,Month-to-Month,Yes,Bank Withdrawal,94.9,1048.85,Yes
6158-DWPZT,Male,53,No,115,9,No,0,Yes,DSL,15,No,No,No,No,Yes,One Year,No,Bank Withdrawal,24.1,259.8,Yes
3763-GCZHZ,Male,23,No,335,66,Yes,20.07,Yes,Fiber Optic,85,No,Yes,No,Yes,Yes,One Year,Yes,Bank Withdrawal,104.05,6890,Yes
0772-GYEQQ,Male,33,No,45755,3,Yes,49.4,Yes,Fiber Optic,10,No,No,Yes,Yes,Yes,Month-to-Month,Yes,Credit Card,88.35,262.05,Yes
4831-EOBFE,Male,43,No,1692,29,Yes,40.49,Yes,Fiber Optic,15,Yes,No,No,No,Yes,Month-to-Month,No,Credit Card,94.65,2649.15,Yes
9170-GYZJC,Female,42,Yes,460,41,Yes,45.26,Yes,Cable,56,Yes,Yes,Yes,Yes,Yes,Month-to-Month,No,Credit Card,79.9,3326.2,Yes
2002-MZHWP,Female,24,No,10159,1,Yes,26.12,No,None,0,No,No,No,No,No,Month-to-Month,No,Credit Card,20.5,20.5,Yes
2004-OCQXK,Female,44,No,23100,1,Yes,44.94,Yes,Fiber Optic,16,No,No,No,No,Yes,Month-to-Month,Yes,Bank Withdrawal,81.95,81.95,Yes
5027-QPKTE,Male,39,No,52872,7,Yes,14.75,Yes,Fiber Optic,28,No,No,No,No,No,Month-to-Month,Yes,Bank Withdrawal,69.35,451.1,Yes
2672-HUYVI,Female,53,No,8504,6,Yes,11.81,Yes,Fiber Optic,24,No,No,No,No,Yes,Month-to-Month,Yes,Bank Withdrawal,91.1,455.3,Yes
7508-MYBOG,Male,20,No,15536,14,Yes,7.26,Yes,Fiber Optic,42,No,No,No,No,Yes,Month-to-Month,Yes,Bank Withdrawal,86.1,1235.55,Yes
0148-DCDOS,Male,41,No,4150,25,Yes,34.88,Yes,Fiber Optic,8,No,No,No,No,Yes,Month-to-Month,Yes,Bank Withdrawal,94.7,2362.1,Yes
9992-RRAMN,Male,40,No,16525,22,Yes,16.2,Yes,Fiber Optic,17,No,No,No,No,Yes,Month-to-Month,Yes,Bank Withdrawal,85.1,1873.7,Yes
0310-MVLET,Female,63,No,1158,61,Yes,49.33,Yes,Fiber Optic,7,No,Yes,No,No,Yes,Month-to-Month,Yes,Bank Withdrawal,99.15,6010.05,Yes
5696-QURRL,Male,31,No,8308,1,Yes,13.84,Yes,DSL,26,No,No,No,No,No,Month-to-Month,Yes,Credit Card,45.05,45.05,Yes
0495-RVCBF,Female,39,No,36125,1,Yes,33.88,Yes,Fiber Optic,26,No,No,No,No,Yes,Month-to-Month,Yes,Bank Withdrawal,79.7,79.7,Yes
7854-EDSSA,Male,46,No,35057,22,Yes,49.43,Yes,Cable,17,Yes,Yes,No,No,Yes,Month-to-Month,No,Bank Withdrawal,59,1254.7,Yes
8869-TORSS,Female,51,No,22250,48,Yes,33.91,Yes,DSL,13,Yes,No,Yes,Yes,Yes,One Year,Yes,Credit Card,60.35,2896.4,Yes
2115-BFTIW,Male,52,No,3684,25,Yes,24.91,Yes,Fiber Optic,18,No,No,No,No,No,Month-to-Month,No,Credit Card,70.95,1767.35,Yes
0611-DFXKO,Male,35,No,371,20,Yes,18.05,Yes,Fiber Optic,5,No,No,No,No,Yes,Month-to-Month,Yes,Credit Card,89,1820.45,Yes
7780-OTDSO,Male,51,No,2296,18,Yes,11.3,Yes,Fiber Optic,16,Yes,No,No,No,Yes,Month-to-Month,Yes,Bank Withdrawal,99.4,1742.95,Yes
9747-DDZOS,Female,50,No,363,1,Yes,3.84,Yes,Fiber Optic,2,No,No,Yes,No,Yes,Month-to-Month,No,Bank Withdrawal,73.5,73.5,Yes
0564-JJHGS,Male,45,No,4913,9,Yes,19.22,Yes,Fiber Optic,10,No,No,No,No,Yes,Month-to-Month,Yes,Bank Withdrawal,95.5,829.1,Yes
3348-CFRNX,Female,47,No,17979,28,Yes,37.66,Yes,Fiber Optic,20,Yes,No,No,No,Yes,Month-to-Month,Yes,Credit Card,92.35,2602.9,Yes
1428-GTBJJ,Male,20,No,438,11,Yes,5.4,Yes,Fiber Optic,41,No,Yes,No,No,Yes,Month-to-Month,Yes,Bank Withdrawal,74.55,824.75,Yes
2249-YPRNG,Female,57,No,752,20,Yes,28.79,Yes,Fiber Optic,16,No,Yes,Yes,No,Yes,Month-to-Month,Yes,Bank Withdrawal,105.85,2239.65,Yes
7410-YTJIK,Female,35,No,23224,7,Yes,18.1,Yes,Fiber Optic,15,No,No,No,No,Yes,Month-to-Month,No,Credit Card,75.45,480.75,Yes
4626-GYCZP,Male,60,No,23570,7,Yes,15.51,Yes,Fiber Optic,23,No,No,No,No,Yes,Month-to-Month,Yes,Bank Withdrawal,93.85,635.6,Yes
5590-BYNII,Male,51,No,1689,22,Yes,35.93,Yes,Fiber Optic,17,Yes,No,No,No,Yes,Month-to-Month,Yes,Bank Withdrawal,100.75,2095,Yes
3237-AJGEH,Female,43,Yes,695,3,No,0,Yes,DSL,19,No,No,No,Yes,No,Month-to-Month,Yes,Credit Card,31,95.05,Yes
1591-NFNLQ,Male,38,No,42239,51,Yes,5.62,Yes,Fiber Optic,16,No,No,Yes,No,Yes,Month-to-Month,No,Credit Card,80,4242.35,Yes
0596-BQCEQ,Female,32,No,1201,62,Yes,48.58,Yes,Fiber Optic,13,No,Yes,Yes,No,Yes,Month-to-Month,Yes,Bank Withdrawal,100.15,6283.3,Yes
1481-ZUWZA,Male,52,No,1215,28,Yes,35.52,Yes,Fiber Optic,26,Yes,Yes,No,No,Yes,Month-to-Month,Yes,Credit Card,94.5,2659.4,Yes
2309-OSFEU,Male,42,No,2020,10,No,0,Yes,DSL,30,No,No,No,No,Yes,Month-to-Month,Yes,Credit Card,33.9,298.45,Yes
7613-LLQFO,Male,41,No,222,12,Yes,12.36,Yes,Fiber Optic,23,No,No,No,No,Yes,Month-to-Month,Yes,Bank Withdrawal,84.45,1059.55,Yes
2640-PMGFL,Male,35,No,12756,27,Yes,24.72,Yes,Fiber Optic,29,No,No,No,Yes,Yes,Month-to-Month,Yes,Bank Withdrawal,79.5,2180.55,Yes
3801-HMYNL,Male,44,No,382,1,Yes,32.35,Yes,Fiber Optic,18,No,No,No,No,Yes,Month-to-Month,No,Mailed Check,89.15,89.15,Yes
4484-CGXFK,Female,45,No,4097,3,Yes,25.96,Yes,DSL,7,No,No,No,No,Yes,Month-to-Month,Yes,Bank Withdrawal,55.3,196.15,Yes
6214-EDAKZ,Female,32,Yes,6197,22,Yes,5.26,Yes,DSL,19,No,Yes,No,Yes,No,Month-to-Month,No,Bank Withdrawal,55.15,1206.05,Yes
6127-ISGTU,Female,34,No,2536,16,Yes,6.82,Yes,Fiber Optic,7,No,No,No,No,Yes,Month-to-Month,Yes,Bank Withdrawal,84.95,1378.25,Yes
8740-XLHDR,Male,30,No,1140,5,No,0,Yes,Cable,59,Yes,Yes,Yes,Yes,Yes,Month-to-Month,Yes,Mailed Check,43.25,219,Yes
1208-DNHLN,Male,60,No,659,23,Yes,5.8,Yes,DSL,12,No,No,No,No,Yes,One Year,Yes,Credit Card,48.35,1067.15,Yes
1761-AEZZR,Male,59,No,228,1,Yes,4.04,Yes,Fiber Optic,6,No,No,No,No,Yes,Month-to-Month,Yes,Bank Withdrawal,79.55,79.55,Yes
7120-RFMVS,Male,31,No,2010,1,Yes,6.89,Yes,Fiber Optic,12,No,No,No,No,Yes,Month-to-Month,No,Bank Withdrawal,84.5,84.5,Yes
7317-GGVPB,Male,57,No,485,71,Yes,5.76,Yes,Fiber Optic,11,No,Yes,Yes,Yes,No,Two Year,Yes,Credit Card,108.6,7690.9,Yes
1322-AGOQM,Male,57,No,929,46,No,0,Yes,DSL,26,No,Yes,No,No,Yes,Month-to-Month,No,Bank Withdrawal,30.3,1380.1,Yes
5692-FPTAH,Female,32,No,751,1,Yes,38.31,Yes,Cable,26,No,No,No,No,Yes,Month-to-Month,Yes,Credit Card,45.4,45.4,Yes
1550-LOAHA,Female,53,No,32040,32,Yes,37.48,Yes,Fiber Optic,13,No,Yes,No,No,Yes,Month-to-Month,No,Bank Withdrawal,84.15,2585.95,Yes
0268-QKIWO,Female,41,No,1173,3,Yes,24.63,No,None,0,No,No,No,No,No,Month-to-Month,No,Bank Withdrawal,19.75,58.85,Yes
0876-WDUUZ,Female,62,No,4354,5,Yes,43.51,Yes,Fiber Optic,17,No,No,No,Yes,Yes,Month-to-Month,Yes,Credit Card,85.4,425.9,Yes
0617-FHSGK,Male,62,No,49729,49,Yes,19.08,Yes,Fiber Optic,24,No,No,No,No,No,Month-to-Month,No,Credit Card,75.2,3678.3,Yes
2858-MOFSQ,Female,50,No,947,17,Yes,24.31,Yes,DSL,21,No,No,Yes,No,Yes,One Year,Yes,Mailed Check,55.85,937.5,Yes
7005-CCBKV,Male,53,No,1472,6,Yes,21.97,Yes,Fiber Optic,9,No,Yes,No,No,Yes,Month-to-Month,Yes,Bank Withdrawal,84.4,556.35,Yes
4250-FDVOU,Female,44,No,38547,6,Yes,17.18,Yes,DSL,22,Yes,Yes,No,No,Yes,Month-to-Month,No,Bank Withdrawal,56.25,389.1,Yes
2141-RRYGO,Female,51,No,4829,4,Yes,10.64,Yes,DSL,23,No,Yes,No,No,Yes,Month-to-Month,Yes,Bank Withdrawal,68.65,261.25,Yes
6376-GAHQE,Male,48,No,350,4,Yes,42.8,Yes,Fiber Optic,28,No,No,No,No,No,Month-to-Month,No,Bank Withdrawal,77.85,299.2,Yes
5052-PNLOS,Male,50,No,69,3,Yes,13.83,Yes,Fiber Optic,14,No,Yes,Yes,No,Yes,Month-to-Month,Yes,Bank Withdrawal,105.35,323.25,Yes
6979-ZNSFF,Female,48,No,8577,8,Yes,45.59,Yes,Fiber Optic,8,No,No,No,No,Yes,Month-to-Month,Yes,Bank Withdrawal,87.05,762.1,Yes
2386-LAHRK,Male,22,No,31,1,Yes,14.58,Yes,DSL,73,No,No,No,No,Yes,Month-to-Month,Yes,Mailed Check,53.5,53.5,Yes
6032-IGALN,Female,35,No,20675,1,No,0,Yes,Cable,28,No,No,No,No,Yes,Month-to-Month,Yes,Mailed Check,25.1,25.1,Yes
0516-WJVXC,Female,21,No,21313,5,Yes,3.61,Yes,DSL,69,Yes,No,No,Yes,Yes,Month-to-Month,No,Bank Withdrawal,54.2,308.25,Yes
8809-RIHDD,Male,47,No,19611,72,Yes,3.07,Yes,Fiber Optic,23,No,Yes,Yes,No,Yes,Two Year,Yes,Bank Withdrawal,103.4,7372.65,Yes
4822-NGOCH,Female,60,No,42832,13,Yes,21.88,Yes,Fiber Optic,4,No,Yes,Yes,No,Yes,Month-to-Month,Yes,Bank Withdrawal,84.45,1058.6,Yes
1432-FPAXX,Female,53,No,5654,29,No,0,Yes,DSL,7,No,Yes,No,No,Yes,Month-to-Month,Yes,Bank Withdrawal,30.6,856.35,Yes
3884-HCSWG,Female,51,No,632,17,Yes,7.66,Yes,Fiber Optic,17,No,No,No,No,No,Month-to-Month,Yes,Bank Withdrawal,70,1144.5,Yes
5077-DXTCG,Female,37,No,262,1,Yes,26.41,Yes,Cable,26,No,No,No,No,Yes,Month-to-Month,Yes,Bank Withdrawal,45.3,45.3,Yes
1142-WACZW,Male,64,No,35808,2,No,0,Yes,Cable,11,No,No,No,Yes,Yes,Month-to-Month,No,Bank Withdrawal,29.85,75.6,Yes
4892-VLANZ,Male,40,No,7503,1,Yes,9.66,No,None,0,No,No,No,No,No,Month-to-Month,No,Mailed Check,19.8,19.8,Yes
2919-HBCJO,Female,36,No,404,4,Yes,24.09,Yes,Fiber Optic,17,No,Yes,No,No,Yes,Month-to-Month,Yes,Bank Withdrawal,76.65,333.6,Yes
4236-XPXAV,Female,45,No,19,5,Yes,9.23,Yes,Fiber Optic,25,No,Yes,No,Yes,Yes,Month-to-Month,Yes,Mailed Check,99.15,465.05,Yes
3030-YZADT,Male,57,No,17922,9,Yes,2.88,Yes,DSL,26,No,No,No,No,No,Month-to-Month,No,Mailed Check,44.95,431,Yes
7410-KTVFV,Male,53,No,531,18,Yes,19.05,Yes,DSL,26,No,No,Yes,No,Yes,Month-to-Month,Yes,Mailed Check,49.55,878.35,Yes
8393-DLHGA,Male,55,No,1254,25,Yes,5.27,Yes,Fiber Optic,4,No,Yes,No,No,Yes,Month-to-Month,Yes,Bank Withdrawal,95.9,2448.75,Yes
2834-SPCJV,Male,40,No,1601,52,Yes,38.37,Yes,Fiber Optic,14,Yes,No,No,No,Yes,Month-to-Month,No,Bank Withdrawal,84.1,4348.65,Yes
0587-DMGBH,Female,48,No,8812,8,Yes,37.79,Yes,Cable,25,Yes,No,No,No,No,Month-to-Month,Yes,Bank Withdrawal,49.85,365.55,Yes
3523-QRQLL,Female,22,No,595,22,Yes,35.04,Yes,DSL,76,No,Yes,No,No,Yes,One Year,Yes,Bank Withdrawal,69.5,1498.2,Yes
0895-DQHEW,Male,47,No,4552,54,Yes,35.46,Yes,Fiber Optic,23,No,Yes,Yes,No,Yes,Month-to-Month,Yes,Bank Withdrawal,104.3,5278.15,Yes
8149-RSOUN,Female,49,No,1162,1,Yes,16.15,Yes,Fiber Optic,12,No,No,No,No,Yes,Month-to-Month,Yes,Bank Withdrawal,93.85,93.85,Yes
7250-EQKIY,Female,47,Yes,48690,1,Yes,9.73,Yes,DSL,29,No,No,Yes,No,Yes,Month-to-Month,No,Mailed Check,50.45,50.45,Yes
4013-UBXWQ,Female,33,No,42239,7,Yes,48.82,Yes,Cable,19,No,No,No,Yes,Yes,Month-to-Month,Yes,Bank Withdrawal,74.65,521.1,Yes
5519-NPHVG,Female,53,No,482,12,Yes,12.75,Yes,Fiber Optic,24,No,No,No,No,No,Month-to-Month,Yes,Bank Withdrawal,94.2,1046.1,Yes
8849-GYOKR,Female,59,No,124,54,Yes,8.83,Yes,Fiber Optic,21,Yes,Yes,No,No,Yes,One Year,No,Bank Withdrawal,106.55,5763.3,Yes
3148-BLQJT,Male,33,No,42239,1,Yes,16.81,No,None,0,No,No,No,No,No,Month-to-Month,No,Credit Card,20.1,20.1,Yes
0461-CVKMU,Female,45,No,829,23,Yes,38.81,Yes,Fiber Optic,28,No,Yes,Yes,Yes,Yes,Month-to-Month,No,Bank Withdrawal,83.8,1900.25,Yes
8806-EAGWC,Male,25,No,182,3,Yes,22.77,Yes,DSL,51,No,No,No,No,Yes,Month-to-Month,No,Credit Card,55.15,159.15,Yes
4183-WCSEP,Male,46,No,3749,31,Yes,34.38,Yes,Fiber Optic,20,No,Yes,No,Yes,No,Month-to-Month,Yes,Bank Withdrawal,78.45,2435.15,Yes
5498-TXHLF,Female,39,No,843,34,Yes,40.78,Yes,Fiber Optic,4,No,No,Yes,No,Yes,Month-to-Month,No,Bank Withdrawal,87.45,2874.15,Yes
9722-UJOJR,Male,36,No,1839,29,Yes,11.24,Yes,Fiber Optic,16,No,No,No,No,Yes,Month-to-Month,Yes,Bank Withdrawal,70.75,1974.8,Yes
6772-KSATR,Male,31,No,132,1,Yes,9.81,Yes,Fiber Optic,28,Yes,No,No,No,Yes,Month-to-Month,Yes,Bank Withdrawal,81.7,81.7,Yes
7112-OPOTK,Male,37,No,231,33,Yes,28.84,Yes,Fiber Optic,23,No,No,No,No,Yes,Month-to-Month,No,Bank Withdrawal,68.25,2171.15,Yes
4210-QFJMF,Female,41,No,42239,4,Yes,36.91,Yes,Fiber Optic,23,No,No,No,No,Yes,Month-to-Month,Yes,Bank Withdrawal,79.15,317.25,Yes
5828-AVIPD,Male,29,No,227,19,Yes,5.93,Yes,Fiber Optic,51,No,No,No,Yes,Yes,One Year,Yes,Bank Withdrawal,100.95,1875.55,Yes
1086-LXKFY,Female,46,No,4158,1,Yes,16.55,Yes,Fiber Optic,19,No,No,No,No,Yes,Month-to-Month,Yes,Credit Card,69.1,69.1,Yes
7774-OJSXI,Male,53,No,33038,31,Yes,9.27,Yes,Fiber Optic,30,No,Yes,Yes,No,Yes,One Year,Yes,Bank Withdrawal,103.45,3066.45,Yes
7786-WBJYI,Female,31,No,28201,4,Yes,30.95,Yes,Fiber Optic,26,No,Yes,No,No,Yes,Month-to-Month,No,Bank Withdrawal,77.95,305.55,Yes
5016-ETTFF,Male,46,No,46984,10,No,0,Yes,DSL,30,No,No,Yes,No,No,Month-to-Month,No,Credit Card,29.5,255.25,Yes
3866-MDTUB,Female,64,No,20692,2,Yes,26.93,Yes,DSL,10,Yes,No,No,No,Yes,Month-to-Month,Yes,Bank Withdrawal,70.75,146.9,Yes
0697-ZMSWS,Male,19,No,47487,4,Yes,6.91,Yes,Fiber Optic,53,No,No,No,No,Yes,Month-to-Month,Yes,Bank Withdrawal,85.65,338.9,Yes
7593-XFKDI,Male,39,No,38415,1,Yes,48.22,Yes,DSL,21,No,No,No,No,Yes,Month-to-Month,No,Credit Card,46.3,46.3,Yes
0337-CNPZE,Female,63,No,49431,41,Yes,10.43,Yes,Fiber Optic,22,No,Yes,Yes,No,No,Month-to-Month,Yes,Bank Withdrawal,106.3,4443.45,Yes
1513-XNPPH,Female,36,No,56709,12,Yes,17.46,Yes,Fiber Optic,9,No,No,Yes,Yes,Yes,Month-to-Month,Yes,Bank Withdrawal,89.4,1095.65,Yes
6347-DCUIK,Male,28,No,44764,10,Yes,29.24,Yes,Fiber Optic,85,No,No,No,No,Yes,Month-to-Month,Yes,Credit Card,74.15,811.8,Yes
0897-FEGMU,Female,43,No,21739,11,Yes,31.08,Yes,Fiber Optic,26,No,No,Yes,No,Yes,Month-to-Month,Yes,Bank Withdrawal,99.5,1056.95,Yes
7663-RGWBC,Male,44,No,33523,1,Yes,8.77,Yes,DSL,10,No,No,No,No,Yes,Month-to-Month,Yes,Credit Card,44.15,44.15,Yes
1120-BMWUB,Female,36,No,8115,16,Yes,6.86,Yes,DSL,8,No,Yes,No,Yes,No,Month-to-Month,Yes,Credit Card,53.9,834.15,Yes
9124-LHCJQ,Female,22,No,44004,1,Yes,31.03,Yes,Fiber Optic,27,No,No,No,No,Yes,Month-to-Month,Yes,Credit Card,85.45,85.45,Yes
2235-ZGKPT,Female,36,Yes,29299,4,Yes,12.88,Yes,Cable,22,No,No,No,No,Yes,Month-to-Month,No,Credit Card,50.85,239.55,Yes
3891-PUQOD,Female,40,Yes,55668,1,Yes,13.58,Yes,DSL,24,No,No,Yes,No,Yes,Month-to-Month,No,Bank Withdrawal,59.2,59.2,Yes
0689-NKYLF,Male,42,No,55204,13,Yes,35.4,Yes,Fiber Optic,18,No,No,Yes,No,Yes,Month-to-Month,Yes,Bank Withdrawal,83.2,1060.6,Yes
3658-KIBGF,Female,19,No,21728,1,Yes,44.36,Yes,DSL,58,Yes,Yes,No,No,Yes,Month-to-Month,Yes,Bank Withdrawal,54.9,54.9,Yes
5519-YLDGW,Female,57,No,21,21,Yes,1.21,Yes,Fiber Optic,16,Yes,No,Yes,No,Yes,Month-to-Month,Yes,Bank Withdrawal,103.9,2254.2,Yes
4946-EDSEW,Female,35,Yes,51387,11,Yes,29.01,No,None,0,No,No,No,No,No,Month-to-Month,Yes,Credit Card,19.25,180.3,Yes
8185-UPYBR,Male,33,No,18693,6,Yes,21.23,Yes,Fiber Optic,13,No,No,No,No,Yes,Month-to-Month,Yes,Bank Withdrawal,75.5,438,Yes
4585-HETAI,Female,25,No,78114,4,Yes,48.48,Yes,Fiber Optic,58,No,No,Yes,No,Yes,Month-to-Month,Yes,Bank Withdrawal,73.75,325.45,Yes
7526-BEZQB,Male,39,No,33300,12,Yes,44.71,Yes,Cable,25,No,No,No,No,Yes,Month-to-Month,Yes,Bank Withdrawal,96.05,1148.1,Yes
4951-UKAAQ,Female,30,No,30779,4,Yes,48.32,Yes,Fiber Optic,51,No,Yes,No,No,No,Month-to-Month,Yes,Bank Withdrawal,88.95,355.2,Yes
2108-YKQTY,Female,42,No,23559,4,Yes,9.81,Yes,DSL,30,No,Yes,No,No,Yes,Month-to-Month,No,Credit Card,50.7,151.3,Yes
4918-QLLIW,Male,23,No,26099,3,Yes,47.68,Yes,DSL,82,No,No,No,No,Yes,Month-to-Month,No,Credit Card,53.4,188.7,Yes
1625-JAIIY,Female,42,No,34873,68,Yes,44.24,Yes,Fiber Optic,5,No,No,No,No,Yes,One Year,Yes,Bank Withdrawal,83,5685.8,Yes
2947-DOMLJ,Male,47,Yes,33528,1,Yes,11.86,Yes,Cable,13,Yes,No,No,No,Yes,Month-to-Month,No,Credit Card,50.6,50.6,Yes
4112-LUEIZ,Male,55,No,15505,10,Yes,12.78,Yes,Fiber Optic,2,No,No,No,No,Yes,Month-to-Month,Yes,Bank Withdrawal,89.5,863.1,Yes
4510-HIMLV,Male,50,No,67354,1,Yes,22.86,Yes,Fiber Optic,25,No,No,No,No,No,Month-to-Month,Yes,Bank Withdrawal,69.8,69.8,Yes
2430-USGXP,Male,44,No,16271,24,Yes,34.62,Yes,Fiber Optic,23,No,No,Yes,No,Yes,Month-to-Month,Yes,Bank Withdrawal,101.05,2391.8,Yes
5955-ERIHD,Male,53,No,30173,18,Yes,31.49,Yes,Fiber Optic,20,No,No,No,No,Yes,Month-to-Month,Yes,Bank Withdrawal,94.7,1687.95,Yes
5949-EBSQK,Male,44,Yes,1107,4,Yes,27.24,Yes,DSL,21,No,No,No,Yes,Yes,Month-to-Month,No,Credit Card,61.45,229.55,Yes
7274-RTAPZ,Male,20,No,43467,1,Yes,7.15,Yes,Fiber Optic,48,No,No,No,No,Yes,Month-to-Month,Yes,Bank Withdrawal,90.55,90.55,Yes
0311-UNPFF,Female,58,No,31556,26,Yes,38.09,Yes,Fiber Optic,22,No,No,No,No,No,Month-to-Month,Yes,Bank Withdrawal,88.8,2274.35,Yes
3834-XUIFC,Male,23,No,19034,7,Yes,18.83,Yes,Fiber Optic,26,No,No,No,No,Yes,Month-to-Month,Yes,Credit Card,85.2,602.55,Yes
7599-FKVXZ,Male,54,No,23984,42,Yes,2.41,Yes,Fiber Optic,21,No,No,Yes,Yes,Yes,Month-to-Month,Yes,Bank Withdrawal,106.15,4512.7,Yes
8229-TNIQA,Female,36,No,10253,4,Yes,39.9,Yes,Cable,20,No,No,No,No,Yes,Month-to-Month,Yes,Credit Card,45.3,196.95,Yes
6221-AVQYL,Male,37,No,14493,2,Yes,2.96,Yes,Fiber Optic,15,No,No,No,No,Yes,Month-to-Month,Yes,Credit Card,73.25,131.05,Yes
7743-EXURX,Male,47,Yes,16910,8,Yes,3.85,Yes,DSL,20,No,No,Yes,No,Yes,Month-to-Month,Yes,Bank Withdrawal,51.05,415.05,Yes
5569-KGJHX,Female,63,No,23519,9,Yes,14.21,Yes,Fiber Optic,5,No,No,No,No,No,Month-to-Month,Yes,Bank Withdrawal,85.35,754.65,Yes
7730-IUTDZ,Male,63,No,35325,43,Yes,34,Yes,Fiber Optic,11,Yes,No,No,No,Yes,Month-to-Month,Yes,Bank Withdrawal,75.2,3198.6,Yes
0426-TIRNE,Female,54,No,27614,1,Yes,15.51,No,None,0,No,No,No,No,No,Month-to-Month,No,Credit Card,20.9,20.9,Yes
7587-RZNME,Male,23,No,24977,3,Yes,48.84,Yes,DSL,41,No,No,No,No,Yes,Month-to-Month,Yes,Bank Withdrawal,43.3,123.65,Yes
0748-RDGGM,Male,38,No,27424,70,Yes,39.63,Yes,Fiber Optic,26,Yes,Yes,Yes,Yes,Yes,One Year,Yes,Bank Withdrawal,109.5,7534.65,Yes
3746-EUBYR,Male,63,No,42239,1,Yes,44.73,Yes,Fiber Optic,3,No,No,No,No,Yes,Month-to-Month,Yes,Bank Withdrawal,74.6,74.6,Yes
2332-EFBJY,Male,35,No,22085,16,Yes,5.74,No,None,0,No,No,No,No,No,Month-to-Month,Yes,Credit Card,19.7,342.4,Yes
9474-PHLYD,Female,25,No,29387,15,Yes,36.34,Yes,DSL,48,No,No,Yes,No,Yes,Month-to-Month,Yes,Bank Withdrawal,59.45,892.65,Yes
2165-VOEGB,Female,23,No,18112,46,Yes,43.04,Yes,Fiber Optic,71,Yes,Yes,No,Yes,Yes,One Year,Yes,Bank Withdrawal,105.2,4822.85,Yes
2219-MVUSO,Male,59,No,30568,8,Yes,35.53,Yes,Cable,5,No,No,No,No,Yes,Month-to-Month,Yes,Credit Card,45.15,438.4,Yes
8914-RBTSB,Male,62,No,27453,31,Yes,2.12,Yes,Fiber Optic,17,No,Yes,Yes,No,No,Month-to-Month,No,Bank Withdrawal,93.8,3019.5,Yes
0963-ZBDRN,Male,45,No,34716,32,Yes,25.21,Yes,Fiber Optic,26,No,No,No,Yes,Yes,Month-to-Month,Yes,Bank Withdrawal,96.2,3183.4,Yes
7594-RQHXR,Female,20,No,33817,1,Yes,21.72,Yes,Fiber Optic,52,No,No,No,No,Yes,Month-to-Month,Yes,Bank Withdrawal,79.6,79.6,Yes
6331-EWIEB,Male,49,No,30211,20,Yes,1.36,Yes,Fiber Optic,25,No,No,No,No,Yes,Month-to-Month,Yes,Bank Withdrawal,85.25,1734.5,Yes
5998-VVEJY,Male,34,No,24973,26,Yes,24.16,Yes,Fiber Optic,22,No,No,No,Yes,Yes,Month-to-Month,Yes,Bank Withdrawal,80.5,2088.8,Yes
4317-VTEOA,Male,61,No,46342,1,Yes,43.03,Yes,DSL,3,No,Yes,No,No,Yes,Month-to-Month,Yes,Bank Withdrawal,50.75,50.75,Yes
1670-SVOWZ,Female,57,No,18980,14,Yes,7.62,Yes,Fiber Optic,3,No,Yes,No,Yes,No,Month-to-Month,Yes,Credit Card,89.65,1208.35,Yes
7541-YLXCL,Male,25,No,46626,36,Yes,26.51,Yes,Cable,85,No,Yes,No,Yes,Yes,One Year,Yes,Credit Card,65.4,2498.4,Yes
0260-ZDLGK,Female,50,Yes,33878,9,Yes,35.49,Yes,Cable,11,No,No,Yes,Yes,Yes,Month-to-Month,Yes,Credit Card,72.9,651.4,Yes
8722-NGNBH,Male,25,No,45118,5,No,0,Yes,Cable,59,Yes,No,Yes,Yes,Yes,Month-to-Month,No,Credit Card,40,223.45,Yes
0133-BMFZO,Female,40,No,30635,2,Yes,36.81,Yes,Fiber Optic,16,Yes,Yes,No,Yes,Yes,Month-to-Month,Yes,Bank Withdrawal,86.25,181.65,Yes
6128-CZOMY,Female,43,No,16486,1,Yes,36.99,Yes,Cable,22,No,No,No,No,Yes,Month-to-Month,Yes,Bank Withdrawal,45.65,45.65,Yes
9540-JYROE,Male,30,No,17389,8,Yes,13.04,Yes,Fiber Optic,85,No,No,No,No,No,Month-to-Month,Yes,Credit Card,70.1,551.35,Yes
3656-TKRVZ,Female,19,No,74025,3,Yes,1.24,Yes,DSL,52,Yes,Yes,No,No,Yes,Month-to-Month,No,Bank Withdrawal,55.35,165.2,Yes
1501-SGHBW,Male,34,No,796,2,Yes,19.52,Yes,Cable,16,No,No,No,No,Yes,Month-to-Month,No,Credit Card,45.85,81,Yes
3208-YPIOE,Male,64,No,24005,39,Yes,36.17,Yes,Fiber Optic,5,No,No,No,No,Yes,Month-to-Month,No,Bank Withdrawal,75.25,3017.65,Yes
2612-RANWT,Female,24,No,81,12,Yes,30.54,Yes,Fiber Optic,47,No,No,Yes,No,Yes,Month-to-Month,Yes,Bank Withdrawal,100.15,1164.3,Yes
2933-FILNV,Female,53,Yes,43161,2,No,0,Yes,DSL,52,No,No,No,No,Yes,Month-to-Month,Yes,Credit Card,24.4,36.55,Yes
9986-BONCE,Female,36,No,42239,4,Yes,2.01,No,None,0,No,No,No,No,No,Month-to-Month,No,Bank Withdrawal,20.95,85.5,Yes
4083-EUGRJ,Male,37,No,46893,9,Yes,8.91,No,None,0,No,No,No,No,No,Month-to-Month,No,Credit Card,20.25,178.5,Yes
6410-LEFEN,Female,38,No,11650,9,Yes,15.62,Yes,DSL,2,No,No,No,No,Yes,Month-to-Month,No,Bank Withdrawal,45.15,416.45,Yes
3194-ORPIK,Female,59,No,47431,50,Yes,35.33,Yes,Fiber Optic,17,No,No,No,No,Yes,Month-to-Month,Yes,Bank Withdrawal,84.4,4116.15,Yes
8816-VXNZD,Female,36,No,24093,1,Yes,5.94,Yes,Fiber Optic,8,No,No,No,No,Yes,Month-to-Month,Yes,Bank Withdrawal,75.1,75.1,Yes
9378-FXTIZ,Female,50,No,21866,54,Yes,42.1,Yes,DSL,12,No,No,No,No,Yes,One Year,Yes,Credit Card,70.15,3715.65,Yes
1723-HKXJQ,Male,64,No,25569,42,Yes,18.79,Yes,Fiber Optic,16,No,Yes,No,No,Yes,Month-to-Month,Yes,Bank Withdrawal,101.75,4273.45,Yes
7825-GKXMW,Female,41,No,4258,1,Yes,22.11,Yes,DSL,18,No,No,No,No,No,Month-to-Month,No,Bank Withdrawal,45.8,45.8,Yes
1240-KNSEZ,Male,63,No,20046,1,Yes,40.83,No,None,0,No,No,No,No,No,Month-to-Month,Yes,Credit Card,20.1,20.1,Yes
0836-SEYLU,Male,64,No,42733,9,No,0,Yes,DSL,26,No,No,No,Yes,Yes,Month-to-Month,No,Mailed Check,40.65,328.95,Yes
3716-BDVDB,Male,62,No,28201,1,Yes,38.66,Yes,Fiber Optic,18,No,No,No,No,Yes,Month-to-Month,Yes,Bank Withdrawal,69.1,69.1,Yes
5899-MQZZL,Female,25,No,28488,13,Yes,6.03,Yes,Fiber Optic,48,No,No,No,No,Yes,Month-to-Month,Yes,Mailed Check,75,999.45,Yes
6849-OYAMU,Male,56,No,56307,19,Yes,43.95,Yes,Fiber Optic,20,No,Yes,No,Yes,Yes,One Year,No,Bank Withdrawal,100,1888.65,Yes
6038-GCYEC,Female,25,No,19702,24,No,0,Yes,DSL,52,No,Yes,Yes,No,Yes,Month-to-Month,Yes,Credit Card,54.15,1240.25,Yes
1150-WFARN,Female,59,No,23394,67,Yes,32.15,Yes,Fiber Optic,28,Yes,No,Yes,Yes,Yes,Two Year,Yes,Credit Card,108.75,7156.2,Yes
3144-AUDBS,Female,59,No,27804,6,Yes,6.94,Yes,DSL,28,No,No,No,Yes,Yes,Month-to-Month,Yes,Bank Withdrawal,49.15,270.8,Yes
5616-PRTNT,Male,30,Yes,964,20,Yes,22.78,No,None,0,No,No,No,No,No,Month-to-Month,Yes,Bank Withdrawal,19.4,374.5,Yes
6688-UZPWD,Female,36,No,24924,11,Yes,7.89,Yes,Fiber Optic,10,No,Yes,No,No,Yes,Month-to-Month,Yes,Bank Withdrawal,102,1145.35,Yes
2839-RFSQE,Female,60,No,12465,2,Yes,24.71,No,None,0,No,No,No,No,No,Month-to-Month,No,Mailed Check,20.65,38.7,Yes
0968-GSIKN,Female,23,No,6242,1,Yes,30.6,Yes,Fiber Optic,27,No,No,No,No,Yes,Month-to-Month,Yes,Mailed Check,70.8,70.8,Yes
1965-DDBWU,Male,37,No,48690,16,Yes,11.96,Yes,Fiber Optic,18,No,No,No,Yes,Yes,Month-to-Month,Yes,Credit Card,89.05,1448.6,Yes
9057-SIHCH,Female,48,No,14104,3,Yes,9.95,Yes,Fiber Optic,13,No,No,No,No,Yes,Month-to-Month,Yes,Bank Withdrawal,96.6,291.9,Yes
6771-XWBDM,Female,47,No,805,57,Yes,40.13,Yes,Fiber Optic,25,No,Yes,Yes,No,Yes,Month-to-Month,Yes,Credit Card,104.5,5921.35,Yes
8601-QACRS,Female,54,No,42239,5,Yes,37.1,Yes,Cable,2,No,No,No,No,No,Month-to-Month,Yes,Mailed Check,50.6,249.95,Yes
2391-SOORI,Male,40,Yes,9899,4,Yes,26.04,Yes,DSL,27,Yes,No,No,No,Yes,Month-to-Month,No,Bank Withdrawal,49.35,219.65,Yes
2645-QTLMB,Male,22,No,25995,7,Yes,12.05,Yes,Fiber Optic,69,No,Yes,No,No,Yes,Month-to-Month,Yes,Bank Withdrawal,94.25,669,Yes
4806-HIPDW,Female,64,No,7334,1,Yes,21.65,Yes,Fiber Optic,13,No,No,No,No,Yes,Month-to-Month,Yes,Bank Withdrawal,68.95,68.95,Yes
8443-ZRDBZ,Male,62,No,54586,4,Yes,42.44,Yes,Fiber Optic,29,No,No,No,No,Yes,Month-to-Month,Yes,Bank Withdrawal,76.05,318.9,Yes
9136-ALYBR,Male,44,No,29847,1,No,0,Yes,Cable,2,No,No,No,No,Yes,Month-to-Month,Yes,Mailed Check,24.45,24.45,Yes
7479-NITWS,Male,35,No,317,7,Yes,36.84,Yes,Fiber Optic,17,No,No,Yes,No,No,Month-to-Month,Yes,Credit Card,89.35,631.85,Yes
2959-MJHIC,Male,60,No,1933,4,Yes,32.43,Yes,Fiber Optic,13,No,No,No,No,Yes,Month-to-Month,Yes,Bank Withdrawal,80.35,307.4,Yes
5960-WPXQM,Male,24,No,46171,1,Yes,31.34,Yes,Fiber Optic,52,No,No,No,No,Yes,Month-to-Month,Yes,Bank Withdrawal,79.05,79.05,Yes
0684-AOSIH,Male,42,No,909,1,Yes,12.04,Yes,Cable,5,Yes,No,No,No,Yes,Month-to-Month,Yes,Bank Withdrawal,95,95,Yes
8260-NGFNY,Female,29,No,12463,1,No,0,Yes,DSL,73,No,No,No,No,Yes,Month-to-Month,No,Mailed Check,25.2,25.2,Yes
1725-IQNIY,Male,34,No,1779,54,Yes,42.09,Yes,Fiber Optic,9,Yes,Yes,Yes,Yes,Yes,Two Year,No,Bank Withdrawal,109.75,6110.2,Yes
6598-RFFVI,Male,56,No,24644,2,Yes,15.79,No,None,0,No,No,No,No,No,One Year,No,Credit Card,19.3,28.3,Yes
8614-VGMMV,Female,33,No,71678,15,Yes,9.71,Yes,DSL,26,No,No,No,No,Yes,Month-to-Month,Yes,Bank Withdrawal,49.1,679.55,Yes
2930-UOTMB,Female,29,No,42425,31,Yes,31.14,Yes,Cable,52,Yes,No,Yes,Yes,No,Month-to-Month,No,Credit Card,65.25,1994.3,Yes
2533-QVMSK,Male,46,No,1005,61,Yes,26.94,Yes,Fiber Optic,11,No,Yes,No,Yes,Yes,Two Year,Yes,Bank Withdrawal,94.1,5638.3,Yes
8625-AZYZY,Male,51,No,3745,24,Yes,3,Yes,Fiber Optic,15,No,Yes,Yes,No,Yes,Month-to-Month,Yes,Bank Withdrawal,104.65,2542.45,Yes
9306-CPCBC,Female,44,No,12743,3,Yes,35.54,Yes,Fiber Optic,27,No,No,No,No,Yes,Month-to-Month,Yes,Bank Withdrawal,74.25,210.3,Yes
2656-TABEH,Male,57,No,25655,4,Yes,28.22,Yes,Fiber Optic,10,No,Yes,No,No,Yes,Month-to-Month,Yes,Bank Withdrawal,100.2,420.2,Yes
2325-ZUSFD,Female,46,No,2762,57,Yes,36.65,Yes,DSL,7,Yes,No,No,No,Yes,One Year,Yes,Bank Withdrawal,70.1,3913.3,Yes
3932-CMDTD,Female,29,No,10936,4,Yes,43.45,Yes,Fiber Optic,52,No,Yes,Yes,Yes,Yes,One Year,Yes,Bank Withdrawal,105.65,443.9,Yes
3594-UVONA,Female,27,No,48207,35,Yes,8.8,Yes,Cable,46,Yes,No,Yes,Yes,No,One Year,Yes,Credit Card,85.95,3110.1,Yes
0004-TLHLJ,Male,50,No,62069,4,Yes,33.65,Yes,Fiber Optic,30,No,No,Yes,No,Yes,Month-to-Month,Yes,Bank Withdrawal,73.9,280.85,Yes
5089-IFSDP,Female,39,No,58764,58,Yes,27.99,Yes,Fiber Optic,24,Yes,Yes,Yes,No,Yes,Two Year,Yes,Bank Withdrawal,109.45,6144.55,Yes
4817-VYYWS,Female,21,No,1859,30,Yes,11.73,Yes,Fiber Optic,82,No,Yes,No,No,Yes,Month-to-Month,Yes,Bank Withdrawal,100.2,2983.8,Yes
1396-QWFBJ,Female,32,No,42193,21,Yes,5.07,Yes,Fiber Optic,26,No,Yes,No,No,Yes,Month-to-Month,Yes,Bank Withdrawal,74.05,1565.7,Yes
5299-SJCZT,Male,57,No,350,3,Yes,21.86,Yes,Fiber Optic,6,No,No,Yes,No,Yes,Month-to-Month,Yes,Bank Withdrawal,101.55,298.35,Yes
2898-LSJGD,Female,30,No,62634,21,No,0,Yes,Cable,69,Yes,No,Yes,No,No,One Year,Yes,Bank Withdrawal,55.95,1157.05,Yes
7359-PTSXY,Male,36,No,55062,1,Yes,24.24,Yes,DSL,28,No,No,No,No,Yes,Month-to-Month,No,Bank Withdrawal,45.75,45.75,Yes
4503-BDXBD,Male,41,No,19629,11,Yes,25.24,Yes,Fiber Optic,29,No,Yes,No,No,Yes,Month-to-Month,No,Bank Withdrawal,74.95,815.5,Yes
6086-ESGRL,Female,53,No,34055,1,Yes,4.67,Yes,Fiber Optic,11,No,No,No,No,Yes,Month-to-Month,No,Credit Card,80.15,80.15,Yes
3886-CERTZ,Female,57,No,34592,72,Yes,31.13,Yes,Fiber Optic,11,No,Yes,Yes,Yes,Yes,One Year,Yes,Bank Withdrawal,109.25,8109.8,Yes
5759-RCVCB,Female,20,No,37916,3,No,0,Yes,DSL,30,No,No,No,No,Yes,Month-to-Month,No,Credit Card,35.2,108.95,Yes
6372-RFVNS,Female,55,No,48170,1,Yes,28.04,Yes,Fiber Optic,30,No,No,No,No,Yes,Month-to-Month,No,Bank Withdrawal,78.8,78.8,Yes
8938-UMKPI,Female,42,No,60294,47,Yes,35.97,Yes,Fiber Optic,25,No,Yes,Yes,No,No,Month-to-Month,Yes,Bank Withdrawal,106.4,5127.95,Yes
0991-BRRFB,Male,31,No,13188,18,Yes,20.86,Yes,DSL,3,Yes,No,No,No,Yes,Month-to-Month,No,Bank Withdrawal,49.4,874.8,Yes
6319-IEJWJ,Male,63,No,24945,20,Yes,49.69,Yes,Fiber Optic,10,No,No,No,No,Yes,Month-to-Month,Yes,Bank Withdrawal,90.2,1776.55,Yes
9025-AOMKI,Female,42,No,17409,6,Yes,43.8,Yes,Fiber Optic,5,No,No,No,No,Yes,Month-to-Month,Yes,Bank Withdrawal,93.55,536.4,Yes
5275-SQEIZ,Male,64,No,21633,1,Yes,14.91,Yes,Fiber Optic,21,No,No,No,No,Yes,Month-to-Month,Yes,Credit Card,80.85,80.85,Yes
7716-YTYHG,Female,41,No,79736,48,Yes,23.95,Yes,Fiber Optic,30,No,No,No,No,Yes,One Year,Yes,Mailed Check,82.05,4029.95,Yes
4390-KYULV,Male,41,No,1459,3,Yes,37.61,No,None,0,No,No,No,No,No,Month-to-Month,Yes,Credit Card,20.55,51.15,Yes
8945-GRKHX,Female,41,No,15757,1,Yes,46.09,Yes,Fiber Optic,10,No,No,No,No,Yes,Month-to-Month,No,Bank Withdrawal,78.65,78.65,Yes
6959-UWKHF,Male,47,No,1054,1,Yes,4.02,Yes,Cable,11,No,No,No,No,Yes,Month-to-Month,Yes,Bank Withdrawal,42.9,42.9,Yes
3815-SLMEF,Female,26,No,14697,3,No,0,Yes,Cable,52,Yes,No,No,Yes,Yes,Month-to-Month,No,Mailed Check,34.25,139.35,Yes
5154-VEKBL,Female,30,No,1954,9,No,0,Yes,Cable,48,Yes,No,Yes,Yes,Yes,Month-to-Month,No,Mailed Check,58.5,539.85,Yes
4587-VVTOX,Female,23,No,1526,6,Yes,27.44,Yes,Fiber Optic,58,No,Yes,Yes,No,Yes,Month-to-Month,Yes,Bank Withdrawal,105.3,545.2,Yes
4652-NNHNY,Male,32,No,626,16,Yes,17.96,Yes,Fiber Optic,30,No,No,No,No,Yes,Month-to-Month,Yes,Bank Withdrawal,73.85,1284.2,Yes
8515-OCTJS,Female,61,No,30419,25,Yes,19.75,No,None,0,No,No,No,No,No,Two Year,No,Credit Card,24.75,692.1,Yes
5261-QSHQM,Female,31,No,46171,4,No,0,Yes,DSL,9,No,No,No,No,Yes,Month-to-Month,Yes,Bank Withdrawal,24.45,86.6,Yes
8868-WOZGU,Male,33,No,65566,28,Yes,30.48,Yes,Fiber Optic,13,No,Yes,Yes,No,No,Month-to-Month,Yes,Bank Withdrawal,105.7,2979.5,Yes
1334-FJSVR,Male,64,No,56,1,No,0,Yes,DSL,7,No,No,No,No,Yes,Month-to-Month,Yes,Bank Withdrawal,24.25,24.25,Yes
7625-XCQRH,Female,48,No,5689,11,Yes,15.6,Yes,Fiber Optic,4,No,No,No,No,Yes,Month-to-Month,Yes,Bank Withdrawal,76.5,837.95,Yes
1731-TVIUK,Female,47,No,46171,4,Yes,7.39,Yes,Fiber Optic,4,No,Yes,No,Yes,Yes,Month-to-Month,Yes,Bank Withdrawal,93.5,362.2,Yes
0618-XWMSS,Male,60,No,22760,28,Yes,44.28,Yes,Fiber Optic,5,Yes,No,No,No,Yes,Month-to-Month,Yes,Bank Withdrawal,74.9,2068.55,Yes
2565-JSLRY,Male,21,No,53481,1,Yes,20.26,No,None,0,No,No,No,No,No,Month-to-Month,Yes,Mailed Check,24.05,24.05,Yes
6689-KXGBO,Female,36,No,27047,1,Yes,30.96,Yes,DSL,5,No,Yes,No,No,Yes,Month-to-Month,No,Bank Withdrawal,50.55,50.55,Yes
6615-NGGZJ,Male,56,No,4644,14,Yes,36.97,Yes,Fiber Optic,27,No,Yes,No,No,Yes,Month-to-Month,Yes,Bank Withdrawal,100.55,1415.55,Yes
4255-DDUOU,Female,47,Yes,210,1,Yes,34.57,No,None,0,No,No,No,No,No,Month-to-Month,Yes,Mailed Check,20.5,20.5,Yes
2984-MIIZL,Male,51,No,5726,4,Yes,7.26,Yes,Fiber Optic,29,No,No,Yes,No,Yes,Month-to-Month,Yes,Bank Withdrawal,74.8,321.9,Yes
5590-YRFJT,Female,44,No,6165,20,No,0,Yes,DSL,10,No,No,No,No,Yes,Month-to-Month,Yes,Bank Withdrawal,24.45,482.8,Yes
3677-TNKIO,Female,27,No,7918,14,Yes,36.25,Yes,Fiber Optic,52,No,No,No,No,Yes,Month-to-Month,Yes,Credit Card,71,914,Yes
3329-WDIOK,Female,56,No,7685,3,No,0,Yes,Cable,25,No,Yes,No,No,Yes,Month-to-Month,Yes,Bank Withdrawal,50.6,155.35,Yes
2873-ZLIWT,Female,64,No,46171,40,Yes,2.03,Yes,Fiber Optic,19,No,No,Yes,Yes,Yes,Month-to-Month,Yes,Bank Withdrawal,84.85,3303.05,Yes
3415-TAILE,Female,21,Yes,207,2,Yes,27.27,Yes,DSL,51,No,No,No,No,Yes,Month-to-Month,No,Credit Card,65.7,134.35,Yes
1915-IOFGU,Female,53,No,1436,1,Yes,41.39,Yes,Fiber Optic,3,No,No,No,No,Yes,Month-to-Month,No,Bank Withdrawal,70.5,70.5,Yes
3045-XETSH,Female,34,No,2771,10,Yes,43.26,Yes,Fiber Optic,21,No,Yes,Yes,No,Yes,Month-to-Month,Yes,Bank Withdrawal,94.85,953.45,Yes
7239-HZZCX,Male,21,No,57794,1,Yes,29.33,No,None,0,No,No,No,No,No,Month-to-Month,No,Credit Card,19.75,19.75,Yes
7683-CBDKJ,Male,42,Yes,67232,14,Yes,45.6,Yes,Cable,19,Yes,Yes,No,No,Yes,Month-to-Month,Yes,Bank Withdrawal,65.45,937.6,Yes
0628-CNQRM,Male,49,No,46171,22,Yes,19.8,Yes,Cable,17,Yes,No,Yes,Yes,Yes,One Year,Yes,Bank Withdrawal,67.5,1544.05,Yes
7665-TOALD,Female,25,No,46171,1,Yes,14.19,Yes,Fiber Optic,59,No,No,No,No,Yes,Month-to-Month,Yes,Bank Withdrawal,69.6,69.6,Yes
0112-QWPNC,Male,61,No,413,49,Yes,39.55,Yes,Cable,10,Yes,No,Yes,Yes,Yes,One Year,No,Bank Withdrawal,84.35,4059.35,Yes
2777-PHDEI,Female,20,No,1968,1,Yes,29.41,Yes,Fiber Optic,59,No,No,No,No,No,Month-to-Month,No,Bank Withdrawal,78.05,78.05,Yes
1196-AMORA,Male,63,No,273,7,Yes,38.07,Yes,Fiber Optic,28,No,No,No,No,Yes,Month-to-Month,No,Bank Withdrawal,73.6,520,Yes
4282-YMKNA,Female,55,No,807,9,Yes,16.48,Yes,Fiber Optic,12,No,No,No,No,Yes,Month-to-Month,Yes,Bank Withdrawal,74.75,706.6,Yes
5356-RHIPP,Male,38,No,24206,1,Yes,45.49,No,None,0,No,No,No,No,No,Month-to-Month,Yes,Credit Card,20.2,20.2,Yes
0746-JTRFU,Male,22,No,14088,2,No,0,Yes,Cable,73,No,No,No,No,Yes,Month-to-Month,Yes,Bank Withdrawal,25.05,56.35,Yes
4628-CTTLA,Male,23,No,28991,57,No,0,Yes,DSL,59,No,Yes,No,No,No,Month-to-Month,Yes,Bank Withdrawal,39.3,2111.45,Yes
2876-VBBBL,Female,64,No,642,1,Yes,10.71,No,None,0,No,No,No,No,No,Month-to-Month,Yes,Credit Card,20.25,20.25,Yes
6834-NXDCA,Female,30,No,343,13,No,0,Yes,DSL,53,No,No,No,No,Yes,Month-to-Month,Yes,Bank Withdrawal,23.9,300.8,Yes
5597-GLBUC,Female,48,No,3146,1,Yes,22.97,Yes,Fiber Optic,23,No,No,Yes,No,Yes,Month-to-Month,Yes,Bank Withdrawal,85.45,85.45,Yes
2748-MYRVK,Female,22,No,47999,63,Yes,8.38,Yes,Fiber Optic,59,No,Yes,No,No,Yes,One Year,No,Bank Withdrawal,99.9,6137,Yes
4822-YCXMX,Male,64,No,35451,25,Yes,8.31,Yes,Fiber Optic,22,No,No,No,No,Yes,Month-to-Month,Yes,Bank Withdrawal,84.8,2043.45,Yes
9821-POOTN,Male,48,No,33878,35,Yes,48.47,Yes,Fiber Optic,12,No,No,No,No,Yes,Month-to-Month,Yes,Bank Withdrawal,75.2,2576.2,Yes
6559-ILWKJ,Male,44,No,60889,71,No,0,Yes,Cable,25,No,Yes,No,No,No,Two Year,No,Bank Withdrawal,49.35,3515.25,Yes
4229-CZMLL,Male,49,No,35739,6,Yes,6.32,Yes,Fiber Optic,11,No,No,No,No,Yes,Month-to-Month,Yes,Bank Withdrawal,74.9,469.8,Yes
3663-MITLP,Female,43,No,21759,15,Yes,16.82,Yes,Fiber Optic,26,No,Yes,Yes,No,Yes,Month-to-Month,Yes,Bank Withdrawal,101.25,1457.25,Yes
9025-ZRPVR,Male,59,No,15449,9,Yes,49.74,No,None,0,No,No,No,No,No,Month-to-Month,Yes,Credit Card,18.95,185.6,Yes
3285-UCQVC,Female,31,No,38244,37,No,0,Yes,DSL,10,No,No,No,Yes,Yes,Month-to-Month,No,Credit Card,28.6,973.55,Yes
3737-GCSPV,Female,60,No,20350,11,Yes,26.88,Yes,Fiber Optic,19,Yes,No,No,Yes,Yes,Month-to-Month,Yes,Credit Card,96.2,1222.05,Yes
4088-YLDSU,Male,21,No,25569,55,Yes,10.61,Yes,Fiber Optic,76,No,No,Yes,Yes,Yes,One Year,Yes,Bank Withdrawal,104.15,5743.05,Yes
5797-APWZC,Female,41,No,2066,1,Yes,31.68,Yes,Fiber Optic,22,No,No,No,No,Yes,Month-to-Month,No,Bank Withdrawal,90.6,90.6,Yes
3683-QKIUE,Female,51,No,17372,6,Yes,21.91,Yes,DSL,12,No,No,No,Yes,Yes,Month-to-Month,Yes,Bank Withdrawal,50.8,288.05,Yes
4228-ZGYUW,Male,42,No,13723,4,Yes,12.24,Yes,Fiber Optic,11,No,Yes,No,No,No,Month-to-Month,Yes,Bank Withdrawal,90.05,368.1,Yes
3519-ZKXGG,Female,61,No,22920,3,Yes,44.34,Yes,Fiber Optic,29,No,No,No,No,Yes,Month-to-Month,Yes,Bank Withdrawal,75.85,256.6,Yes
6416-TVAIH,Male,39,No,20643,1,Yes,30.62,Yes,Fiber Optic,11,No,No,No,No,Yes,Month-to-Month,Yes,Bank Withdrawal,68.5,68.5,Yes
5108-ADXWO,Male,30,No,1458,11,Yes,38.88,Yes,Fiber Optic,30,Yes,No,No,No,Yes,Month-to-Month,Yes,Bank Withdrawal,73.5,791.75,Yes
3066-RRJIO,Female,29,No,26297,1,Yes,13.04,Yes,Fiber Optic,46,No,No,No,No,Yes,Month-to-Month,Yes,Credit Card,69.95,69.95,Yes
6715-OFDBP,Male,52,No,1723,5,Yes,14.26,Yes,DSL,26,No,No,Yes,No,Yes,Month-to-Month,Yes,Bank Withdrawal,70.05,346.4,Yes
1567-DSCIC,Male,59,No,32488,8,Yes,23.89,Yes,Fiber Optic,14,No,Yes,Yes,No,Yes,Month-to-Month,Yes,Bank Withdrawal,94,773.65,Yes
2150-UWTFY,Female,21,Yes,23393,22,Yes,42.98,Yes,DSL,30,Yes,Yes,Yes,No,No,Month-to-Month,No,Credit Card,61.15,1422.05,Yes
2683-BPJSO,Male,37,No,10153,29,Yes,28.37,Yes,Fiber Optic,12,Yes,Yes,No,No,Yes,Month-to-Month,Yes,Bank Withdrawal,84.45,2467.1,Yes
2157-MXBJS,Male,20,No,7384,13,Yes,41.22,Yes,Cable,82,No,No,Yes,No,Yes,One Year,Yes,Credit Card,75.3,989.45,Yes
1087-UDSIH,Female,38,No,36186,3,Yes,13.28,No,None,0,No,No,No,No,No,Month-to-Month,Yes,Credit Card,19.6,59.75,Yes
5445-PZWGX,Male,63,No,9978,62,Yes,8.08,Yes,Fiber Optic,21,Yes,Yes,No,Yes,No,One Year,No,Bank Withdrawal,102,6529.25,Yes
9170-CCKOU,Male,62,No,46917,17,Yes,12.06,Yes,Fiber Optic,9,Yes,Yes,Yes,No,Yes,Month-to-Month,No,Credit Card,90.2,1454.15,Yes
1043-YCUTE,Male,19,No,72993,56,Yes,13.2,No,None,0,No,No,No,No,No,Two Year,Yes,Credit Card,25.15,1327.15,Yes
3814-MLAXC,Female,58,No,27311,31,Yes,16.63,Yes,Fiber Optic,12,No,No,No,Yes,Yes,Month-to-Month,Yes,Credit Card,79.85,2404.15,Yes
1226-UDFZR,Female,26,No,23996,2,Yes,21.28,Yes,Cable,26,No,Yes,No,No,Yes,Month-to-Month,Yes,Credit Card,49.6,114.7,Yes
5442-UTCVD,Male,53,No,78816,3,Yes,43.72,Yes,Fiber Optic,21,No,No,Yes,No,Yes,Month-to-Month,No,Bank Withdrawal,91.85,257.05,Yes
7734-DBOAI,Female,42,Yes,494,1,No,0,Yes,DSL,12,No,No,No,Yes,No,Month-to-Month,No,Bank Withdrawal,40.1,40.1,Yes
2114-MGINA,Female,57,No,5246,14,Yes,10.3,Yes,Fiber Optic,29,No,No,No,No,Yes,Month-to-Month,Yes,Credit Card,89.8,1129.1,Yes
4489-SNOJF,Female,28,Yes,223,35,Yes,25.27,Yes,DSL,82,Yes,No,Yes,Yes,Yes,Month-to-Month,No,Bank Withdrawal,72.25,2568.55,Yes
2187-LZGPL,Female,36,No,40917,7,No,0,Yes,DSL,19,No,Yes,No,No,Yes,Month-to-Month,Yes,Credit Card,40.1,293.3,Yes
9019-QVLZD,Female,58,No,28900,1,Yes,32.13,Yes,Fiber Optic,15,No,No,No,No,No,Month-to-Month,No,Bank Withdrawal,79.55,79.55,Yes
3707-LRWZD,Female,44,No,36517,32,Yes,40.26,Yes,Fiber Optic,14,No,No,No,No,Yes,One Year,No,Bank Withdrawal,84.05,2781.85,Yes
1455-ESIQH,Male,44,No,24518,1,Yes,16.06,Yes,Fiber Optic,3,No,No,No,No,Yes,Month-to-Month,Yes,Bank Withdrawal,89.1,89.1,Yes
2979-SXESE,Female,57,No,19763,17,Yes,25.79,Yes,Cable,12,Yes,No,Yes,No,Yes,Month-to-Month,No,Bank Withdrawal,94.4,1607.2,Yes
4013-TLDHQ,Male,59,No,21205,19,Yes,20.26,Yes,Fiber Optic,25,No,Yes,Yes,No,Yes,Month-to-Month,Yes,Bank Withdrawal,78.25,1490.95,Yes
6121-VZNQB,Female,35,No,1573,1,Yes,34.79,No,None,0,No,No,No,No,No,Month-to-Month,Yes,Credit Card,19.1,19.1,Yes
6996-KNSML,Female,26,No,7936,1,Yes,35.25,Yes,Fiber Optic,30,No,No,Yes,No,Yes,Month-to-Month,Yes,Bank Withdrawal,74.9,74.9,Yes
2592-SEIFQ,Male,36,No,16849,3,No,0,Yes,DSL,18,No,No,No,No,Yes,Month-to-Month,No,Bank Withdrawal,24.75,66.95,Yes
8642-GVWRF,Female,25,No,9673,2,Yes,28.86,Yes,Fiber Optic,26,No,Yes,Yes,No,Yes,Month-to-Month,No,Bank Withdrawal,79.7,165,Yes
3400-ESFUW,Male,28,No,54431,55,Yes,8.8,Yes,DSL,48,Yes,Yes,No,Yes,No,Two Year,No,Bank Withdrawal,57.55,3046.4,Yes
2057-ZBLPD,Female,50,No,24443,21,Yes,42.22,Yes,Fiber Optic,29,No,No,No,No,Yes,Month-to-Month,Yes,Bank Withdrawal,86.5,1808.7,Yes
5502-RLUYV,Female,42,No,62848,69,Yes,37.2,Yes,Fiber Optic,27,No,Yes,Yes,No,Yes,Month-to-Month,Yes,Bank Withdrawal,103.95,7446.9,Yes
9039-RBEEE,Male,27,No,36349,39,No,0,Yes,Cable,48,Yes,Yes,No,Yes,Yes,Month-to-Month,Yes,Credit Card,48.95,1880.85,Yes
8417-FMLZI,Male,47,No,43192,6,Yes,26.91,Yes,Fiber Optic,6,No,Yes,No,No,Yes,Month-to-Month,Yes,Credit Card,83.55,477.55,Yes
0515-YPMCW,Male,42,No,51706,1,Yes,42.87,Yes,Fiber Optic,8,No,No,No,No,No,Month-to-Month,Yes,Credit Card,70.45,70.45,Yes
0378-XSZPU,Male,31,No,29914,58,Yes,17.22,Yes,Cable,21,Yes,Yes,Yes,No,Yes,One Year,No,Credit Card,60.3,3563.8,Yes
4729-XKASR,Male,56,Yes,59632,1,No,0,Yes,DSL,57,No,No,No,No,Yes,Month-to-Month,No,Bank Withdrawal,24.75,24.75,Yes
5449-FIBXJ,Male,34,No,60620,19,Yes,28.04,Yes,Fiber Optic,22,No,No,Yes,Yes,Yes,Month-to-Month,No,Bank Withdrawal,103.3,2012.7,Yes
9837-BMCLM,Male,39,No,7071,3,Yes,31.88,Yes,Fiber Optic,7,No,No,No,No,Yes,Month-to-Month,Yes,Bank Withdrawal,78.5,242.05,Yes
0137-UDEUO,Female,24,No,30476,3,Yes,25.75,No,None,0,No,No,No,No,No,Month-to-Month,No,Credit Card,19.85,63.75,Yes
4925-LMHOK,Male,29,No,6951,15,Yes,14.79,Yes,DSL,59,No,Yes,No,Yes,Yes,Month-to-Month,Yes,Credit Card,58.6,939.7,Yes
1455-UGQVH,Male,35,No,6317,10,Yes,1.09,Yes,Fiber Optic,18,No,No,Yes,No,Yes,Month-to-Month,Yes,Bank Withdrawal,98.5,1037.75,Yes
8280-MQRQN,Female,39,No,5159,1,Yes,23.7,Yes,Cable,17,No,No,Yes,No,Yes,Month-to-Month,Yes,Mailed Check,50.45,50.45,Yes
2037-SGXHH,Male,25,No,75,38,Yes,49.7,Yes,Fiber Optic,30,No,Yes,Yes,No,Yes,Month-to-Month,Yes,Bank Withdrawal,94.65,3624.3,Yes
3178-FESZO,Female,45,No,722,1,Yes,20.23,Yes,Fiber Optic,17,No,Yes,No,No,Yes,Month-to-Month,Yes,Credit Card,100.25,100.25,Yes
6087-MVHJH,Female,44,No,5094,16,Yes,17.8,Yes,Fiber Optic,5,No,No,Yes,No,No,Month-to-Month,Yes,Bank Withdrawal,88.45,1422.1,Yes
4603-JANFB,Male,51,No,21,1,Yes,12.13,Yes,Fiber Optic,19,No,No,No,No,Yes,Month-to-Month,Yes,Bank Withdrawal,69.85,69.85,Yes
3018-TFTSU,Male,44,No,335,12,Yes,18.38,Yes,Fiber Optic,3,Yes,No,Yes,No,Yes,Month-to-Month,No,Bank Withdrawal,81.7,858.6,Yes
4806-KEXQR,Male,27,No,3205,4,Yes,43.06,Yes,Fiber Optic,46,No,No,No,No,Yes,Month-to-Month,Yes,Bank Withdrawal,79.9,324.3,Yes
7083-YNSKY,Female,22,No,22073,15,Yes,45.84,No,None,0,No,No,No,No,No,Month-to-Month,Yes,Credit Card,25.4,399.6,Yes
7434-SHXLS,Female,21,No,304,1,Yes,15.73,No,None,0,No,No,No,No,No,Month-to-Month,No,Mailed Check,20.9,20.9,Yes
7908-QCBCA,Female,47,No,27808,1,Yes,33.46,Yes,Fiber Optic,12,No,No,No,No,No,Month-to-Month,Yes,Mailed Check,69.4,69.4,Yes
6711-FLDFB,Female,62,No,167,7,Yes,46.79,Yes,Fiber Optic,25,No,No,No,No,Yes,Month-to-Month,Yes,Bank Withdrawal,74.9,541.15,Yes
4702-IOQDC,Female,58,No,7872,1,Yes,46.17,Yes,Fiber Optic,30,No,No,No,No,Yes,Month-to-Month,Yes,Bank Withdrawal,70.1,70.1,Yes
6178-KFNHS,Female,34,No,6822,12,Yes,35.8,Yes,Fiber Optic,25,Yes,No,No,No,Yes,Month-to-Month,Yes,Bank Withdrawal,78.3,909.25,Yes
1264-BYWMS,Male,40,No,1749,55,Yes,47.38,Yes,Fiber Optic,29,No,No,No,No,Yes,Month-to-Month,Yes,Bank Withdrawal,96.8,5283.95,Yes
9658-WYUFB,Female,57,No,10834,17,Yes,21.82,Yes,Fiber Optic,23,Yes,Yes,No,No,Yes,Month-to-Month,Yes,Bank Withdrawal,94.4,1617.5,Yes
2013-SGDXK,Female,27,No,10226,1,Yes,1.63,Yes,Fiber Optic,59,No,Yes,No,No,No,Month-to-Month,No,Bank Withdrawal,84.3,84.3,Yes
3506-LCJDC,Male,52,Yes,30668,1,Yes,8.03,No,None,0,No,No,No,No,No,Month-to-Month,No,Bank Withdrawal,19.95,19.95,Yes
3934-HXCFZ,Male,33,No,235,23,Yes,19.2,Yes,Fiber Optic,7,Yes,Yes,Yes,No,Yes,Month-to-Month,Yes,Bank Withdrawal,99.25,2186.4,Yes
7666-WKRON,Female,39,No,16525,39,Yes,24.45,Yes,Fiber Optic,27,No,No,Yes,Yes,Yes,Two Year,Yes,Bank Withdrawal,80.45,3201.55,Yes
4910-AQFFX,Male,30,No,1519,9,Yes,31.67,Yes,Cable,59,No,No,Yes,No,No,Month-to-Month,Yes,Bank Withdrawal,79.35,661.25,Yes
2154-KVJFF,Female,42,No,1960,15,Yes,42.83,Yes,Fiber Optic,21,No,Yes,No,No,Yes,Month-to-Month,Yes,Bank Withdrawal,79.75,1111.85,Yes
9647-ERGBE,Female,64,No,40545,30,Yes,39.74,Yes,Fiber Optic,22,No,No,Yes,No,Yes,Month-to-Month,Yes,Bank Withdrawal,100.05,3046.15,Yes
3428-XZMAZ,Male,64,No,24708,1,Yes,45.86,Yes,Fiber Optic,27,No,No,No,No,Yes,Month-to-Month,Yes,Bank Withdrawal,69.35,69.35,Yes
0378-TOVMS,Female,20,No,274,3,Yes,10.6,Yes,Fiber Optic,73,No,No,No,Yes,Yes,Month-to-Month,No,Bank Withdrawal,85.8,272.2,Yes
4355-HBJHH,Male,49,No,8308,67,Yes,42.77,Yes,DSL,3,Yes,No,Yes,No,Yes,Two Year,Yes,Bank Withdrawal,79.7,5293.4,Yes
0318-QUUOB,Male,25,No,40270,1,Yes,43.67,Yes,Fiber Optic,73,No,No,No,No,No,Month-to-Month,Yes,Bank Withdrawal,80.55,80.55,Yes
5520-FVEWJ,Female,28,No,22250,12,Yes,40.63,Yes,Fiber Optic,59,No,Yes,Yes,No,Yes,Month-to-Month,Yes,Bank Withdrawal,84.5,916.9,Yes
5572-ZDXHY,Female,25,No,25718,22,Yes,29.07,Yes,Fiber Optic,52,No,Yes,No,No,Yes,Month-to-Month,Yes,Mailed Check,84.3,1855.65,Yes
3750-CKVKH,Male,58,No,3684,2,Yes,11.75,Yes,Fiber Optic,4,No,No,No,No,Yes,Month-to-Month,Yes,Bank Withdrawal,67.75,116.65,Yes
4547-KQRTM,Female,60,No,363,10,Yes,49.7,Yes,Fiber Optic,10,No,Yes,No,No,Yes,Month-to-Month,Yes,Bank Withdrawal,80.05,830.7,Yes
4877-EVATK,Male,30,No,383,1,Yes,46.77,No,None,0,No,No,No,No,No,Month-to-Month,No,Mailed Check,20,20,Yes
7639-SUPCW,Female,32,No,4101,22,Yes,3.95,Yes,DSL,30,Yes,No,No,No,No,Month-to-Month,Yes,Credit Card,48.8,1054.6,Yes
4658-HCOHW,Female,52,No,5995,21,Yes,16.67,Yes,Fiber Optic,3,No,Yes,Yes,Yes,Yes,Month-to-Month,Yes,Bank Withdrawal,102.8,2110.15,Yes
3440-JPSCL,Female,26,No,34314,6,Yes,5.16,Yes,Fiber Optic,59,No,No,Yes,Yes,Yes,Month-to-Month,Yes,Mailed Check,99.95,547.65,Yes
2889-FPWRM,Male,31,No,15921,72,Yes,34.87,Yes,Fiber Optic,8,Yes,Yes,Yes,Yes,Yes,One Year,Yes,Bank Withdrawal,117.8,8684.8,Yes
4290-BSXUX,Male,33,No,228,3,Yes,43.27,Yes,Fiber Optic,17,No,No,No,Yes,Yes,Month-to-Month,Yes,Bank Withdrawal,79.65,251.75,Yes
0325-XBFAC,Male,44,No,3041,8,Yes,19.49,Yes,Fiber Optic,10,No,No,Yes,No,No,Month-to-Month,Yes,Bank Withdrawal,94.7,740.3,Yes
2462-XIIJB,Male,33,No,867,5,Yes,3.25,Yes,Fiber Optic,25,No,No,Yes,No,Yes,Month-to-Month,Yes,Bank Withdrawal,92.5,452.7,Yes
4760-XOHVN,Female,54,Yes,644,1,Yes,28.73,No,None,0,No,No,No,No,No,Month-to-Month,No,Mailed Check,19.45,19.45,Yes
7817-BOQPW,Female,32,No,3284,2,Yes,41.37,Yes,Fiber Optic,28,No,No,No,No,Yes,Month-to-Month,Yes,Bank Withdrawal,75.55,166.3,Yes
1853-UDXBW,Male,38,No,395,1,Yes,38.8,Yes,Fiber Optic,4,No,No,No,No,Yes,Month-to-Month,Yes,Bank Withdrawal,70,70,Yes
5458-CQJTA,Male,56,No,2020,65,Yes,40.47,Yes,DSL,30,Yes,No,No,Yes,Yes,Two Year,Yes,Bank Withdrawal,74.8,4820.15,Yes
5219-YIPTK,Female,46,No,2369,33,Yes,11.32,Yes,Fiber Optic,12,No,Yes,Yes,No,Yes,Month-to-Month,Yes,Bank Withdrawal,104.4,3409.6,Yes
3540-RZJYU,Female,21,No,259,15,Yes,20.03,Yes,Fiber Optic,59,Yes,No,No,No,No,Month-to-Month,No,Bank Withdrawal,86.2,1270.2,Yes
2091-MJTFX,Female,57,Yes,18197,30,No,0,Yes,DSL,12,No,No,No,Yes,Yes,Month-to-Month,No,Credit Card,51.2,1561.5,Yes
0883-EIBTI,Female,23,No,1417,2,Yes,28.02,No,None,0,No,No,No,No,No,Month-to-Month,No,Mailed Check,19.5,31.55,Yes
7571-YXDAD,Female,37,No,648,2,Yes,38.28,Yes,Fiber Optic,18,No,No,No,No,Yes,Month-to-Month,No,Credit Card,74.9,147.15,Yes
3393-FMZPV,Female,59,No,6197,25,Yes,36.24,Yes,Fiber Optic,3,No,Yes,No,No,Yes,Month-to-Month,Yes,Bank Withdrawal,100.25,2387.75,Yes
7486-KSRVI,Male,56,No,51855,43,Yes,39.37,Yes,Fiber Optic,23,No,No,No,Yes,No,One Year,Yes,Bank Withdrawal,100,4211.55,Yes
8443-WVPSS,Male,58,No,24194,10,Yes,43.28,Yes,Fiber Optic,12,No,Yes,No,Yes,Yes,Month-to-Month,Yes,Bank Withdrawal,99.85,990.9,Yes
3006-XIMLN,Female,34,No,2536,2,Yes,42.89,Yes,Fiber Optic,13,No,No,No,No,Yes,Month-to-Month,Yes,Bank Withdrawal,94.2,193.8,Yes
6305-YLBMM,Male,50,No,213,69,Yes,2.52,Yes,Fiber Optic,24,No,Yes,Yes,Yes,Yes,One Year,Yes,Bank Withdrawal,104.05,7262,Yes
3647-GMGDH,Male,52,No,6202,22,Yes,37.8,Yes,Fiber Optic,15,No,No,Yes,No,Yes,Month-to-Month,Yes,Credit Card,94.7,1914.9,Yes
6595-COKXZ,Female,63,No,2220,1,Yes,48.31,Yes,Cable,22,No,No,No,No,Yes,Month-to-Month,Yes,Mailed Check,44.45,44.45,Yes
0362-ZBZWJ,Male,46,No,1472,36,Yes,24.66,Yes,Fiber Optic,22,No,No,No,No,Yes,Month-to-Month,Yes,Bank Withdrawal,84.9,3067.2,Yes
4211-MMAZN,Male,41,No,32564,1,Yes,23.16,No,None,0,No,No,No,No,No,Month-to-Month,No,Mailed Check,20.25,20.25,Yes
4274-OWWYO,Male,56,No,2344,1,Yes,4.8,Yes,Fiber Optic,11,No,Yes,No,No,Yes,Month-to-Month,Yes,Bank Withdrawal,74.35,74.35,Yes
1541-ETJZO,Male,58,No,3600,1,Yes,47.83,Yes,DSL,12,No,No,Yes,Yes,No,Month-to-Month,No,Mailed Check,62.05,62.05,Yes
4106-HADHQ,Male,42,No,185,39,Yes,35.7,Yes,DSL,9,Yes,No,Yes,Yes,Yes,One Year,No,Credit Card,80,3182.95,Yes
2369-UAPKZ,Male,43,No,3747,5,Yes,38.89,Yes,Fiber Optic,8,No,Yes,Yes,No,Yes,Month-to-Month,No,Mailed Check,104.1,541.9,Yes
0637-KVDLV,Male,30,No,47065,2,Yes,17.22,Yes,Fiber Optic,30,No,No,No,No,Yes,Month-to-Month,Yes,Bank Withdrawal,76.5,162.45,Yes
6633-MPWBS,Male,47,No,15022,5,Yes,7.31,Yes,DSL,18,No,No,No,Yes,Yes,Month-to-Month,Yes,Bank Withdrawal,49.2,216.9,Yes
8785-EPNCG,Male,42,No,25355,11,Yes,30.91,No,None,0,No,No,No,No,No,Month-to-Month,No,Credit Card,23.15,245.2,Yes
5729-KLZAR,Female,22,No,14966,4,Yes,44.28,Yes,Fiber Optic,59,No,No,No,No,No,Month-to-Month,No,Bank Withdrawal,80.85,302.75,Yes
1582-RAFML,Male,26,No,35426,1,Yes,23.63,Yes,Cable,85,No,Yes,No,Yes,Yes,Month-to-Month,No,Mailed Check,60.1,60.1,Yes
8740-CRYFY,Male,62,No,72199,1,Yes,23.96,Yes,Fiber Optic,22,No,No,No,No,Yes,Month-to-Month,Yes,Bank Withdrawal,78.95,78.95,Yes
2962-XPMCQ,Male,56,No,54880,2,Yes,6.47,Yes,DSL,21,No,No,No,No,Yes,Month-to-Month,Yes,Bank Withdrawal,45.15,98.5,Yes
1678-FYZOW,Female,28,No,854,3,Yes,46.6,Yes,Fiber Optic,76,No,No,No,No,Yes,Month-to-Month,Yes,Bank Withdrawal,79.4,244.65,Yes
8627-EHGIP,Male,38,No,34894,44,No,0,Yes,Cable,4,No,Yes,Yes,No,Yes,One Year,Yes,Credit Card,53.95,2375.4,Yes
5480-TBGPH,Female,63,No,31373,24,Yes,44.96,Yes,Fiber Optic,28,No,Yes,Yes,No,Yes,Month-to-Month,Yes,Credit Card,99.3,2431.35,Yes
8854-CCVSQ,Male,58,No,1477,18,Yes,38.87,Yes,Fiber Optic,7,No,Yes,No,No,No,Month-to-Month,Yes,Bank Withdrawal,80.65,1451.9,Yes
0511-JTEOY,Female,41,No,86,1,Yes,10.19,Yes,Fiber Optic,9,No,No,No,No,Yes,Month-to-Month,No,Mailed Check,71.1,71.1,Yes
6532-YLWSI,Female,25,No,178,53,Yes,37.85,No,None,0,No,No,No,No,No,One Year,No,Bank Withdrawal,20.8,1021.8,Yes
5175-AOBHI,Female,48,No,1931,4,Yes,15.07,Yes,Cable,16,No,No,No,No,Yes,Month-to-Month,Yes,Mailed Check,46,193.6,Yes
5174-RNGBH,Female,27,No,8695,9,Yes,24.81,Yes,Cable,69,No,Yes,No,Yes,No,Month-to-Month,No,Mailed Check,66.25,620.55,Yes
7270-BDIOA,Female,60,No,1146,22,Yes,12.19,Yes,Fiber Optic,23,No,No,No,Yes,Yes,Month-to-Month,Yes,Bank Withdrawal,90,1993.8,Yes
9565-JSNFM,Male,39,No,301,38,Yes,33.71,Yes,Fiber Optic,17,No,No,No,No,Yes,One Year,Yes,Bank Withdrawal,70.45,2597.6,Yes
0607-DAAHE,Male,62,No,6439,53,Yes,26.21,No,None,0,No,No,No,No,No,Two Year,No,Bank Withdrawal,19.75,1052.35,Yes
9732-KPKBW,Male,49,No,28382,1,Yes,31.16,Yes,DSL,11,Yes,No,No,Yes,Yes,Month-to-Month,Yes,Bank Withdrawal,53.95,53.95,Yes
9560-ARGQJ,Female,40,No,6189,16,Yes,12.92,Yes,Fiber Optic,12,No,No,No,No,No,Month-to-Month,Yes,Bank Withdrawal,81,1312.15,Yes
5134-IKDAY,Female,34,No,73,1,Yes,11.08,Yes,Fiber Optic,13,No,No,No,No,Yes,Month-to-Month,Yes,Bank Withdrawal,69.8,69.8,Yes
5380-AFSSK,Female,44,No,899,5,Yes,46.45,Yes,Fiber Optic,10,No,No,No,No,Yes,Month-to-Month,Yes,Mailed Check,93.9,486.85,Yes
8714-EUHJO,Female,39,No,228,31,Yes,38.67,Yes,Cable,13,No,Yes,No,No,No,Month-to-Month,Yes,Bank Withdrawal,91.15,2995.45,Yes
3721-CNEYS,Female,45,No,960,2,Yes,15.33,Yes,Fiber Optic,26,No,No,No,No,Yes,Month-to-Month,Yes,Bank Withdrawal,70.95,137.95,Yes
2568-OIADY,Female,26,No,48690,37,Yes,36.29,Yes,Fiber Optic,27,No,No,Yes,No,Yes,Month-to-Month,Yes,Bank Withdrawal,99.5,3762,Yes
1193-RTSLK,Female,26,No,1294,38,Yes,36.18,Yes,Fiber Optic,48,Yes,Yes,Yes,No,Yes,Month-to-Month,Yes,Credit Card,83.9,3233.6,Yes
5923-GXUOC,Male,37,No,42239,10,Yes,8.38,Yes,Fiber Optic,2,Yes,Yes,Yes,No,Yes,Month-to-Month,Yes,Bank Withdrawal,104.4,1081.45,Yes
4432-ADRLB,Male,46,No,42239,2,Yes,24.9,Yes,DSL,11,No,No,No,No,No,Month-to-Month,No,Mailed Check,44.65,74.9,Yes
8993-PHFWD,Female,62,No,182,3,No,0,Yes,DSL,27,No,No,No,No,Yes,Month-to-Month,No,Bank Withdrawal,25.25,58.9,Yes
1565-RHDJD,Female,21,No,4931,4,Yes,41.72,Yes,Fiber Optic,69,No,Yes,Yes,No,Yes,Month-to-Month,No,Bank Withdrawal,84.05,333.55,Yes
3765-JXVKY,Female,23,No,433,1,Yes,44.11,Yes,Fiber Optic,69,No,Yes,No,No,Yes,Month-to-Month,Yes,Bank Withdrawal,74.7,74.7,Yes
7330-WZLNC,Female,25,No,26438,5,Yes,1.49,Yes,Fiber Optic,51,No,Yes,No,No,Yes,Month-to-Month,Yes,Bank Withdrawal,90.8,455.5,Yes
6635-MYYYZ,Female,59,No,734,30,Yes,43.01,Yes,Cable,4,Yes,Yes,Yes,Yes,No,One Year,No,Bank Withdrawal,85.35,2530.4,Yes
5378-IKEEG,Female,47,No,132,1,No,0,Yes,Cable,2,No,No,No,No,Yes,Month-to-Month,Yes,Bank Withdrawal,35.75,35.75,Yes
6413-XKKPU,Male,54,No,348,17,Yes,19.19,Yes,Fiber Optic,22,Yes,No,Yes,No,Yes,Month-to-Month,Yes,Bank Withdrawal,89.4,1539.45,Yes
1449-XQEMT,Male,33,No,19440,3,Yes,15.12,No,None,0,No,No,No,No,No,Month-to-Month,Yes,Mailed Check,19.8,58.15,Yes
2626-URJFX,Male,55,Yes,72,4,Yes,8.58,Yes,DSL,57,No,No,No,No,Yes,Month-to-Month,Yes,Bank Withdrawal,50.9,225.6,Yes
2612-RRIDN,Male,25,No,4158,4,Yes,21.62,Yes,Fiber Optic,59,No,No,No,No,No,Month-to-Month,Yes,Bank Withdrawal,81,340.85,Yes
4735-ASGMA,Male,55,No,1943,26,Yes,40.17,Yes,Fiber Optic,27,No,No,Yes,No,Yes,Month-to-Month,Yes,Bank Withdrawal,98.35,2515.3,Yes
3669-LVWZB,Male,20,No,1291,5,No,0,Yes,DSL,59,No,Yes,No,No,Yes,Month-to-Month,Yes,Mailed Check,51,305.95,Yes
6892-EZDTG,Female,55,No,4806,4,Yes,21.81,Yes,Fiber Optic,14,No,Yes,No,No,Yes,Month-to-Month,Yes,Bank Withdrawal,91.65,365.4,Yes
9725-SCPZG,Male,47,No,33038,1,Yes,1.13,Yes,Fiber Optic,6,No,No,No,No,Yes,Month-to-Month,Yes,Bank Withdrawal,90.85,90.85,Yes
5884-GCYMI,Male,62,No,28201,1,Yes,38.53,Yes,Fiber Optic,20,No,No,No,No,Yes,Month-to-Month,No,Mailed Check,69.4,69.4,Yes
7853-GVUDZ,Female,55,Yes,67852,1,Yes,3.09,No,None,0,No,No,No,No,No,Month-to-Month,Yes,Credit Card,20.15,20.15,Yes
3943-KDREE,Female,48,No,1957,26,Yes,17.53,Yes,Fiber Optic,15,No,No,No,No,Yes,Month-to-Month,Yes,Bank Withdrawal,74.95,1834.95,Yes
9239-ZBZZV,Female,23,No,101215,6,No,0,Yes,DSL,71,No,No,Yes,No,Yes,Month-to-Month,Yes,Bank Withdrawal,47.95,305.1,Yes
4398-HSCJH,Female,57,No,9732,3,Yes,3.64,Yes,DSL,25,No,No,No,Yes,Yes,Month-to-Month,Yes,Bank Withdrawal,63.6,155.65,Yes
4430-UZIPO,Male,44,No,4258,3,No,0,Yes,DSL,21,No,Yes,No,Yes,Yes,Month-to-Month,Yes,Mailed Check,36.85,108.7,Yes
4855-SNKMY,Female,31,No,44150,1,Yes,4.41,Yes,DSL,30,No,No,No,No,Yes,Month-to-Month,Yes,Bank Withdrawal,44.1,44.1,Yes
8008-HAWED,Male,38,No,48727,14,No,0,Yes,Cable,6,No,No,Yes,No,No,Month-to-Month,Yes,Bank Withdrawal,50.75,712.75,Yes
1502-XFCVR,Female,57,No,32562,58,Yes,14.99,Yes,Fiber Optic,12,Yes,Yes,Yes,No,Yes,One Year,Yes,Bank Withdrawal,106.45,6145.85,Yes
9692-TUSXH,Female,23,No,27866,18,Yes,35.7,Yes,Fiber Optic,26,Yes,No,No,No,Yes,Month-to-Month,Yes,Bank Withdrawal,96.05,1740.7,Yes
7912-SYRQT,Female,35,No,64672,7,Yes,18.99,Yes,Fiber Optic,23,No,No,No,No,Yes,Month-to-Month,Yes,Bank Withdrawal,75.1,552.95,Yes
8292-TYSPY,Male,55,No,21739,19,Yes,4.3,Yes,Cable,23,No,No,Yes,Yes,No,Month-to-Month,Yes,Credit Card,55,1046.5,Yes
1867-BDVFH,Male,35,No,8115,11,Yes,9.14,Yes,Fiber Optic,19,No,No,No,No,Yes,Month-to-Month,Yes,Bank Withdrawal,74.35,834.2,Yes
2359-QWQUL,Female,35,No,3642,39,Yes,9.51,Yes,Fiber Optic,7,Yes,No,Yes,Yes,Yes,One Year,Yes,Credit Card,104.7,4134.85,Yes
9103-TCIHJ,Female,60,No,38128,15,Yes,40.66,Yes,DSL,8,Yes,No,No,No,Yes,Month-to-Month,Yes,Mailed Check,55.7,899.8,Yes
4140-WJAWW,Female,57,No,21,5,Yes,6.17,No,None,0,No,No,No,No,No,Month-to-Month,No,Credit Card,19.85,108.05,Yes
6653-CBBOM,Female,57,No,51387,1,Yes,15.92,Yes,Fiber Optic,11,No,No,No,No,Yes,Month-to-Month,Yes,Bank Withdrawal,70.3,70.3,Yes
6101-IMRMM,Male,53,No,16041,6,Yes,16.58,Yes,Fiber Optic,17,No,No,Yes,No,No,Month-to-Month,No,Mailed Check,94.5,575.45,Yes
8943-URTMR,Female,56,No,33300,2,Yes,29.04,Yes,Fiber Optic,21,No,No,No,No,Yes,Month-to-Month,Yes,Mailed Check,79.65,152.7,Yes
2955-PSXOE,Female,48,No,5451,1,Yes,43.52,No,None,0,No,No,No,No,No,Month-to-Month,Yes,Bank Withdrawal,20.2,20.2,Yes
7762-URZQH,Male,30,No,31021,66,Yes,23.51,Yes,Fiber Optic,52,Yes,No,Yes,No,Yes,Two Year,Yes,Credit Card,106.05,6981.35,Yes
6907-NZZIJ,Female,54,No,11509,36,Yes,13.35,Yes,Fiber Optic,7,No,Yes,No,No,No,Month-to-Month,Yes,Bank Withdrawal,99.15,3615.6,Yes
2911-UREFD,Female,50,No,26099,39,No,0,Yes,DSL,13,Yes,No,Yes,No,Yes,Month-to-Month,No,Bank Withdrawal,55.9,2184.35,Yes
3744-ZRRDZ,Male,25,No,40705,21,Yes,12.76,Yes,Fiber Optic,48,No,Yes,No,No,Yes,Month-to-Month,Yes,Bank Withdrawal,82.35,1852.85,Yes
5673-TIYIB,Male,34,No,17058,2,No,0,Yes,DSL,8,No,Yes,Yes,Yes,Yes,Month-to-Month,Yes,Credit Card,40.4,77.15,Yes
1602-IJQQE,Female,42,No,26265,4,Yes,29.11,Yes,Fiber Optic,9,No,No,No,No,Yes,Month-to-Month,No,Bank Withdrawal,75.35,338.1,Yes
4628-WQCQQ,Male,37,No,19109,35,Yes,25.51,Yes,Fiber Optic,16,No,No,Yes,No,Yes,One Year,Yes,Bank Withdrawal,85.15,3030.6,Yes
1644-IRKSF,Female,48,No,15505,33,Yes,20.02,Yes,Fiber Optic,27,No,No,Yes,No,Yes,One Year,Yes,Bank Withdrawal,93.8,3124.5,Yes
3705-PSNGL,Male,49,No,51556,45,Yes,25.4,No,None,0,No,No,No,No,No,One Year,Yes,Bank Withdrawal,20.4,930.45,Yes
2606-RMDHZ,Male,47,No,27563,6,No,0,Yes,DSL,14,No,Yes,No,No,Yes,Month-to-Month,Yes,Credit Card,30.5,208.7,Yes
6861-OKBCE,Female,62,Yes,24180,11,Yes,33.06,No,None,0,No,No,No,No,No,Month-to-Month,No,Credit Card,20.1,221.35,Yes
9940-RHLFB,Female,53,No,1107,1,Yes,26.06,Yes,Fiber Optic,3,No,No,Yes,No,Yes,Month-to-Month,No,Bank Withdrawal,75.3,75.3,Yes
1383-EZRWL,Female,62,No,35656,7,Yes,48.22,No,None,0,No,No,No,No,No,Month-to-Month,No,Mailed Check,20.05,164.85,Yes
4759-TRPLW,Male,40,No,425,1,Yes,29.63,Yes,Fiber Optic,15,No,No,No,No,Yes,Month-to-Month,No,Bank Withdrawal,70.4,70.4,Yes
8563-IIOXK,Male,24,No,27414,7,Yes,36.14,Yes,DSL,85,Yes,No,No,No,Yes,One Year,Yes,Bank Withdrawal,49.75,331.3,Yes
2982-VPSGI,Female,64,No,23984,11,Yes,25.67,Yes,Fiber Optic,18,No,No,No,No,Yes,Month-to-Month,Yes,Bank Withdrawal,94,1078.9,Yes
8199-ZLLSA,Male,53,No,26753,67,Yes,22.66,Yes,Fiber Optic,27,Yes,Yes,Yes,Yes,Yes,One Year,Yes,Bank Withdrawal,118.35,7804.15,Yes
4625-EWPTF,Male,55,No,38460,8,No,0,Yes,Cable,4,Yes,No,No,No,No,Month-to-Month,Yes,Bank Withdrawal,30.45,226.45,Yes
5980-NOPLP,Female,19,No,10253,44,Yes,11.24,Yes,Fiber Optic,59,No,No,No,No,Yes,Month-to-Month,Yes,Bank Withdrawal,96.1,4364.1,Yes
9874-QLCLH,Female,38,No,25751,17,Yes,4.91,Yes,Fiber Optic,15,Yes,No,Yes,No,Yes,Month-to-Month,Yes,Bank Withdrawal,104.2,1743.5,Yes
6000-APYLU,Male,39,No,24977,9,Yes,20.34,Yes,Fiber Optic,7,No,No,No,No,Yes,Month-to-Month,Yes,Bank Withdrawal,80.8,713.1,Yes
0947-IDHRQ,Female,21,No,36123,7,Yes,39.21,Yes,Fiber Optic,42,No,No,No,No,No,Month-to-Month,Yes,Mailed Check,80.3,526.7,Yes
9048-JVYVF,Male,48,No,42239,3,Yes,35.64,Yes,Cable,6,No,No,No,Yes,Yes,Month-to-Month,Yes,Bank Withdrawal,69.35,191.35,Yes
1902-XBTFB,Male,39,No,57146,22,Yes,39.58,Yes,Fiber Optic,12,No,Yes,Yes,No,Yes,Month-to-Month,Yes,Bank Withdrawal,89.4,2001.5,Yes
2794-XIMMO,Male,61,No,23079,53,No,0,Yes,DSL,13,No,Yes,Yes,Yes,Yes,One Year,Yes,Bank Withdrawal,60.45,3184.25,Yes
8382-SHQEH,Female,58,No,12937,8,Yes,29,Yes,Fiber Optic,30,No,No,No,No,Yes,Month-to-Month,Yes,Bank Withdrawal,84.9,764.95,Yes
2983-ZANRP,Female,27,No,84965,2,Yes,8.5,Yes,Fiber Optic,59,No,Yes,No,No,Yes,Month-to-Month,Yes,Bank Withdrawal,73.55,145.4,Yes
7845-URHJN,Female,24,No,53686,8,Yes,11.35,No,None,0,No,No,No,No,No,Month-to-Month,No,Bank Withdrawal,20.15,156.25,Yes
3034-ZBEQN,Female,31,No,30802,48,No,0,Yes,DSL,22,No,Yes,Yes,No,Yes,One Year,No,Mailed Check,34.7,1604.5,Yes
0302-JOIVN,Female,47,No,46086,8,Yes,16.88,Yes,Fiber Optic,6,No,Yes,Yes,No,Yes,Month-to-Month,No,Bank Withdrawal,101.15,842.9,Yes
5366-IJEQJ,Male,20,No,46086,20,Yes,5.54,Yes,Fiber Optic,59,No,No,Yes,No,Yes,Month-to-Month,Yes,Bank Withdrawal,88.7,1761.45,Yes
1981-INRFU,Female,44,No,46086,2,Yes,8.32,Yes,Fiber Optic,16,No,No,No,No,Yes,Month-to-Month,Yes,Bank Withdrawal,79.75,164.5,Yes
4971-PUYQO,Female,48,No,46086,27,Yes,11.09,Yes,Fiber Optic,6,No,No,No,No,Yes,Month-to-Month,Yes,Mailed Check,94.55,2724.6,Yes
1527-SXDPN,Male,63,No,46086,52,Yes,46.59,Yes,Fiber Optic,26,No,No,Yes,Yes,No,Two Year,Yes,Bank Withdrawal,96.25,4990.25,Yes
8634-CILSZ,Male,52,No,46086,69,Yes,20.44,Yes,Fiber Optic,3,No,Yes,No,Yes,Yes,One Year,Yes,Bank Withdrawal,104.7,7220.35,Yes
6682-QJDGB,Male,20,Yes,46086,40,Yes,8.08,Yes,DSL,76,Yes,Yes,No,No,Yes,Month-to-Month,Yes,Mailed Check,55.25,2139.2,Yes
8780-IXSTS,Female,53,No,46086,6,Yes,1.15,Yes,Fiber Optic,3,No,Yes,No,No,Yes,Month-to-Month,Yes,Bank Withdrawal,90.1,521.3,Yes
9530-EHPOH,Male,60,No,46086,11,Yes,15.03,Yes,DSL,13,No,No,Yes,No,Yes,Month-to-Month,No,Bank Withdrawal,53.75,608,Yes
0345-HKJVM,Female,43,No,46086,6,Yes,2.6,Yes,Fiber Optic,22,No,No,No,No,Yes,Month-to-Month,No,Bank Withdrawal,89.3,577.6,Yes
3049-SOLAY,Female,21,No,46086,3,Yes,23.26,Yes,Fiber Optic,42,No,No,No,No,No,Month-to-Month,Yes,Bank Withdrawal,95.2,292.85,Yes
3235-ETOOB,Male,51,No,46086,8,Yes,47.91,Yes,Fiber Optic,23,Yes,No,No,No,Yes,Month-to-Month,Yes,Bank Withdrawal,74.5,609.9,Yes
8058-INTPH,Female,57,No,46086,1,Yes,22.48,Yes,Fiber Optic,5,No,No,No,No,Yes,Month-to-Month,Yes,Bank Withdrawal,79.65,79.65,Yes
8821-XNHVZ,Female,53,No,46086,1,Yes,39.79,Yes,Fiber Optic,7,No,No,No,No,Yes,Month-to-Month,Yes,Mailed Check,80.05,80.05,Yes
2082-OJVTK,Male,25,No,46086,29,Yes,4,Yes,Fiber Optic,48,No,No,Yes,No,Yes,Month-to-Month,Yes,Bank Withdrawal,89.2,2698.35,Yes
5940-NFXKV,Male,59,No,46086,19,Yes,14.09,Yes,Fiber Optic,25,No,No,No,No,No,Month-to-Month,Yes,Bank Withdrawal,83.65,1465.75,Yes
8053-WWDRO,Female,62,No,46086,6,Yes,31.7,No,None,0,No,No,No,No,No,Month-to-Month,No,Bank Withdrawal,19.5,146.3,Yes
9564-KCLHR,Male,58,No,46086,1,Yes,6.44,Yes,DSL,4,No,No,No,Yes,Yes,Month-to-Month,No,Mailed Check,51.25,51.25,Yes
2082-CEFLT,Male,31,No,46086,1,Yes,11.73,Yes,DSL,24,No,No,No,No,Yes,Month-to-Month,Yes,Bank Withdrawal,45.6,45.6,Yes
1213-NGCUN,Female,49,No,46828,6,Yes,48.89,Yes,DSL,22,No,No,No,Yes,Yes,Month-to-Month,Yes,Bank Withdrawal,49.65,267.35,Yes
5688-KZTSN,Male,59,Yes,4258,15,Yes,31.14,No,None,0,No,No,No,No,No,Month-to-Month,Yes,Bank Withdrawal,20,288.05,Yes
2894-QOJRX,Female,19,No,30206,25,No,0,Yes,Cable,82,No,No,No,No,Yes,Month-to-Month,Yes,Bank Withdrawal,34,853,Yes
3143-JQEGI,Female,52,No,74232,13,Yes,17.83,Yes,Fiber Optic,10,No,No,No,No,Yes,Month-to-Month,No,Bank Withdrawal,88.35,1222.8,Yes
6386-SZZKH,Female,38,No,74232,49,Yes,6.45,Yes,Fiber Optic,10,No,Yes,Yes,Yes,Yes,Two Year,Yes,Bank Withdrawal,107.95,5293.2,Yes
3521-SYVOR,Female,26,No,74232,37,Yes,3.27,Yes,Cable,71,No,No,No,No,Yes,Month-to-Month,Yes,Bank Withdrawal,64.75,2345.2,Yes
9526-JAWYF,Male,49,No,74232,26,Yes,6.24,Yes,Fiber Optic,25,No,Yes,Yes,No,Yes,Month-to-Month,No,Bank Withdrawal,89.8,2335.3,Yes
5649-VUKMC,Female,61,No,74232,12,Yes,34.81,Yes,Fiber Optic,16,No,No,Yes,No,Yes,One Year,No,Mailed Check,95.5,1115.15,Yes
4919-IKATY,Male,64,No,74232,5,Yes,36.88,Yes,Fiber Optic,8,Yes,No,Yes,No,Yes,Month-to-Month,Yes,Bank Withdrawal,84.5,453.75,Yes
9050-QLROH,Male,26,No,74232,18,Yes,28.59,Yes,Fiber Optic,26,No,No,Yes,No,Yes,Month-to-Month,Yes,Credit Card,90.7,1597.25,Yes
0877-SDMBN,Female,20,No,74232,54,Yes,43.47,Yes,Fiber Optic,82,Yes,No,Yes,No,Yes,One Year,Yes,Bank Withdrawal,103.95,5639.05,Yes
8065-YKXKD,Female,39,No,74232,10,Yes,5.63,Yes,Fiber Optic,26,No,No,No,No,Yes,Month-to-Month,Yes,Bank Withdrawal,74.75,799.65,Yes
9637-EIHEQ,Female,20,No,74232,1,Yes,22.82,Yes,Cable,27,No,No,No,Yes,Yes,Month-to-Month,Yes,Bank Withdrawal,50.8,50.8,Yes
9689-PTNPG,Male,42,No,74232,2,Yes,39.03,Yes,Fiber Optic,30,No,No,No,No,No,Month-to-Month,Yes,Bank Withdrawal,80.25,144.55,Yes
9465-RWMXL,Male,62,No,74232,32,Yes,22.57,Yes,Fiber Optic,11,No,No,Yes,No,Yes,Month-to-Month,Yes,Bank Withdrawal,78.9,2447.95,Yes
2362-IBOOY,Male,22,No,74232,36,Yes,43.97,Yes,Fiber Optic,42,No,No,No,No,Yes,Month-to-Month,Yes,Bank Withdrawal,84.75,3050.15,Yes
0843-WTBXE,Male,38,No,74232,53,Yes,16.43,Yes,Fiber Optic,29,No,No,No,No,Yes,Month-to-Month,No,Bank Withdrawal,85.45,4517.25,Yes
5515-IDEJJ,Male,46,Yes,74232,1,Yes,45.77,No,None,0,No,No,No,No,No,Month-to-Month,No,Mailed Check,19.9,19.9,Yes
5376-DEQCP,Female,48,No,74232,1,Yes,27.12,Yes,Fiber Optic,23,No,No,No,No,Yes,Month-to-Month,Yes,Bank Withdrawal,70.6,70.6,Yes
9095-HFAFX,Female,61,No,74232,5,Yes,20.2,Yes,Fiber Optic,23,No,No,No,No,No,Month-to-Month,Yes,Credit Card,81,389.6,Yes
2379-ENZGV,Male,61,No,74232,6,Yes,39.32,Yes,Fiber Optic,12,No,Yes,No,No,Yes,Month-to-Month,Yes,Bank Withdrawal,84.85,523.5,Yes
2722-VOJQL,Male,30,No,74232,64,Yes,24.23,Yes,Fiber Optic,73,No,Yes,No,Yes,Yes,One Year,Yes,Credit Card,105.65,6903.1,Yes
5228-EXCET,Male,40,No,74232,13,Yes,12.54,Yes,Fiber Optic,20,No,No,No,No,Yes,Month-to-Month,Yes,Bank Withdrawal,80.85,1008.7,Yes
7394-FKDNK,Female,62,No,74232,9,Yes,26.51,Yes,Fiber Optic,18,No,No,No,No,Yes,Month-to-Month,No,Bank Withdrawal,89.45,853.1,Yes
6331-LWDTQ,Male,49,No,18518,10,Yes,33.75,Yes,DSL,11,No,No,No,No,No,Month-to-Month,Yes,Credit Card,72.15,794.25,Yes
1597-FZREH,Female,39,No,87,2,Yes,41.64,Yes,DSL,25,No,No,Yes,Yes,Yes,Month-to-Month,No,Bank Withdrawal,76.4,160.8,Yes
0727-IWKVK,Male,35,No,1195,9,Yes,19.18,Yes,Fiber Optic,27,No,Yes,Yes,No,Yes,Month-to-Month,Yes,Bank Withdrawal,79.9,741.7,Yes
3512-IZIKN,Female,57,No,53636,70,Yes,42.67,Yes,DSL,24,Yes,No,Yes,Yes,Yes,Two Year,No,Credit Card,65.3,4759.75,Yes
6141-OOXUQ,Male,43,No,23146,1,Yes,17.25,No,None,0,No,No,No,No,No,Month-to-Month,No,Mailed Check,19.65,19.65,Yes
7503-ZGUZJ,Male,25,No,38446,1,Yes,22.3,Yes,Fiber Optic,51,No,No,No,No,No,Month-to-Month,Yes,Mailed Check,84.65,84.65,Yes
8718-PTMEZ,Female,46,No,38519,13,No,0,Yes,Cable,16,No,Yes,No,No,Yes,Month-to-Month,Yes,Bank Withdrawal,31.05,347.25,Yes
2207-OBZNX,Male,56,No,2433,7,Yes,34.49,Yes,Cable,22,Yes,No,No,No,Yes,Month-to-Month,Yes,Mailed Check,51,354.05,Yes
6142-VSJQO,Female,27,Yes,4283,1,Yes,40.42,Yes,Cable,59,No,No,No,No,Yes,Month-to-Month,Yes,Bank Withdrawal,44.35,44.35,Yes
6437-UKHMV,Female,31,No,46214,7,Yes,28.92,Yes,Fiber Optic,16,No,No,No,No,Yes,Month-to-Month,Yes,Bank Withdrawal,79.7,586.05,Yes
1114-CENIM,Male,43,Yes,4456,54,Yes,6.7,Yes,Cable,16,No,Yes,No,No,Yes,Month-to-Month,Yes,Credit Card,55,3092.65,Yes
6289-CPNLD,Male,33,No,25655,33,Yes,33.32,Yes,DSL,4,No,No,Yes,Yes,Yes,One Year,Yes,Mailed Check,73.9,2405.05,Yes
5536-SLHPM,Female,38,No,46171,55,Yes,19.41,Yes,Fiber Optic,4,No,No,Yes,No,Yes,Month-to-Month,Yes,Bank Withdrawal,77.75,4458.15,Yes
8837-VVWLQ,Female,35,No,7465,8,Yes,32.31,Yes,Fiber Optic,6,Yes,No,No,No,Yes,Month-to-Month,No,Bank Withdrawal,84.95,668.4,Yes
2696-NARTR,Male,40,No,13422,11,Yes,44.94,Yes,Fiber Optic,25,No,No,No,Yes,Yes,Month-to-Month,Yes,Bank Withdrawal,73.85,926.25,Yes
7614-QVWQL,Male,57,No,62069,49,No,0,Yes,DSL,5,No,Yes,No,No,No,One Year,Yes,Bank Withdrawal,51.8,2541.25,Yes
1809-DMJHQ,Female,56,Yes,28687,5,Yes,23.89,Yes,DSL,14,No,No,No,No,Yes,Month-to-Month,No,Mailed Check,46,221.7,Yes
6923-EFPNL,Male,39,No,1859,4,Yes,9.98,Yes,DSL,13,No,No,No,No,Yes,Month-to-Month,No,Credit Card,51.75,201.1,Yes
9574-RKJIF,Male,52,No,32268,30,Yes,28.85,Yes,Fiber Optic,6,Yes,Yes,No,No,No,Month-to-Month,Yes,Bank Withdrawal,94.4,2838.7,Yes
2619-WFQWU,Female,34,No,46227,1,Yes,2.24,Yes,Fiber Optic,6,No,No,No,No,Yes,Month-to-Month,Yes,Mailed Check,70.15,70.15,Yes
0778-NELLA,Male,43,No,68802,9,No,0,Yes,DSL,9,No,No,No,No,Yes,Month-to-Month,Yes,Credit Card,34.7,296.1,Yes
4614-NUVZD,Female,53,No,36301,1,Yes,22.86,Yes,Fiber Optic,24,No,No,No,No,Yes,Month-to-Month,Yes,Bank Withdrawal,81.1,81.1,Yes
3803-KMQFW,Female,25,Yes,34055,1,Yes,37.92,No,None,0,No,No,No,No,No,Month-to-Month,No,Credit Card,20.55,20.55,Yes
6804-GDMOI,Female,39,No,1408,61,Yes,41.23,Yes,Fiber Optic,28,No,No,Yes,Yes,Yes,Two Year,Yes,Bank Withdrawal,106.6,6428.4,Yes
9572-MTILT,Male,47,No,46105,59,Yes,49.31,Yes,Fiber Optic,21,Yes,Yes,Yes,Yes,No,Month-to-Month,Yes,Bank Withdrawal,106.75,6252.9,Yes
9611-CTWIH,Female,56,No,31428,3,Yes,16.15,Yes,Fiber Optic,13,No,No,No,No,Yes,Month-to-Month,Yes,Bank Withdrawal,89.45,240.45,Yes
0329-GTIAJ,Female,40,No,23481,3,Yes,30.18,Yes,Fiber Optic,7,No,Yes,No,Yes,Yes,Month-to-Month,Yes,Bank Withdrawal,97.9,315.3,Yes
6629-CZTTH,Male,62,No,18058,1,Yes,48.22,Yes,Cable,22,No,No,No,No,Yes,Month-to-Month,Yes,Credit Card,55.7,55.7,Yes
5364-EVNIB,Male,61,No,23172,13,Yes,30.88,Yes,Fiber Optic,3,No,Yes,Yes,No,Yes,Month-to-Month,Yes,Bank Withdrawal,79.8,973.45,Yes
5087-SUURX,Female,46,No,20893,18,No,0,Yes,Cable,30,No,No,Yes,No,Yes,Month-to-Month,Yes,Bank Withdrawal,39.05,669.85,Yes
4929-BSTRX,Female,61,No,79736,1,Yes,1.59,Yes,Cable,14,No,No,No,No,Yes,Month-to-Month,Yes,Credit Card,53.55,53.55,Yes
2225-ZRGSG,Female,38,No,1459,70,Yes,5.48,Yes,Fiber Optic,14,Yes,Yes,Yes,Yes,Yes,Two Year,No,Bank Withdrawal,93.9,6579.05,Yes
5271-YNWVR,Male,48,No,32511,68,Yes,23.67,Yes,Fiber Optic,22,Yes,Yes,Yes,Yes,Yes,Two Year,Yes,Bank Withdrawal,113.15,7856,Yes
6330-JKLPC,Male,42,No,2966,11,Yes,11.5,Yes,Fiber Optic,27,No,Yes,No,No,Yes,Month-to-Month,Yes,Bank Withdrawal,80.5,896.9,Yes
4667-OHGKG,Male,61,No,576,1,Yes,49.2,No,None,0,No,No,No,No,No,Month-to-Month,Yes,Credit Card,19.3,19.3,Yes
1660-HSOOQ,Male,60,No,25771,1,Yes,4.18,Yes,DSL,8,No,No,Yes,No,No,Month-to-Month,Yes,Credit Card,49.65,49.65,Yes
7253-UVNDW,Female,52,No,12741,46,Yes,45.2,Yes,DSL,17,No,No,Yes,Yes,Yes,Two Year,No,Credit Card,54.35,2460.15,Yes
7228-OMTPN,Male,32,No,15757,4,Yes,49.14,Yes,Fiber Optic,15,No,No,No,No,Yes,Month-to-Month,Yes,Bank Withdrawal,88.45,370.65,Yes
2344-JMOGN,Male,54,No,2078,9,Yes,17.47,Yes,Fiber Optic,6,No,Yes,Yes,Yes,Yes,Month-to-Month,Yes,Credit Card,94.85,890.6,Yes
3799-ISUZQ,Male,49,No,226,7,Yes,35.42,Yes,Fiber Optic,3,No,No,No,No,Yes,Month-to-Month,Yes,Bank Withdrawal,69.95,529.5,Yes
1794-HBQTJ,Female,22,No,23506,1,Yes,6.54,Yes,Cable,52,Yes,No,No,No,Yes,Month-to-Month,Yes,Credit Card,48.6,48.6,Yes
4818-DRBQT,Male,29,No,8644,29,Yes,26.03,Yes,Fiber Optic,47,No,Yes,No,No,Yes,Month-to-Month,Yes,Bank Withdrawal,80.15,2265.25,Yes
1320-HTRDR,Female,30,No,626,3,Yes,47.51,Yes,Fiber Optic,85,No,No,No,No,Yes,Month-to-Month,Yes,Bank Withdrawal,75.5,220.6,Yes
1493-AMTIE,Male,28,No,4517,1,Yes,10.98,No,None,0,No,No,No,No,No,Month-to-Month,Yes,Bank Withdrawal,20.2,20.2,Yes
6424-ELEYH,Female,39,No,1247,3,Yes,35.18,Yes,Fiber Optic,13,No,No,No,No,Yes,Month-to-Month,Yes,Credit Card,74.75,229.5,Yes
4391-RESHN,Male,49,No,293,23,Yes,16.28,Yes,Fiber Optic,2,No,No,Yes,Yes,Yes,Month-to-Month,Yes,Credit Card,104.05,2470.1,Yes
6821-BUXUX,Female,28,No,46171,13,Yes,17.02,Yes,Fiber Optic,41,Yes,Yes,No,No,Yes,Month-to-Month,Yes,Bank Withdrawal,96.65,1244.5,Yes
9801-GDWGV,Female,52,No,46171,39,Yes,34.74,Yes,Fiber Optic,28,No,Yes,Yes,No,Yes,Month-to-Month,Yes,Bank Withdrawal,103.45,3994.45,Yes
2320-JRSDE,Female,33,Yes,2956,1,Yes,7.49,No,None,0,No,No,No,No,No,Month-to-Month,Yes,Bank Withdrawal,19.9,19.9,Yes
0601-WZHJF,Male,53,No,15177,14,No,0,Yes,DSL,12,No,No,No,No,Yes,Month-to-Month,No,Bank Withdrawal,46.35,667.7,Yes
5143-WMWOG,Male,62,No,1729,1,Yes,17.61,No,None,0,No,No,No,No,No,Month-to-Month,No,Bank Withdrawal,19.95,19.95,Yes
5393-RXQSZ,Male,40,No,14937,1,Yes,19.32,Yes,Fiber Optic,22,No,No,No,No,Yes,Month-to-Month,No,Bank Withdrawal,79.6,79.6,Yes
0231-LXVAP,Male,23,No,46171,1,Yes,44.56,Yes,Fiber Optic,27,No,No,No,Yes,Yes,Month-to-Month,Yes,Bank Withdrawal,75.9,75.9,Yes
9444-JTXHZ,Male,53,No,56101,1,Yes,35.15,Yes,Fiber Optic,14,No,No,Yes,No,No,Month-to-Month,No,Bank Withdrawal,76.2,76.2,Yes
5510-BOIUJ,Male,35,Yes,44741,1,Yes,12.81,No,None,0,No,No,No,No,No,Month-to-Month,No,Credit Card,19.25,19.25,Yes
4471-KXAUH,Female,58,No,88,42,Yes,10.73,Yes,Fiber Optic,22,No,No,Yes,Yes,Yes,Month-to-Month,Yes,Bank Withdrawal,84.3,3588.4,Yes
7638-QVMVY,Female,63,No,30395,7,Yes,26.09,Yes,Fiber Optic,2,No,No,No,No,Yes,Month-to-Month,Yes,Bank Withdrawal,79,522.95,Yes
3244-DCJWY,Female,27,No,40836,1,Yes,23,Yes,Fiber Optic,59,No,No,No,No,Yes,Month-to-Month,Yes,Bank Withdrawal,70.25,70.25,Yes
7812-FZHPE,Female,31,Yes,1363,17,Yes,18.26,No,None,0,No,No,No,No,No,Month-to-Month,No,Credit Card,24.1,409.9,Yes
4797-AXPXK,Female,64,Yes,51737,1,Yes,43.48,Yes,DSL,16,Yes,Yes,No,Yes,No,Month-to-Month,Yes,Bank Withdrawal,60,60,Yes
5229-PRWKT,Male,47,No,6165,8,Yes,24.76,Yes,Fiber Optic,2,No,No,No,No,Yes,Month-to-Month,Yes,Bank Withdrawal,86.55,649.65,Yes
5057-LCOUI,Female,35,No,15405,39,No,0,Yes,DSL,4,No,No,Yes,No,Yes,Month-to-Month,Yes,Bank Withdrawal,50.75,2011.4,Yes
0156-FVPTA,Male,48,No,7958,22,Yes,27.24,Yes,DSL,21,Yes,No,No,Yes,Yes,Month-to-Month,Yes,Bank Withdrawal,54.2,1152.7,Yes
1984-FCOWB,Female,21,No,7918,70,Yes,41.88,Yes,Fiber Optic,59,No,Yes,Yes,Yes,No,One Year,Yes,Bank Withdrawal,109.5,7674.55,Yes
0654-HMSHN,Male,45,No,4882,21,Yes,42.65,Yes,Fiber Optic,3,No,Yes,Yes,No,Yes,Month-to-Month,No,Bank Withdrawal,104.4,2157.95,Yes
5196-SGOAK,Female,39,No,1022,1,Yes,9.05,Yes,Fiber Optic,21,No,Yes,No,No,Yes,Month-to-Month,Yes,Bank Withdrawal,75.7,75.7,Yes
6108-OQZDQ,Female,21,No,1436,4,Yes,9.98,Yes,Fiber Optic,51,No,Yes,No,No,Yes,Month-to-Month,Yes,Bank Withdrawal,97.95,384.5,Yes
0363-QJVFX,Male,22,No,2771,32,Yes,27.69,Yes,Fiber Optic,73,Yes,Yes,No,Yes,Yes,Month-to-Month,Yes,Credit Card,108.15,3432.9,Yes
9840-DVNDC,Male,45,No,49309,6,Yes,6.4,Yes,Fiber Optic,26,No,No,No,No,No,Month-to-Month,Yes,Credit Card,80.5,463.05,Yes
8042-JVNFH,Male,23,No,318,1,Yes,35.28,Yes,Fiber Optic,51,No,No,No,No,Yes,Month-to-Month,Yes,Credit Card,71.35,71.35,Yes
3374-LXDEV,Female,42,No,1613,13,Yes,8.59,Yes,Fiber Optic,15,No,Yes,Yes,Yes,Yes,Month-to-Month,No,Bank Withdrawal,89.4,1132.35,Yes
5049-GLYVG,Male,56,No,273,1,Yes,47.26,No,None,0,No,No,No,No,No,Month-to-Month,No,Credit Card,20.6,20.6,Yes
5883-GTGVD,Male,54,No,807,19,Yes,2.19,Yes,Fiber Optic,18,No,Yes,No,No,Yes,Month-to-Month,Yes,Bank Withdrawal,99.95,1931.75,Yes
4817-QRJSX,Female,46,No,33856,10,Yes,49.5,Yes,Fiber Optic,19,No,Yes,No,No,Yes,Month-to-Month,Yes,Credit Card,81,818.05,Yes
9985-MWVIX,Female,53,No,93,1,Yes,42.09,Yes,Fiber Optic,9,No,No,No,No,Yes,Month-to-Month,Yes,Credit Card,70.15,70.15,Yes
2237-ZFSMY,Female,29,No,5729,39,Yes,4.48,Yes,Fiber Optic,71,Yes,No,Yes,Yes,Yes,One Year,Yes,Bank Withdrawal,95.55,3692.85,Yes
6711-VTNRE,Female,42,No,1130,36,Yes,27.72,Yes,Fiber Optic,24,No,No,Yes,Yes,Yes,Month-to-Month,Yes,Bank Withdrawal,87.55,3078.1,Yes
4548-SDBKE,Female,26,No,33878,5,Yes,34.49,Yes,Fiber Optic,46,No,No,No,No,Yes,Month-to-Month,Yes,Bank Withdrawal,85.2,474.8,Yes
8066-POXGX,Female,28,No,45087,13,No,0,Yes,Cable,53,No,No,No,No,Yes,Month-to-Month,Yes,Bank Withdrawal,35.1,446.1,Yes
4143-OOBWZ,Male,33,No,39148,5,Yes,25.11,Yes,Fiber Optic,26,No,Yes,No,No,Yes,Month-to-Month,Yes,Bank Withdrawal,81.3,416.3,Yes
7854-EKTJL,Female,31,Yes,35739,2,Yes,29.81,No,None,0,No,No,No,No,No,Month-to-Month,Yes,Bank Withdrawal,19.6,35.85,Yes
9102-IAYHT,Female,29,No,13027,17,Yes,47.76,Yes,Fiber Optic,26,No,No,No,No,Yes,Month-to-Month,Yes,Bank Withdrawal,85.45,1451.6,Yes
3422-LYEPQ,Male,57,No,2966,1,Yes,18.84,Yes,Fiber Optic,19,No,No,No,No,Yes,Month-to-Month,Yes,Bank Withdrawal,71,71,Yes
4361-JEIVL,Male,29,Yes,14204,1,Yes,7.14,Yes,DSL,52,No,No,No,No,Yes,Month-to-Month,Yes,Bank Withdrawal,44.4,44.4,Yes
9507-EXLTT,Female,30,No,38244,1,Yes,23.63,Yes,Fiber Optic,52,No,No,No,No,Yes,Month-to-Month,Yes,Bank Withdrawal,79.35,79.35,Yes
9846-GKXAS,Female,53,No,40346,9,Yes,1.34,Yes,Fiber Optic,9,No,No,No,No,Yes,Month-to-Month,Yes,Bank Withdrawal,90.8,809.75,Yes
6017-PPLPX,Male,47,No,47453,20,Yes,16.49,Yes,Fiber Optic,8,No,No,No,No,Yes,Month-to-Month,Yes,Bank Withdrawal,70.45,1470.95,Yes
4581-SSPWD,Female,63,No,32143,3,Yes,5.2,Yes,Fiber Optic,23,No,No,No,No,No,Month-to-Month,Yes,Bank Withdrawal,75.8,246.3,Yes
0378-NHQXU,Female,31,No,60599,17,Yes,17.91,Yes,Fiber Optic,9,No,No,Yes,No,Yes,Month-to-Month,No,Bank Withdrawal,88.25,1460.65,Yes
4512-ZUIYL,Female,31,No,16985,2,Yes,37.76,Yes,Fiber Optic,10,No,No,No,No,Yes,Month-to-Month,No,Bank Withdrawal,70,153.05,Yes
7969-AULMZ,Female,63,No,384,21,Yes,9.06,Yes,Fiber Optic,10,No,No,No,No,Yes,Month-to-Month,Yes,Bank Withdrawal,97.35,2119.5,Yes
0568-ONFPC,Male,34,Yes,73117,5,Yes,40.05,No,None,0,No,No,No,No,No,Month-to-Month,Yes,Bank Withdrawal,25.9,135,Yes
0733-VUNUW,Male,43,No,30587,24,Yes,8.99,Yes,DSL,5,Yes,No,No,No,No,Month-to-Month,Yes,Bank Withdrawal,55.65,1400.55,Yes
4550-EVXNY,Female,52,No,33122,1,Yes,49.24,Yes,Fiber Optic,8,No,No,No,No,Yes,Month-to-Month,Yes,Bank Withdrawal,69.65,69.65,Yes
2968-SSGAA,Female,41,No,38756,10,Yes,45.21,Yes,Fiber Optic,3,No,No,Yes,No,Yes,Month-to-Month,Yes,Bank Withdrawal,100.6,1060.2,Yes
6777-TGHTM,Female,44,No,55504,53,Yes,29.8,Yes,Fiber Optic,4,Yes,No,Yes,No,Yes,One Year,Yes,Credit Card,106.95,5785.5,Yes
3538-WZPHD,Male,46,No,20643,3,No,0,Yes,Cable,3,No,Yes,No,No,Yes,Month-to-Month,Yes,Bank Withdrawal,29.6,79.45,Yes
8610-WFCJF,Female,53,No,45499,49,Yes,49.63,Yes,Fiber Optic,9,No,No,No,No,Yes,Month-to-Month,Yes,Bank Withdrawal,95.6,4783.5,Yes
4905-JEFDW,Male,39,No,24492,11,No,0,Yes,DSL,5,No,No,Yes,No,Yes,One Year,Yes,Bank Withdrawal,41.6,470.6,Yes
7881-INRLC,Male,34,No,37926,45,Yes,14.12,Yes,Fiber Optic,3,No,Yes,No,No,Yes,Month-to-Month,Yes,Credit Card,100.85,4740,Yes
0117-LFRMW,Male,52,Yes,3641,37,No,0,Yes,DSL,23,Yes,Yes,Yes,No,Yes,Month-to-Month,No,Bank Withdrawal,40.2,1448.8,Yes
6172-FECYY,Male,55,No,90891,49,Yes,39.6,Yes,Fiber Optic,20,No,No,No,No,Yes,Month-to-Month,No,Bank Withdrawal,84.5,4254.85,Yes
4786-UKSNZ,Male,45,No,14239,1,Yes,11.25,No,None,0,No,No,No,No,No,Month-to-Month,No,Credit Card,20.2,20.2,Yes
4192-GORJT,Male,43,No,33883,5,Yes,39.36,Yes,Fiber Optic,24,No,No,Yes,No,Yes,Month-to-Month,Yes,Bank Withdrawal,94.45,498.1,Yes
7240-ETPTR,Female,51,No,494,9,No,0,Yes,DSL,10,No,No,Yes,No,No,Month-to-Month,Yes,Bank Withdrawal,48.75,442.2,Yes
2202-CUYXZ,Male,25,No,29636,1,Yes,36.07,Yes,Fiber Optic,41,No,No,Yes,No,Yes,Month-to-Month,Yes,Bank Withdrawal,84.85,84.85,Yes
5995-OIGLP,Male,42,No,173,12,Yes,7.97,Yes,Cable,10,Yes,No,No,Yes,Yes,Month-to-Month,No,Credit Card,56.65,654.85,Yes
6261-RCVNS,Female,22,No,8506,42,Yes,5.75,Yes,DSL,53,Yes,Yes,Yes,Yes,Yes,One Year,No,Credit Card,73.9,3160.55,Yes
7951-QKZPL,Female,21,No,9423,33,Yes,35.31,No,None,0,No,No,No,No,No,Two Year,Yes,Credit Card,24.5,740.3,Yes
3640-PHQXK,Female,54,No,66472,31,Yes,6.33,Yes,Fiber Optic,11,No,No,Yes,No,Yes,Month-to-Month,Yes,Bank Withdrawal,89.9,2806.9,Yes
8019-ENHXU,Male,50,No,54876,42,Yes,34.65,Yes,Fiber Optic,9,No,Yes,Yes,Yes,No,Month-to-Month,Yes,Bank Withdrawal,99.45,4138.05,Yes
9033-EOXWV,Female,57,No,31392,12,Yes,42.58,Yes,DSL,22,No,No,No,Yes,Yes,One Year,No,Credit Card,74.05,872.65,Yes
1522-VVDMG,Male,25,No,36517,7,Yes,19.23,Yes,Fiber Optic,52,No,Yes,No,Yes,Yes,Month-to-Month,Yes,Bank Withdrawal,89.75,608.8,Yes
9185-TQCVP,Male,27,No,15882,14,Yes,21.3,Yes,Fiber Optic,42,No,No,No,No,Yes,Month-to-Month,Yes,Bank Withdrawal,85.15,1139.2,Yes
8063-RJYNF,Male,27,No,39089,16,Yes,20.44,Yes,Fiber Optic,59,Yes,No,No,No,No,Month-to-Month,Yes,Bank Withdrawal,94.25,1483.25,Yes
0687-ZVTHB,Male,24,No,13984,65,Yes,26.75,Yes,Cable,51,Yes,Yes,Yes,No,Yes,One Year,No,Credit Card,72.45,4653.85,Yes
9661-ACXBS,Female,26,No,40239,42,Yes,33.46,Yes,Fiber Optic,52,Yes,No,Yes,No,Yes,Month-to-Month,Yes,Bank Withdrawal,105.2,4400.75,Yes
3727-RJMEO,Male,34,No,42544,6,Yes,8.59,Yes,Fiber Optic,28,No,No,No,No,Yes,Month-to-Month,Yes,Bank Withdrawal,82.85,460.25,Yes
5685-IIXLY,Female,54,No,16429,5,Yes,7,Yes,Fiber Optic,23,No,Yes,No,No,Yes,Month-to-Month,Yes,Bank Withdrawal,83.6,404.2,Yes
4250-ZBWLV,Male,24,No,248,68,Yes,21.74,Yes,Fiber Optic,73,No,Yes,Yes,Yes,Yes,One Year,No,Bank Withdrawal,108.45,7176.55,Yes
5095-AESKG,Female,33,No,11213,3,Yes,31.61,Yes,Fiber Optic,20,No,Yes,No,No,No,Month-to-Month,Yes,Credit Card,91.5,242.95,Yes
1871-MOWRM,Male,57,No,1449,12,Yes,18.26,Yes,Fiber Optic,18,Yes,No,No,Yes,Yes,Month-to-Month,No,Bank Withdrawal,80.85,866.45,Yes
2027-OAQQC,Female,64,No,24227,43,No,0,Yes,DSL,12,No,No,Yes,No,Yes,Month-to-Month,Yes,Bank Withdrawal,49.05,2076.2,Yes
1555-DJEQW,Female,21,No,54431,70,Yes,16.78,Yes,Fiber Optic,48,Yes,Yes,Yes,Yes,Yes,Two Year,Yes,Bank Withdrawal,114.2,7723.9,Yes
0519-XUZJU,Female,56,No,8728,1,Yes,26,Yes,Fiber Optic,8,No,No,No,No,Yes,Month-to-Month,No,Mailed Check,70.75,70.75,Yes
6338-AVWCY,Male,19,No,48690,3,No,0,Yes,DSL,26,No,No,Yes,No,Yes,Month-to-Month,Yes,Mailed Check,40.15,130.75,Yes
9445-SZLCH,Female,39,No,36349,36,Yes,24.51,Yes,Fiber Optic,27,No,Yes,Yes,No,Yes,Month-to-Month,Yes,Bank Withdrawal,97.35,3457.9,Yes
7568-PODML,Male,34,No,81141,1,No,0,Yes,DSL,18,No,No,No,No,Yes,Month-to-Month,Yes,Mailed Check,45.3,45.3,Yes
5349-IECLD,Male,61,No,57748,2,Yes,26.05,Yes,Fiber Optic,2,No,No,Yes,No,Yes,Month-to-Month,No,Bank Withdrawal,94.95,178.1,Yes
3945-GFWQL,Female,33,Yes,561,12,Yes,5.16,Yes,DSL,16,No,No,No,No,No,Month-to-Month,Yes,Bank Withdrawal,44.55,480.6,Yes
3797-VTIDR,Male,55,No,37127,1,No,0,Yes,DSL,21,No,No,No,No,Yes,Month-to-Month,Yes,Bank Withdrawal,23.45,23.45,Yes
9526-BIHHD,Male,30,No,60620,1,No,0,Yes,Cable,69,Yes,No,No,No,Yes,Month-to-Month,No,Mailed Check,29.7,29.7,Yes
4523-WXCEF,Female,21,No,37570,59,Yes,9.23,Yes,Fiber Optic,48,No,Yes,No,No,Yes,Month-to-Month,No,Bank Withdrawal,101.1,6039.9,Yes
8364-TRMMK,Female,51,No,40568,3,Yes,22.56,Yes,Cable,3,No,No,No,No,Yes,Month-to-Month,Yes,Mailed Check,50.65,151.3,Yes
3063-QFSZL,Female,37,No,15798,1,Yes,13.01,Yes,Cable,4,No,No,No,No,Yes,Month-to-Month,Yes,Bank Withdrawal,55.4,55.4,Yes
9249-FXSCK,Female,20,No,6317,52,Yes,33.69,Yes,Fiber Optic,52,Yes,Yes,No,Yes,Yes,One Year,Yes,Credit Card,111.25,5916.45,Yes
5493-SDRDQ,Male,19,No,4264,2,Yes,5.33,Yes,Cable,52,Yes,No,Yes,No,Yes,Month-to-Month,Yes,Mailed Check,55.1,113.35,Yes
0871-URUWO,Male,36,No,88,13,Yes,30.55,Yes,Fiber Optic,28,No,No,Yes,No,Yes,Month-to-Month,Yes,Credit Card,102.25,1359,Yes
0870-VEMYL,Female,34,No,2144,5,Yes,24.32,Yes,Cable,22,Yes,No,No,Yes,No,Month-to-Month,No,Credit Card,53.85,259.8,Yes
3982-XWFZQ,Female,30,No,5513,42,Yes,10.79,Yes,Cable,41,No,No,No,No,Yes,Month-to-Month,Yes,Bank Withdrawal,50.25,2203.65,Yes
4009-ALQFH,Female,35,No,3680,25,Yes,48.42,Yes,Fiber Optic,8,No,Yes,Yes,No,Yes,Month-to-Month,Yes,Bank Withdrawal,99.5,2369.05,Yes
3627-FCRDW,Female,49,No,6822,9,Yes,24.52,Yes,Fiber Optic,9,No,No,No,No,Yes,Month-to-Month,No,Bank Withdrawal,71,672.55,Yes
7562-GSUHK,Female,40,No,9559,16,Yes,40.76,Yes,Fiber Optic,7,No,Yes,Yes,No,Yes,Month-to-Month,Yes,Credit Card,93.2,1573.7,Yes
4903-UYAVB,Male,53,No,10834,5,Yes,31.76,No,None,0,No,No,No,No,No,Month-to-Month,No,Mailed Check,19.35,126.05,Yes
6776-TLWOI,Male,29,No,12672,3,Yes,32.01,No,None,0,No,No,No,No,No,Month-to-Month,No,Mailed Check,19.85,64.55,Yes
4077-CROMM,Female,51,No,52872,31,Yes,3.73,Yes,Fiber Optic,13,No,No,Yes,Yes,Yes,Month-to-Month,Yes,Bank Withdrawal,104.2,3243.45,Yes
2868-MZAGQ,Male,49,No,27135,1,Yes,19.98,Yes,Fiber Optic,5,No,No,No,No,Yes,Month-to-Month,Yes,Bank Withdrawal,79.25,79.25,Yes
4847-QNOKA,Female,30,No,47613,1,Yes,41.78,Yes,DSL,59,No,No,No,No,Yes,Month-to-Month,Yes,Bank Withdrawal,44.9,44.9,Yes
6379-RXJRQ,Male,42,No,30668,10,Yes,22.03,Yes,Fiber Optic,19,No,No,No,No,Yes,Month-to-Month,Yes,Bank Withdrawal,70.1,659.65,Yes
8650-RHRKE,Male,27,No,25384,4,No,0,Yes,DSL,48,No,No,Yes,No,Yes,Month-to-Month,Yes,Bank Withdrawal,29.65,118.5,Yes
0475-RIJEP,Male,47,No,235,43,Yes,49.13,Yes,Fiber Optic,25,No,Yes,No,No,Yes,Month-to-Month,Yes,Bank Withdrawal,77.85,3365.85,Yes
1260-TTRXI,Male,64,No,4150,4,Yes,40.15,Yes,DSL,19,No,No,No,No,No,Month-to-Month,No,Bank Withdrawal,54.3,195.3,Yes
4789-KWMXN,Male,42,No,3979,47,Yes,19.02,Yes,Fiber Optic,17,Yes,No,Yes,Yes,Yes,One Year,Yes,Credit Card,110.85,5275.8,Yes
2867-UIMSS,Male,24,No,274,1,Yes,35.77,Yes,Fiber Optic,69,No,No,No,No,Yes,Month-to-Month,No,Bank Withdrawal,80.5,80.5,Yes
8111-RKSPX,Male,20,No,36125,4,Yes,29.98,Yes,Fiber Optic,71,No,No,No,No,Yes,Month-to-Month,Yes,Bank Withdrawal,72.2,305.55,Yes
1585-MQSSU,Male,36,No,35057,17,Yes,46.6,Yes,Cable,2,No,No,No,Yes,Yes,Month-to-Month,No,Mailed Check,51.5,900.5,Yes
8559-CIZFV,Male,34,No,747,21,Yes,17.57,Yes,Cable,14,Yes,Yes,No,Yes,No,One Year,No,Mailed Check,77.5,1625,Yes
7547-EKNFS,Male,37,No,333,42,Yes,18.26,Yes,Fiber Optic,29,No,Yes,Yes,No,Yes,Month-to-Month,Yes,Bank Withdrawal,95.25,3959.35,Yes
4439-JMPMT,Female,38,No,371,5,Yes,1.12,Yes,Fiber Optic,22,No,No,No,Yes,Yes,Month-to-Month,Yes,Bank Withdrawal,85.75,470.95,Yes
2575-GFSOE,Female,25,No,390,7,Yes,8.95,Yes,Fiber Optic,73,No,No,No,No,Yes,Month-to-Month,Yes,Bank Withdrawal,69,506.9,Yes
2842-JTCCU,Male,27,No,1373,2,Yes,29.69,Yes,Cable,52,No,No,No,No,No,Month-to-Month,No,Bank Withdrawal,46.05,80.35,Yes
9681-OXGVC,Female,54,No,2706,5,Yes,28.2,Yes,Fiber Optic,29,No,No,Yes,No,Yes,Month-to-Month,Yes,Bank Withdrawal,100.5,514,Yes
7153-OANIO,Male,48,No,2229,1,Yes,27.58,Yes,Fiber Optic,16,No,No,No,No,Yes,Month-to-Month,No,Bank Withdrawal,69.95,69.95,Yes
6521-YYTYI,Male,59,No,148,1,Yes,7.99,Yes,Fiber Optic,30,No,No,No,No,Yes,Month-to-Month,Yes,Bank Withdrawal,93.3,93.3,Yes
8878-HMWBV,Male,47,No,2223,3,Yes,40.79,Yes,DSL,29,No,No,Yes,No,No,Month-to-Month,Yes,Bank Withdrawal,49.15,169.05,Yes
3751-KTZEL,Female,62,No,335,1,No,0,Yes,DSL,22,No,No,No,No,Yes,Month-to-Month,No,Mailed Check,35.05,35.05,Yes
0328-GRPMV,Female,43,No,485,1,Yes,17.37,Yes,Fiber Optic,25,No,No,No,No,Yes,Month-to-Month,Yes,Bank Withdrawal,70.1,70.1,Yes
4195-SMMNX,Male,62,No,1201,2,Yes,32.03,No,None,0,No,No,No,No,No,Month-to-Month,No,Mailed Check,20.35,33.2,Yes
6956-SMUCM,Female,29,No,867,3,Yes,33.39,Yes,Fiber Optic,59,Yes,No,Yes,No,No,Month-to-Month,Yes,Credit Card,99,287.4,Yes
3223-WZWJM,Male,36,No,300,26,Yes,14.3,Yes,Fiber Optic,20,No,No,No,No,Yes,Month-to-Month,Yes,Bank Withdrawal,83.95,2254.2,Yes
9053-JZFKV,Male,25,No,1851,67,Yes,33.88,Yes,Fiber Optic,71,Yes,Yes,Yes,Yes,Yes,Two Year,No,Credit Card,116.2,7752.3,Yes
2530-ENDWQ,Female,55,No,3284,71,Yes,40.52,Yes,Fiber Optic,17,No,No,No,No,Yes,Two Year,Yes,Bank Withdrawal,93.7,6585.35,Yes
6615-ZGEDR,Male,42,No,2020,1,Yes,1.91,No,None,0,No,No,No,No,No,Month-to-Month,No,Mailed Check,19.7,19.7,Yes
9250-WYPLL,Female,20,No,42239,5,Yes,35.22,Yes,Fiber Optic,58,No,No,No,No,Yes,Month-to-Month,No,Bank Withdrawal,75.55,413.65,Yes
2754-XBHTB,Female,40,No,222,9,Yes,22.88,Yes,Fiber Optic,23,No,No,No,No,Yes,Month-to-Month,Yes,Bank Withdrawal,77.65,714.15,Yes
7055-VKGDA,Male,31,No,1417,54,Yes,49.98,Yes,Fiber Optic,26,Yes,Yes,No,Yes,Yes,One Year,Yes,Credit Card,105.4,5643.4,Yes
0754-UKWQP,Male,63,No,3674,2,Yes,37.43,Yes,Fiber Optic,18,No,No,Yes,No,Yes,Month-to-Month,Yes,Bank Withdrawal,95.85,197.7,Yes
7493-TPUWZ,Male,64,No,4426,1,Yes,24.48,Yes,Fiber Optic,24,No,Yes,No,No,Yes,Month-to-Month,Yes,Bank Withdrawal,79.15,79.15,Yes
1577-HKTFG,Female,42,No,38534,30,Yes,15.36,No,None,0,No,No,No,No,No,Month-to-Month,No,Bank Withdrawal,19.65,655.85,Yes
8752-STIVR,Female,61,No,171,4,Yes,27.57,Yes,Fiber Optic,27,No,No,No,No,Yes,Month-to-Month,Yes,Bank Withdrawal,79,303.15,Yes
4558-FANTW,Female,30,No,40750,17,Yes,41.95,Yes,Fiber Optic,51,Yes,No,No,Yes,Yes,Month-to-Month,No,Bank Withdrawal,91.85,1574.45,Yes
7623-TRNQN,Male,34,Yes,6202,1,Yes,39.6,Yes,DSL,17,No,No,No,Yes,Yes,Month-to-Month,Yes,Mailed Check,49.9,49.9,Yes
9330-IJWIO,Female,54,No,129,13,Yes,6.78,Yes,Fiber Optic,26,Yes,No,No,No,Yes,Month-to-Month,Yes,Bank Withdrawal,100.35,1358.85,Yes
1842-EZJMK,Male,28,No,32040,50,Yes,34.14,Yes,Fiber Optic,69,No,Yes,No,Yes,Yes,Month-to-Month,No,Bank Withdrawal,103.7,5071.05,Yes
8079-XRJRS,Male,39,No,901,65,Yes,49.33,Yes,Fiber Optic,16,Yes,Yes,Yes,No,Yes,One Year,No,Bank Withdrawal,89.75,5769.6,Yes
8073-IJDCM,Female,44,No,3815,1,Yes,26.37,No,None,0,No,No,No,No,No,Month-to-Month,Yes,Mailed Check,20.3,20.3,Yes
2869-ADAWR,Female,41,No,4610,45,Yes,14.12,Yes,Fiber Optic,24,No,Yes,No,No,Yes,Month-to-Month,Yes,Credit Card,89.3,4016.85,Yes
9894-EZEWG,Female,31,No,2344,1,Yes,39.66,Yes,Fiber Optic,8,No,Yes,No,No,Yes,Month-to-Month,Yes,Credit Card,74.3,74.3,Yes
7851-FLGGQ,Male,49,No,3600,1,No,0,Yes,Cable,19,No,Yes,No,Yes,Yes,Month-to-Month,Yes,Mailed Check,44.65,44.65,Yes
0637-UBJRP,Male,40,No,5889,13,Yes,29.92,Yes,Fiber Optic,21,Yes,No,No,No,Yes,Month-to-Month,No,Bank Withdrawal,84.05,1095.3,Yes
0940-OUQEC,Male,54,No,8406,10,Yes,17.07,Yes,Fiber Optic,3,No,Yes,No,No,No,Month-to-Month,Yes,Bank Withdrawal,80.7,788.8,Yes
0702-PGIBZ,Male,28,No,350,4,Yes,26.16,Yes,Fiber Optic,85,No,Yes,No,No,Yes,Month-to-Month,Yes,Bank Withdrawal,101.7,364.55,Yes
1963-VAUKV,Female,31,No,183,1,Yes,22.12,No,None,0,No,No,No,No,No,Month-to-Month,No,Mailed Check,20.4,20.4,Yes
3058-HJCUY,Male,36,No,299,41,Yes,45.03,Yes,Fiber Optic,10,No,No,Yes,Yes,Yes,One Year,Yes,Bank Withdrawal,102.6,4213.35,Yes
3259-FDWOY,Male,60,No,47065,71,Yes,47.34,Yes,Fiber Optic,12,No,Yes,Yes,No,Yes,Two Year,Yes,Bank Withdrawal,106,7723.7,Yes
0807-ZABDG,Female,43,Yes,15022,3,Yes,26.04,Yes,Cable,16,Yes,No,No,Yes,Yes,Month-to-Month,Yes,Mailed Check,55.1,154.65,Yes
5748-RNCJT,Male,58,No,37031,69,Yes,26.88,Yes,Fiber Optic,11,No,No,Yes,Yes,Yes,Two Year,Yes,Bank Withdrawal,106.5,7348.8,Yes
7739-LAXOG,Female,51,No,30715,32,Yes,46.92,Yes,Fiber Optic,9,No,No,Yes,No,No,Month-to-Month,Yes,Bank Withdrawal,91.05,2954.5,Yes
6034-ZRYCV,Female,51,No,264,72,No,0,Yes,Cable,15,No,Yes,Yes,No,Yes,Two Year,Yes,Bank Withdrawal,54.2,3937.45,Yes
2079-FBMZK,Female,50,No,36432,6,Yes,39.36,Yes,Fiber Optic,5,No,No,No,No,Yes,Month-to-Month,Yes,Mailed Check,69.25,418.4,Yes
6608-QQLVK,Male,35,No,626,1,Yes,39.58,Yes,DSL,28,No,No,Yes,No,Yes,Month-to-Month,Yes,Bank Withdrawal,50.5,50.5,Yes
6302-JGYRJ,Male,37,No,32848,31,Yes,6.71,Yes,DSL,3,No,Yes,No,Yes,Yes,One Year,Yes,Mailed Check,79.45,2587.7,Yes
3685-YLCMQ,Male,34,No,614,58,Yes,41.14,Yes,Fiber Optic,25,No,No,Yes,Yes,No,One Year,Yes,Bank Withdrawal,104.65,6219.6,Yes
8761-NSOBC,Male,41,No,9763,44,Yes,42.92,Yes,Fiber Optic,23,No,Yes,No,Yes,Yes,Month-to-Month,No,Bank Withdrawal,100.55,4398.15,Yes
8413-VONUO,Male,34,No,531,2,Yes,16.76,Yes,Fiber Optic,27,No,Yes,No,No,Yes,Month-to-Month,No,Bank Withdrawal,95.65,167.3,Yes
9223-UCPVT,Female,49,No,13706,1,Yes,18.34,Yes,Fiber Optic,6,No,No,Yes,No,Yes,Month-to-Month,No,Bank Withdrawal,94.4,94.4,Yes
4351-QLCSU,Female,47,No,6189,1,Yes,32.74,Yes,DSL,26,No,No,No,No,Yes,Month-to-Month,Yes,Credit Card,55,55,Yes
5419-JPRRN,Male,32,No,1601,1,Yes,10.38,Yes,Fiber Optic,7,No,No,Yes,No,Yes,Month-to-Month,Yes,Bank Withdrawal,101.45,101.45,Yes
2100-BDNSN,Female,39,No,101,5,Yes,14.9,Yes,DSL,4,No,No,Yes,Yes,No,Month-to-Month,No,Bank Withdrawal,67.95,350.3,Yes
0488-GSLFR,Female,41,No,513,1,Yes,8.31,Yes,Fiber Optic,27,No,No,No,No,Yes,Month-to-Month,Yes,Bank Withdrawal,69.5,69.5,Yes
9318-NKNFC,Male,53,No,73,1,Yes,40.49,No,None,0,No,No,No,No,No,Month-to-Month,Yes,Mailed Check,18.85,18.85,Yes
9728-FTTVZ,Female,44,No,4579,1,Yes,23.72,Yes,Fiber Optic,19,No,No,No,No,Yes,Month-to-Month,Yes,Bank Withdrawal,69.2,69.2,Yes
7254-IQWOZ,Male,30,No,31586,1,Yes,28.7,Yes,Fiber Optic,69,No,No,No,No,Yes,Month-to-Month,Yes,Bank Withdrawal,69.65,69.65,Yes
0742-NXBGR,Female,64,No,615,1,Yes,33.41,Yes,Fiber Optic,28,No,Yes,Yes,No,Yes,Month-to-Month,Yes,Bank Withdrawal,82.3,82.3,Yes
6110-OHIHY,Male,33,No,4552,3,Yes,49.76,Yes,Fiber Optic,3,No,No,No,No,No,Month-to-Month,No,Bank Withdrawal,79.25,267.6,Yes
5889-LFOLL,Female,27,No,417,13,Yes,35.96,Yes,Fiber Optic,42,No,No,No,No,Yes,Month-to-Month,Yes,Bank Withdrawal,84.6,1115.2,Yes
5708-EVONK,Female,37,No,344,58,Yes,3.65,Yes,Fiber Optic,20,Yes,Yes,No,No,Yes,Month-to-Month,Yes,Bank Withdrawal,93.4,5435.6,Yes
8708-XPXHZ,Female,25,No,228,42,Yes,6.84,Yes,Fiber Optic,27,No,No,No,No,Yes,Month-to-Month,Yes,Bank Withdrawal,94.2,4186.3,Yes
7016-BPGEU,Female,53,No,2602,29,No,0,Yes,Cable,22,No,No,No,No,Yes,Month-to-Month,Yes,Credit Card,25.1,712.85,Yes
6876-ADESB,Male,22,Yes,2156,1,Yes,34.4,Yes,Cable,52,No,No,Yes,No,Yes,Month-to-Month,No,Bank Withdrawal,48.95,48.95,Yes
1963-SVUCV,Male,59,No,84,1,Yes,28.37,Yes,DSL,7,No,No,No,No,No,Month-to-Month,No,Bank Withdrawal,45.3,45.3,Yes
0220-EBGCE,Male,58,No,48690,2,Yes,14.14,Yes,Fiber Optic,28,No,No,Yes,No,Yes,Month-to-Month,Yes,Bank Withdrawal,85.85,167.3,Yes
2754-VDLTR,Male,54,No,295,10,Yes,35.63,Yes,Fiber Optic,18,No,No,No,No,Yes,Month-to-Month,No,Bank Withdrawal,95.2,930.4,Yes
3190-XFANI,Male,42,No,1294,49,Yes,18.97,Yes,Fiber Optic,3,No,No,No,Yes,Yes,One Year,Yes,Bank Withdrawal,100.6,5069.65,Yes
7551-DACSP,Male,49,Yes,397,6,Yes,1.86,Yes,DSL,19,No,Yes,Yes,No,Yes,Month-to-Month,Yes,Mailed Check,55.3,324.25,Yes
0520-FDVVT,Male,26,No,1845,35,Yes,39.84,Yes,Fiber Optic,48,No,Yes,Yes,No,Yes,One Year,Yes,Bank Withdrawal,102.35,3626.1,Yes
1444-VVSGW,Male,51,No,3756,70,Yes,17.17,Yes,Fiber Optic,20,Yes,Yes,Yes,Yes,No,One Year,No,Credit Card,115.65,7968.85,Yes
5712-PTIWW,Male,46,No,1554,2,Yes,16.14,Yes,Fiber Optic,2,No,No,Yes,Yes,Yes,Month-to-Month,Yes,Bank Withdrawal,79.85,152.45,Yes
3315-TOTBP,Male,29,No,78,15,Yes,44.86,Yes,Fiber Optic,52,No,No,No,No,Yes,Month-to-Month,Yes,Mailed Check,76,1130.85,Yes
1518-VOWAV,Female,31,No,42239,9,Yes,36.43,Yes,DSL,16,Yes,Yes,No,No,Yes,Month-to-Month,Yes,Bank Withdrawal,74.65,703.55,Yes
5909-ECHUI,Female,49,No,829,1,Yes,26.14,Yes,DSL,22,No,No,No,No,Yes,Month-to-Month,Yes,Bank Withdrawal,56.25,56.25,Yes
1309-BXVOQ,Male,27,No,182,21,Yes,21.83,Yes,Fiber Optic,59,No,No,Yes,Yes,Yes,Month-to-Month,Yes,Bank Withdrawal,106.1,2249.95,Yes
2856-HYAPG,Female,62,No,215,1,Yes,12.4,Yes,Fiber Optic,28,No,No,No,No,Yes,Month-to-Month,No,Bank Withdrawal,68.65,68.65,Yes
4488-PSYCG,Male,24,No,332,16,Yes,21.04,No,None,0,No,No,No,No,No,Month-to-Month,No,Bank Withdrawal,20.25,327.45,Yes
6906-ANDWJ,Male,39,No,439,15,Yes,34.63,Yes,Fiber Optic,15,No,No,No,No,Yes,Month-to-Month,Yes,Bank Withdrawal,74.9,1107.25,Yes
1031-IIDEO,Female,51,No,348,1,Yes,27.05,Yes,Fiber Optic,23,No,No,No,No,Yes,Month-to-Month,Yes,Bank Withdrawal,70.85,70.85,Yes
5832-XKAES,Male,56,No,227,2,Yes,37.72,Yes,Fiber Optic,27,No,No,No,No,Yes,Month-to-Month,Yes,Credit Card,69.8,134.7,Yes
4701-AHWMW,Male,30,No,19440,55,No,0,Yes,DSL,42,No,No,Yes,Yes,No,Month-to-Month,Yes,Bank Withdrawal,54.55,2978.3,Yes
9210-IAHGH,Female,57,No,162,7,Yes,23.35,Yes,DSL,6,No,No,No,Yes,Yes,Month-to-Month,Yes,Credit Card,70.75,450.8,Yes
0023-XUOPT,Female,26,No,1943,13,Yes,43.56,Yes,Fiber Optic,52,No,Yes,Yes,No,Yes,Month-to-Month,No,Bank Withdrawal,94.1,1215.6,Yes
4592-IWTJI,Female,46,Yes,858,3,No,0,Yes,Cable,15,Yes,No,No,No,Yes,Month-to-Month,No,Credit Card,29.7,91.7,Yes
6518-LGAOV,Female,60,No,4258,38,Yes,19.08,Yes,Fiber Optic,4,No,No,Yes,Yes,Yes,Month-to-Month,Yes,Bank Withdrawal,105,4026.4,Yes
7242-QZLXF,Male,20,Yes,4258,1,No,0,Yes,Cable,51,No,No,No,No,No,Month-to-Month,Yes,Bank Withdrawal,25.3,25.3,Yes
4576-CSAJH,Male,22,No,4258,22,Yes,33.53,Yes,DSL,59,No,Yes,No,Yes,Yes,One Year,Yes,Credit Card,55.15,1193.05,Yes
1000-AJSLD,Male,25,No,4258,1,Yes,4.11,No,None,0,No,No,No,No,No,Month-to-Month,Yes,Mailed Check,20.1,20.1,Yes
1062-LHZOD,Male,49,No,4258,1,Yes,4.99,Yes,Fiber Optic,28,No,No,No,No,Yes,Month-to-Month,Yes,Mailed Check,69.9,69.9,Yes
9600-NAXZN,Male,39,No,4258,43,Yes,49.64,Yes,Fiber Optic,27,No,Yes,No,No,Yes,Month-to-Month,Yes,Bank Withdrawal,101.4,4528,Yes
6457-USBER,Male,34,No,4258,1,Yes,41.77,Yes,Fiber Optic,15,No,No,No,No,Yes,Month-to-Month,Yes,Bank Withdrawal,80.8,80.8,Yes
4662-EKDPQ,Male,44,No,4258,2,Yes,37.29,Yes,Cable,20,No,No,No,No,Yes,Month-to-Month,No,Bank Withdrawal,62.05,118.3,Yes
9259-PACGQ,Female,19,No,73686,34,Yes,41.32,Yes,Cable,71,Yes,Yes,No,Yes,Yes,Month-to-Month,No,Bank Withdrawal,62.65,2274.9,Yes
4415-IJZTP,Female,33,No,48727,1,Yes,13.61,Yes,Fiber Optic,25,No,No,No,No,Yes,Month-to-Month,Yes,Bank Withdrawal,74.5,74.5,Yes
1465-VINDH,Female,31,No,30568,10,Yes,32.07,Yes,Fiber Optic,22,No,Yes,Yes,No,Yes,Month-to-Month,Yes,Credit Card,102.1,1068.85,Yes
2810-FTLEM,Female,21,No,32901,16,Yes,14.26,Yes,DSL,53,Yes,No,No,No,Yes,Month-to-Month,Yes,Bank Withdrawal,50.15,762.25,Yes
1925-TIBLE,Female,62,No,33523,7,Yes,22.61,Yes,Fiber Optic,11,No,No,No,No,No,Month-to-Month,Yes,Bank Withdrawal,86.5,582.5,Yes
1447-GIQMR,Male,54,No,29299,1,Yes,2.2,Yes,Fiber Optic,30,No,No,No,No,Yes,Month-to-Month,Yes,Bank Withdrawal,69.15,69.15,Yes
0872-NXJYS,Female,40,No,20408,9,Yes,45.41,Yes,Fiber Optic,23,No,No,No,No,Yes,Month-to-Month,Yes,Bank Withdrawal,79.55,723.4,Yes
9412-ARGBX,Female,47,No,40152,48,Yes,29.54,Yes,Fiber Optic,29,No,Yes,Yes,Yes,Yes,Two Year,Yes,Credit Card,95.5,4627.85,Yes
2737-WFVYW,Female,28,No,18058,2,No,0,Yes,DSL,48,No,No,No,No,No,Month-to-Month,Yes,Bank Withdrawal,45.25,85.5,Yes
9850-OWRHQ,Female,55,No,17058,3,Yes,16.29,Yes,Fiber Optic,24,No,No,No,No,Yes,Month-to-Month,Yes,Credit Card,74.1,228,Yes
8676-TRMJS,Male,27,No,31678,3,Yes,34.49,Yes,Fiber Optic,52,No,No,No,No,Yes,Month-to-Month,No,Credit Card,75,209.1,Yes
8182-PNAGI,Male,50,No,63288,12,Yes,46.58,Yes,DSL,26,No,No,No,Yes,No,Month-to-Month,No,Bank Withdrawal,50.25,593.75,Yes
2180-DXNEG,Female,46,No,24660,12,Yes,25.54,Yes,Fiber Optic,27,No,No,Yes,No,Yes,Month-to-Month,Yes,Bank Withdrawal,96,1062.1,Yes
5515-AKOAJ,Female,38,No,14852,54,Yes,41.83,Yes,Fiber Optic,9,No,No,No,Yes,Yes,Month-to-Month,Yes,Bank Withdrawal,100.1,5440.9,Yes
8976-OQHGT,Female,38,Yes,21065,4,Yes,42.71,Yes,DSL,56,No,Yes,No,Yes,Yes,Month-to-Month,No,Credit Card,56.5,235.1,Yes
5294-CDGWY,Male,51,No,38427,51,No,0,Yes,DSL,2,Yes,Yes,Yes,No,Yes,One Year,No,Bank Withdrawal,59.3,3014.65,Yes
5295-PCJOO,Male,44,Yes,91664,4,Yes,9.77,Yes,Cable,16,Yes,No,No,No,No,Month-to-Month,Yes,Bank Withdrawal,49.4,184.4,Yes
9863-JZAIC,Male,60,No,31556,35,Yes,48.93,Yes,Cable,14,No,No,No,No,Yes,Month-to-Month,No,Credit Card,55,2010.55,Yes
7660-HDPJV,Female,51,No,35656,1,Yes,10.08,Yes,Fiber Optic,18,No,No,No,No,Yes,Month-to-Month,Yes,Bank Withdrawal,69.2,69.2,Yes
7931-PXHFC,Male,46,No,27414,38,Yes,46.21,Yes,Cable,14,No,No,Yes,Yes,Yes,One Year,Yes,Credit Card,62.3,2354.8,Yes
4919-MOAVT,Male,53,No,27891,3,Yes,39.38,Yes,Fiber Optic,23,No,No,No,No,Yes,Month-to-Month,No,Bank Withdrawal,69.65,220.1,Yes
3090-HAWSU,Male,44,No,32369,61,Yes,7.82,Yes,Fiber Optic,11,Yes,No,Yes,Yes,Yes,Two Year,Yes,Credit Card,111.6,6876.05,Yes
9820-RMCQV,Female,43,No,13158,11,Yes,19.01,Yes,DSL,8,Yes,No,No,No,No,Month-to-Month,No,Credit Card,48.55,501,Yes
7839-QRKXN,Female,62,No,14493,1,Yes,48.25,No,None,0,No,No,No,No,No,Month-to-Month,Yes,Credit Card,20.2,20.2,Yes
5204-QZXPU,Male,50,No,41390,19,No,0,Yes,DSL,21,No,No,Yes,No,Yes,Month-to-Month,Yes,Bank Withdrawal,39.65,733.35,Yes
4597-ELFTS,Male,57,No,31297,56,Yes,2.58,No,None,0,No,No,No,No,No,One Year,No,Bank Withdrawal,24.9,1334,Yes
8450-JOVAH,Male,62,Yes,25303,2,Yes,5.67,Yes,DSL,53,Yes,No,No,No,Yes,Month-to-Month,No,Credit Card,56.7,113.55,Yes
1113-IUJYX,Female,59,No,43857,14,Yes,5.63,Yes,Fiber Optic,23,Yes,Yes,No,Yes,Yes,One Year,No,Credit Card,105.95,1348.9,Yes
7758-XKCBS,Male,56,No,68018,15,No,0,Yes,DSL,29,No,No,No,Yes,No,Month-to-Month,Yes,Bank Withdrawal,29.7,438.25,Yes
8992-JQYUN,Male,40,No,33389,1,No,0,Yes,DSL,20,No,No,Yes,No,Yes,Month-to-Month,Yes,Bank Withdrawal,50.35,50.35,Yes
0617-AQNWT,Female,61,No,57017,64,No,0,Yes,DSL,27,Yes,No,Yes,Yes,Yes,Two Year,No,Bank Withdrawal,47.85,3147.5,Yes
2446-PLQVO,Male,32,No,40077,1,Yes,5.67,Yes,Fiber Optic,7,No,No,No,No,Yes,Month-to-Month,Yes,Bank Withdrawal,70.3,70.3,Yes
8784-CGILN,Female,34,No,27424,18,Yes,36.49,Yes,Fiber Optic,3,No,No,No,Yes,Yes,Month-to-Month,Yes,Bank Withdrawal,99.85,1776.95,Yes
9451-LPGOO,Male,22,No,42239,7,Yes,30.61,Yes,Fiber Optic,59,No,No,No,No,Yes,Month-to-Month,Yes,Bank Withdrawal,86.8,620.35,Yes
2025-JKFWI,Male,31,No,18112,13,Yes,24.14,Yes,Fiber Optic,21,No,No,No,Yes,Yes,Month-to-Month,Yes,Credit Card,99,1301.7,Yes
4078-SAYYN,Female,45,No,11517,11,Yes,48.64,Yes,Fiber Optic,28,No,No,Yes,No,Yes,Month-to-Month,Yes,Bank Withdrawal,100.75,1129.75,Yes
9940-HPQPG,Female,58,No,36625,9,Yes,22,Yes,Fiber Optic,7,Yes,Yes,Yes,No,Yes,Month-to-Month,No,Bank Withdrawal,91.75,865.8,Yes
6618-RYATB,Female,56,No,57146,1,Yes,5.1,Yes,Fiber Optic,10,No,No,Yes,No,Yes,Month-to-Month,Yes,Credit Card,79.55,79.55,Yes
9079-YEXQJ,Female,56,No,75319,54,Yes,46.74,Yes,Fiber Optic,16,No,Yes,Yes,Yes,No,Month-to-Month,No,Bank Withdrawal,111.1,6014.85,Yes
2685-SREOM,Female,36,No,51970,25,Yes,23.24,Yes,Fiber Optic,25,No,No,Yes,No,Yes,Month-to-Month,Yes,Bank Withdrawal,89.1,2368.4,Yes
0402-CQAJN,Female,22,No,62660,37,Yes,24.04,Yes,Fiber Optic,59,No,Yes,Yes,No,Yes,Month-to-Month,Yes,Bank Withdrawal,101.9,3545.35,Yes
6692-UDPJC,Female,61,Yes,45645,14,Yes,9.13,Yes,Fiber Optic,12,No,No,No,Yes,Yes,Month-to-Month,Yes,Bank Withdrawal,91.65,1301,Yes
0295-PPHDO,Male,56,No,84965,1,Yes,5.59,Yes,Fiber Optic,2,No,No,No,No,Yes,Month-to-Month,Yes,Bank Withdrawal,95.45,95.45,Yes
1195-OIYEJ,Male,54,No,30802,13,Yes,5.43,Yes,Fiber Optic,26,No,No,No,No,No,Month-to-Month,Yes,Bank Withdrawal,91.1,1135.7,Yes
5906-CVLHP,Female,60,No,46342,45,Yes,42.04,Yes,Cable,26,No,Yes,No,Yes,Yes,One Year,Yes,Credit Card,54.15,2319.8,Yes
4501-EQDRN,Female,64,No,34447,1,Yes,21.52,Yes,Fiber Optic,25,No,No,No,No,Yes,Month-to-Month,No,Bank Withdrawal,69.7,69.7,Yes
2990-HWIML,Female,58,No,49474,6,Yes,47.92,Yes,Fiber Optic,25,No,No,No,No,Yes,Month-to-Month,Yes,Bank Withdrawal,89.5,573.3,Yes
7384-GHBPI,Male,61,No,33878,3,No,0,Yes,Cable,13,No,No,No,No,Yes,Month-to-Month,Yes,Bank Withdrawal,35.15,99.75,Yes
7603-USHJS,Male,27,Yes,23444,12,Yes,14.96,Yes,Fiber Optic,59,No,No,No,No,Yes,Month-to-Month,Yes,Credit Card,73.75,871.4,Yes
5876-HZVZM,Female,55,Yes,31622,6,Yes,14.51,Yes,Cable,20,Yes,Yes,No,No,No,Month-to-Month,No,Credit Card,55.9,365.35,Yes
3085-QUOZK,Female,55,No,16486,1,Yes,34.48,Yes,Cable,9,No,No,No,No,Yes,Month-to-Month,No,Credit Card,43.95,43.95,Yes
3926-CUQZX,Male,27,No,3133,1,Yes,11.06,Yes,DSL,58,No,No,No,No,Yes,Month-to-Month,Yes,Bank Withdrawal,45.1,45.1,Yes
1041-RXHRA,Female,25,No,796,41,Yes,40.78,Yes,Fiber Optic,41,No,No,No,No,Yes,Month-to-Month,No,Bank Withdrawal,70.25,2868.05,Yes
1750-CSKKM,Male,40,Yes,26662,9,Yes,41.02,Yes,DSL,27,No,No,No,No,Yes,Month-to-Month,No,Bank Withdrawal,55.35,449.75,Yes
8267-ZNYVZ,Female,47,No,56100,33,Yes,15.66,Yes,Fiber Optic,24,Yes,No,Yes,Yes,No,One Year,Yes,Bank Withdrawal,103.75,3361.05,Yes
6457-GIRWB,Male,57,No,35582,1,Yes,22.03,Yes,Fiber Optic,26,No,No,No,No,Yes,Month-to-Month,Yes,Bank Withdrawal,69.35,69.35,Yes
1450-SKCVI,Female,22,No,13945,56,Yes,35.59,Yes,Fiber Optic,69,No,Yes,No,No,Yes,Month-to-Month,Yes,Bank Withdrawal,73.85,4092.85,Yes
5570-PTWEH,Female,33,No,47126,3,Yes,15.02,Yes,Fiber Optic,29,No,No,No,No,Yes,Month-to-Month,Yes,Credit Card,75.15,216.75,Yes
6502-MJQAE,Male,27,No,48690,1,Yes,46.21,Yes,Fiber Optic,58,No,No,No,No,Yes,Month-to-Month,Yes,Bank Withdrawal,69.6,69.6,Yes
7693-LCKZL,Male,57,Yes,3577,5,Yes,11.54,Yes,Fiber Optic,19,No,Yes,No,No,Yes,Month-to-Month,Yes,Bank Withdrawal,80.15,385,Yes
0032-PGELS,Female,37,Yes,234,1,No,0,Yes,DSL,19,Yes,No,No,No,Yes,Month-to-Month,No,Bank Withdrawal,30.5,30.5,Yes
6797-LNAQX,Male,34,No,47969,70,Yes,29.59,Yes,Fiber Optic,3,No,Yes,No,No,No,Two Year,No,Bank Withdrawal,98.3,6859.5,Yes
6394-MFYNG,Female,20,No,12173,48,Yes,5.19,Yes,Fiber Optic,47,No,Yes,Yes,No,Yes,Month-to-Month,Yes,Bank Withdrawal,107.4,5121.3,Yes
8155-IBNHG,Female,55,No,30202,24,Yes,17.73,Yes,Fiber Optic,29,No,No,No,No,Yes,Month-to-Month,Yes,Credit Card,75.4,1747.85,Yes
4745-LSPLO,Male,22,No,46828,1,Yes,19.85,No,None,0,No,No,No,No,No,Month-to-Month,No,Credit Card,20.5,20.5,Yes
8083-YTZES,Male,52,No,47431,4,Yes,47.82,Yes,Fiber Optic,13,No,No,No,No,Yes,Month-to-Month,Yes,Bank Withdrawal,74.35,265.35,Yes
3976-BWUCK,Female,63,No,28201,30,Yes,7.01,Yes,Fiber Optic,24,No,Yes,No,Yes,Yes,Month-to-Month,Yes,Credit Card,94.1,2804.45,Yes
3585-ISXZP,Female,53,No,56307,8,Yes,29.66,Yes,Fiber Optic,12,No,No,No,No,Yes,Month-to-Month,No,Bank Withdrawal,95.65,778.1,Yes
4174-LPGTI,Female,49,No,17721,41,Yes,32.02,Yes,DSL,28,No,Yes,No,Yes,Yes,One Year,Yes,Bank Withdrawal,66.5,2728.6,Yes
2108-XWMPY,Male,29,No,2355,3,No,0,Yes,DSL,85,Yes,Yes,No,No,Yes,Month-to-Month,Yes,Credit Card,35.45,106.85,Yes
6304-IJFSQ,Male,63,No,7857,3,Yes,46.57,Yes,Cable,16,No,Yes,No,No,Yes,Month-to-Month,Yes,Credit Card,49.9,130.1,Yes
0093-XWZFY,Male,51,No,5529,40,Yes,37.69,Yes,Fiber Optic,15,No,Yes,Yes,No,Yes,Month-to-Month,Yes,Credit Card,104.5,4036.85,Yes
7703-ZEKEF,Male,47,No,3535,23,Yes,18.7,Yes,Fiber Optic,24,No,No,Yes,No,Yes,Month-to-Month,Yes,Bank Withdrawal,81,1917.1,Yes
5482-NUPNA,Female,28,No,14546,4,Yes,18.03,Yes,Cable,59,Yes,Yes,No,Yes,Yes,Month-to-Month,Yes,Credit Card,60.4,272.15,Yes
1122-JWTJW,Male,64,Yes,471,1,Yes,37.68,Yes,Fiber Optic,26,No,No,No,No,Yes,Month-to-Month,Yes,Credit Card,70.65,70.65,Yes
1699-HPSBG,Male,44,No,18884,12,Yes,9.6,Yes,Cable,23,No,No,No,Yes,Yes,One Year,Yes,Bank Withdrawal,59.8,727.8,Yes
8775-CEBBJ,Female,40,No,1632,9,Yes,41.92,Yes,Cable,29,No,No,No,No,Yes,Month-to-Month,Yes,Bank Withdrawal,44.2,403.35,Yes
0639-TSIQW,Female,28,No,805,67,Yes,37.5,Yes,Fiber Optic,30,Yes,Yes,Yes,No,Yes,Month-to-Month,Yes,Credit Card,102.95,6886.25,Yes
7590-VHVEG,Female,36,No,54492,1,No,0,Yes,DSL,10,No,Yes,No,No,Yes,Month-to-Month,Yes,Bank Withdrawal,29.85,29.85,No
5575-GNVDE,Male,46,No,44586,34,Yes,17.09,Yes,DSL,16,Yes,No,Yes,No,Yes,One Year,No,Mailed Check,56.95,1889.5,No
7795-CFOCW,Male,53,No,67852,45,No,0,Yes,DSL,10,Yes,No,Yes,Yes,Yes,One Year,No,Bank Withdrawal,42.3,1840.75,No
1452-KIOVK,Male,42,Yes,45025,22,Yes,29.54,Yes,Fiber Optic,53,No,Yes,No,No,Yes,Month-to-Month,Yes,Credit Card,89.1,1949.4,No
6713-OKOMC,Female,42,No,30852,10,No,0,Yes,DSL,8,Yes,No,No,No,Yes,Month-to-Month,No,Mailed Check,29.75,301.9,No
6388-TABGU,Male,48,No,101215,62,Yes,7.96,Yes,DSL,8,Yes,Yes,No,No,Yes,One Year,No,Bank Withdrawal,56.15,3487.95,No
9763-GRSKD,Male,37,Yes,30596,13,Yes,29.68,Yes,DSL,22,Yes,No,No,No,No,Month-to-Month,Yes,Mailed Check,49.95,587.45,No
7469-LKBCI,Male,21,No,9732,16,Yes,32.62,No,None,0,No,No,No,No,No,Two Year,No,Credit Card,18.95,326.8,No
8091-TTVAX,Male,39,No,3524,58,Yes,5.69,Yes,Fiber Optic,10,No,No,Yes,No,Yes,One Year,No,Credit Card,100.35,5681.1,No
5129-JLPIS,Male,27,No,46984,25,Yes,10.4,Yes,Fiber Optic,48,Yes,No,Yes,Yes,Yes,Month-to-Month,Yes,Bank Withdrawal,105.5,2686.05,No
3655-SNQYZ,Female,48,No,20692,69,Yes,33.23,Yes,Fiber Optic,3,Yes,Yes,Yes,Yes,Yes,Two Year,No,Credit Card,113.25,7895.15,No
8191-XWSZG,Female,57,No,47143,52,Yes,22.55,No,None,0,No,No,No,No,No,One Year,No,Mailed Check,20.65,1022.95,No
9959-WOFKT,Male,61,No,67520,71,Yes,14.67,Yes,Fiber Optic,7,Yes,No,Yes,No,Yes,Two Year,No,Bank Withdrawal,106.7,7382.25,No
4183-MYFRB,Female,30,No,3012,21,Yes,6.49,Yes,Fiber Optic,73,No,Yes,Yes,No,No,Month-to-Month,Yes,Bank Withdrawal,90.05,1862.9,No
1680-VDCWW,Male,45,No,47487,12,Yes,11.04,No,None,0,No,No,No,No,No,One Year,No,Bank Withdrawal,19.8,202.25,No
3638-WEABW,Female,25,No,41175,58,Yes,48.98,Yes,Cable,76,No,Yes,No,Yes,Yes,Two Year,Yes,Credit Card,59.9,3505.1,No
6322-HRPFA,Male,42,Yes,73686,49,Yes,5.29,Yes,Cable,30,Yes,Yes,No,Yes,Yes,Month-to-Month,No,Credit Card,59.6,2970.3,No
6865-JZNKO,Female,25,No,48727,30,Yes,19.41,Yes,Cable,27,Yes,Yes,No,No,Yes,Month-to-Month,Yes,Bank Withdrawal,55.3,1530.6,No
5248-YGIJN,Male,36,No,38415,72,Yes,10.92,Yes,DSL,28,Yes,Yes,Yes,Yes,Yes,Two Year,Yes,Credit Card,90.25,6369.45,No
6827-IEAUQ,Female,46,No,27799,27,Yes,40.21,Yes,DSL,13,Yes,Yes,Yes,Yes,Yes,One Year,No,Credit Card,66.15,1874.45,No
7310-EGVHZ,Male,35,No,32901,1,Yes,24.48,No,None,0,No,No,No,No,No,Month-to-Month,No,Bank Withdrawal,20.2,20.2,No
6234-RAAPL,Female,60,No,32562,72,Yes,23.66,Yes,Fiber Optic,26,Yes,Yes,No,Yes,Yes,Two Year,No,Bank Withdrawal,99.9,7251.7,No
6572-ADKRS,Female,19,No,9805,46,Yes,42.44,Yes,Fiber Optic,69,No,No,Yes,No,Yes,Month-to-Month,Yes,Credit Card,74.8,3548.3,No
8865-TNMNX,Male,53,No,44764,10,Yes,26.17,Yes,DSL,7,No,Yes,No,No,Yes,One Year,No,Credit Card,49.55,475.7,No
9489-DEDVP,Female,52,No,87383,70,Yes,29.38,Yes,DSL,23,Yes,Yes,No,No,No,Two Year,Yes,Credit Card,69.2,4872.35,No
9867-JCZSP,Female,28,No,39334,17,Yes,8.74,No,None,0,No,No,No,No,No,One Year,No,Credit Card,20.75,418.25,No
4671-VJLCL,Female,36,No,49839,63,Yes,12.82,Yes,DSL,17,Yes,Yes,Yes,Yes,Yes,Two Year,Yes,Credit Card,79.85,4861.45,No
4080-IIARD,Female,42,No,47107,13,Yes,11.79,Yes,DSL,29,Yes,Yes,No,Yes,Yes,Month-to-Month,Yes,Bank Withdrawal,76.2,981.45,No
3714-NTNFO,Female,49,No,21739,49,Yes,27.2,Yes,Fiber Optic,24,No,No,No,No,Yes,Month-to-Month,Yes,Bank Withdrawal,84.5,3906.7,No
5948-UJZLF,Male,22,No,33523,2,Yes,40.75,Yes,DSL,71,No,Yes,No,No,Yes,Month-to-Month,No,Credit Card,49.25,97,No
7639-LIAYI,Male,23,No,44004,52,Yes,29.16,Yes,Cable,73,Yes,No,No,Yes,Yes,Two Year,Yes,Credit Card,79.75,4217.8,No
2954-PIBKO,Female,64,No,3642,69,Yes,39.88,Yes,Cable,17,Yes,No,Yes,Yes,No,Two Year,Yes,Credit Card,64.15,4254.1,No
8769-KKTPH,Female,44,No,55204,63,Yes,1.43,Yes,Fiber Optic,16,Yes,No,No,No,Yes,One Year,Yes,Credit Card,99.65,6311.2,No
3957-SQXML,Female,61,No,21728,34,Yes,25.21,No,None,0,No,No,No,No,No,Two Year,No,Credit Card,24.95,894.3,No
5954-BDFSG,Female,40,No,20408,72,Yes,9.47,Yes,Fiber Optic,21,No,No,Yes,Yes,No,Two Year,Yes,Credit Card,107.5,7853.7,No
0434-CSFON,Female,34,No,21,47,Yes,38.15,Yes,Fiber Optic,14,No,No,Yes,No,Yes,Month-to-Month,Yes,Bank Withdrawal,100.5,4707.1,No
1215-FIGMP,Male,27,No,10470,60,Yes,42.88,Yes,Fiber Optic,52,No,Yes,No,No,Yes,Month-to-Month,Yes,Bank Withdrawal,89.9,5450.7,No
0526-SXDJP,Male,36,No,105285,72,No,0,Yes,Cable,17,Yes,Yes,Yes,No,Yes,Two Year,No,Bank Withdrawal,42.1,2962,No
0557-ASKVU,Female,43,No,21397,18,Yes,44.97,Yes,Cable,7,No,No,Yes,Yes,Yes,One Year,Yes,Credit Card,54.4,957.1,No
5122-CYFXA,Female,53,No,11355,3,Yes,38.99,Yes,DSL,20,No,Yes,No,Yes,Yes,Month-to-Month,Yes,Bank Withdrawal,75.3,244.1,No
8627-ZYGSZ,Male,32,No,47305,47,Yes,39.52,Yes,Fiber Optic,30,No,Yes,No,No,Yes,One Year,Yes,Bank Withdrawal,78.9,3650.35,No
3410-YOQBQ,Female,61,No,51387,31,Yes,25.57,Yes,DSL,27,No,Yes,Yes,Yes,No,Two Year,No,Credit Card,79.2,2497.2,No
3170-NMYVV,Female,37,No,29825,50,Yes,26.95,No,None,0,No,No,No,No,No,Two Year,No,Bank Withdrawal,20.15,930.9,No
7410-OIEDU,Male,29,No,31963,10,Yes,48.38,Yes,Fiber Optic,42,Yes,No,Yes,No,Yes,Month-to-Month,Yes,Credit Card,79.85,887.35,No
2273-QCKXA,Male,39,No,15195,1,Yes,25.77,Yes,Cable,5,No,No,No,Yes,Yes,Month-to-Month,No,Credit Card,49.05,49.05,No
0731-EBJQB,Female,24,No,24908,52,Yes,5.65,No,None,0,No,No,No,No,No,One Year,Yes,Bank Withdrawal,20.4,1090.65,No
8028-PNXHQ,Male,40,No,42459,62,Yes,48.73,No,None,0,No,No,No,No,No,Two Year,Yes,Bank Withdrawal,24.25,1424.6,No
5630-AHZIL,Female,51,Yes,16041,3,Yes,39.55,Yes,DSL,56,Yes,No,No,Yes,No,Month-to-Month,Yes,Bank Withdrawal,64.5,177.4,No
6416-JNVRK,Female,50,No,9960,46,Yes,2.03,Yes,Cable,7,No,No,No,No,Yes,One Year,No,Credit Card,55.65,2688.85,No
5590-ZSKRV,Female,62,Yes,26442,8,Yes,38.78,Yes,DSL,18,Yes,Yes,No,No,Yes,Month-to-Month,No,Credit Card,54.65,482.25,No
3887-PBQAO,Female,48,No,18693,45,Yes,22.49,No,None,0,No,No,No,No,No,One Year,Yes,Credit Card,25.9,1216.6,No
8108-UXRQN,Female,23,Yes,33300,11,No,0,Yes,Cable,41,Yes,No,No,No,Yes,Month-to-Month,No,Bank Withdrawal,50.55,565.35,No
9919-YLNNG,Female,38,No,11,42,Yes,40.15,Yes,Fiber Optic,28,No,Yes,Yes,Yes,No,Month-to-Month,Yes,Bank Withdrawal,103.8,4327.5,No
0318-ZOPWS,Female,31,No,19630,49,Yes,2.82,No,None,0,No,No,No,No,No,Two Year,Yes,Bank Withdrawal,20.15,973.35,No
4445-ZJNMU,Male,30,No,33758,9,Yes,4.81,Yes,Fiber Optic,69,No,Yes,No,No,Yes,Month-to-Month,Yes,Credit Card,99.3,918.75,No
4808-YNLEU,Female,51,No,28094,35,Yes,24.53,Yes,DSL,30,Yes,No,No,No,Yes,One Year,Yes,Bank Withdrawal,62.15,2215.45,No
1862-QRWPE,Female,24,No,22548,48,Yes,37.96,No,None,0,No,No,No,No,No,Two Year,No,Bank Withdrawal,20.65,1057,No
2796-NNUFI,Female,56,No,24979,46,Yes,30.47,No,None,0,No,No,No,No,No,Two Year,Yes,Credit Card,19.95,927.1,No
3016-KSVCP,Male,47,No,41263,29,No,0,Yes,DSL,22,No,No,No,No,Yes,Month-to-Month,No,Credit Card,33.75,1009.25,No
4767-HZZHQ,Male,32,Yes,34191,30,Yes,6.19,Yes,Fiber Optic,21,No,Yes,Yes,No,No,Month-to-Month,No,Bank Withdrawal,82.05,2570.2,No
7233-PAHHL,Male,57,No,96267,66,Yes,6.22,Yes,DSL,26,Yes,No,Yes,Yes,Yes,Two Year,Yes,Credit Card,84,5714.25,No
6067-NGCEU,Female,50,No,5451,65,Yes,41.78,Yes,Fiber Optic,14,Yes,Yes,Yes,No,Yes,Month-to-Month,Yes,Credit Card,111.05,7107,No
9848-JQJTX,Male,52,No,31021,72,Yes,24.53,Yes,Fiber Optic,12,No,Yes,Yes,No,Yes,Two Year,Yes,Bank Withdrawal,100.9,7459.05,No
9803-FTJCG,Male,50,No,11264,71,Yes,4.85,Yes,DSL,26,Yes,Yes,No,Yes,Yes,One Year,Yes,Credit Card,66.85,4748.7,No
3212-KXOCR,Male,62,No,30779,52,Yes,28.3,No,None,0,No,No,No,No,No,Two Year,No,Bank Withdrawal,21,1107.2,No
6380-ARCEH,Male,19,No,28680,1,Yes,41.1,No,None,0,No,No,No,No,No,Month-to-Month,No,Credit Card,20.2,20.2,No
3679-XASPY,Female,38,Yes,13779,1,Yes,16.44,No,None,0,No,No,No,No,No,Month-to-Month,No,Bank Withdrawal,19.45,19.45,No
7123-WQUHX,Male,34,No,5221,38,Yes,3.95,Yes,Fiber Optic,21,No,No,Yes,Yes,Yes,One Year,No,Bank Withdrawal,95,3605.6,No
6180-YBIQI,Male,35,No,19975,5,No,0,Yes,DSL,21,No,No,No,No,Yes,Month-to-Month,No,Credit Card,24.3,100.2,No
6728-DKUCO,Female,25,No,26099,72,Yes,25.82,Yes,Fiber Optic,59,Yes,Yes,No,No,Yes,One Year,Yes,Bank Withdrawal,104.15,7303.05,No
9750-BOOHV,Female,60,No,40705,32,No,0,Yes,DSL,18,Yes,No,No,No,Yes,One Year,No,Credit Card,30.15,927.65,No
8597-CWYHH,Male,50,No,17058,43,Yes,41.22,Yes,Fiber Optic,7,No,No,No,No,Yes,One Year,No,Credit Card,94.35,3921.3,No
2848-YXSMW,Male,38,No,41979,72,Yes,49.5,No,None,0,No,No,No,No,No,Two Year,No,Credit Card,19.4,1363.25,No
4549-ZDQYY,Female,35,No,34873,52,Yes,33.84,Yes,DSL,5,Yes,No,Yes,Yes,Yes,One Year,No,Credit Card,57.95,3042.25,No
5712-AHQNN,Female,36,No,32050,43,Yes,26.55,Yes,Fiber Optic,12,No,Yes,Yes,No,Yes,Month-to-Month,Yes,Bank Withdrawal,91.65,3954.1,No
5256-SKJGO,Female,48,No,19109,64,No,0,Yes,DSL,30,No,Yes,No,Yes,Yes,Two Year,Yes,Bank Withdrawal,54.6,3423.5,No
3071-VBYPO,Male,38,Yes,37887,3,Yes,33.3,Yes,Fiber Optic,12,Yes,Yes,No,No,Yes,Month-to-Month,No,Bank Withdrawal,89.85,248.4,No
9560-BBZXK,Female,61,No,38181,36,No,0,Yes,Cable,27,Yes,No,No,No,Yes,Two Year,No,Bank Withdrawal,31.05,1126.35,No
8402-OOOHJ,Female,53,No,44442,41,Yes,31.62,No,None,0,No,No,No,No,No,Two Year,No,Credit Card,20.65,835.15,No
9445-ZUEQE,Male,33,Yes,33528,27,Yes,48.17,Yes,Fiber Optic,15,No,Yes,No,Yes,No,Month-to-Month,Yes,Credit Card,85.2,2151.6,No
1091-SOZGA,Female,27,No,15505,56,Yes,42.37,Yes,Fiber Optic,71,No,No,Yes,No,Yes,One Year,Yes,Credit Card,99.8,5515.45,No
2928-HLDBA,Female,31,No,47344,6,Yes,7.72,No,None,0,No,No,No,No,No,Month-to-Month,No,Credit Card,20.7,112.75,No
6497-TILVL,Female,20,Yes,47568,7,Yes,25.64,Yes,DSL,71,Yes,No,No,No,Yes,Month-to-Month,No,Credit Card,50.7,350.35,No
7219-TLZHO,Female,27,Yes,62425,4,Yes,39.89,No,None,0,No,No,No,No,No,Month-to-Month,No,Credit Card,20.85,62.9,No
4622-YNKIJ,Male,59,No,103214,33,Yes,47.64,Yes,Fiber Optic,18,Yes,No,No,Yes,Yes,Two Year,Yes,Bank Withdrawal,88.95,3027.65,No
6734-PSBAW,Male,46,No,16271,72,Yes,1.86,No,None,0,No,No,No,No,No,Two Year,Yes,Bank Withdrawal,23.55,1723.95,No
3930-ZGWVE,Male,45,No,29694,1,Yes,15.77,No,None,0,No,No,No,No,No,Month-to-Month,No,Credit Card,19.75,19.75,No
2876-GZYZC,Female,49,No,51556,13,Yes,29.21,Yes,Fiber Optic,22,No,No,No,No,Yes,Month-to-Month,Yes,Bank Withdrawal,85.95,1215.65,No
8587-XYZSF,Male,60,No,72893,67,Yes,32.58,Yes,DSL,8,No,No,No,Yes,Yes,Two Year,No,Bank Withdrawal,50.55,3260.1,No
7799-LGRDP,Female,42,No,27563,43,Yes,25.53,No,None,0,No,No,No,No,No,Two Year,Yes,Credit Card,25.7,1188.2,No
7850-VWJUU,Female,37,No,20890,23,Yes,24.04,Yes,Fiber Optic,22,Yes,No,No,No,Yes,Month-to-Month,Yes,Bank Withdrawal,75,1778.5,No
3774-VBNXY,Female,23,No,14852,64,Yes,36.24,No,None,0,No,No,No,No,No,Two Year,No,Credit Card,20.2,1277.75,No
6217-KDYWC,Male,58,No,21065,57,Yes,5.71,No,None,0,No,No,No,No,No,Two Year,Yes,Credit Card,19.6,1170.55,No
1095-WGNGG,Female,35,No,21279,61,Yes,17.49,Yes,Fiber Optic,21,No,Yes,No,No,Yes,Two Year,Yes,Bank Withdrawal,101.05,5971.25,No
2636-SJDOU,Male,34,No,24180,64,Yes,30.27,Yes,Fiber Optic,12,Yes,Yes,No,No,Yes,One Year,Yes,Credit Card,84.3,5289.05,No
5716-EZXZN,Female,56,No,174,65,Yes,13.2,Yes,Fiber Optic,13,Yes,Yes,No,Yes,Yes,Two Year,Yes,Credit Card,99.05,6416.7,No
6837-BJYDQ,Male,42,No,53323,3,Yes,35.65,No,None,0,No,No,No,No,No,One Year,No,Credit Card,19.6,61.35,No
6440-DKQGE,Male,52,No,25566,30,Yes,27.88,Yes,Cable,6,No,Yes,Yes,No,No,One Year,No,Credit Card,64.5,1929.95,No
3466-BYAVD,Male,50,Yes,38427,15,Yes,8.44,Yes,Cable,21,No,Yes,Yes,Yes,Yes,Month-to-Month,Yes,Credit Card,69.5,1071.4,No
3780-YVMFA,Female,33,Yes,31352,8,Yes,29.94,Yes,Cable,17,No,No,No,Yes,Yes,Month-to-Month,Yes,Bank Withdrawal,68.55,564.35,No
1679-JRFBR,Female,27,No,91664,70,Yes,5.77,Yes,Fiber Optic,48,Yes,Yes,Yes,No,Yes,One Year,Yes,Credit Card,108.15,7930.55,No
9073-ZZIAY,Male,51,No,49647,62,Yes,43.2,Yes,DSL,23,Yes,Yes,Yes,Yes,Yes,Two Year,No,Bank Withdrawal,86.1,5215.25,No
3077-RSNTJ,Female,29,Yes,31556,6,Yes,5.52,No,None,0,No,No,No,No,No,Month-to-Month,No,Credit Card,19.7,113.5,No
6551-GNYDG,Female,33,Yes,37417,14,Yes,40.22,Yes,Fiber Optic,19,No,No,No,No,Yes,Month-to-Month,Yes,Bank Withdrawal,80.9,1152.8,No
9167-APMXZ,Female,23,No,35656,22,Yes,19.2,Yes,Fiber Optic,41,No,No,No,No,No,Month-to-Month,Yes,Bank Withdrawal,84.15,1821.95,No
2749-CTKAJ,Male,37,No,63136,22,Yes,48.06,No,None,0,No,No,No,No,No,One Year,No,Credit Card,20.15,419.9,No
6371-NZYEG,Male,38,No,19034,16,Yes,23.31,Yes,DSL,27,Yes,No,Yes,No,Yes,Two Year,No,Credit Card,64.25,1024,No
7554-NEWDD,Male,44,No,38902,10,Yes,32.1,No,None,0,No,No,No,No,No,Two Year,No,Bank Withdrawal,25.7,251.6,No
8992-VONJD,Female,63,Yes,425,13,Yes,27.04,Yes,DSL,10,Yes,Yes,No,No,Yes,Month-to-Month,Yes,Bank Withdrawal,56,764.55,No
4482-EWFMI,Female,54,No,30028,2,Yes,15.67,Yes,Fiber Optic,8,No,No,No,No,Yes,Month-to-Month,Yes,Bank Withdrawal,69.7,135.2,No
4648-YPBTM,Male,35,No,30933,53,Yes,6.54,Yes,DSL,4,No,Yes,Yes,Yes,Yes,Two Year,Yes,Bank Withdrawal,73.9,3958.25,No
2907-ILJBN,Female,21,No,27414,11,Yes,1.92,No,None,0,No,No,No,No,No,One Year,No,Credit Card,20.6,233.9,No
6345-FZOQH,Male,40,No,20200,69,Yes,30.86,No,None,0,No,No,No,No,No,Two Year,No,Credit Card,19.9,1363.45,No
5997-OPVFA,Male,39,No,7527,72,Yes,6.05,Yes,Cable,30,Yes,Yes,Yes,Yes,Yes,Two Year,Yes,Bank Withdrawal,89.05,6254.45,No
1159-WFSGR,Female,59,Yes,23984,16,Yes,45.54,No,None,0,No,No,No,No,No,Month-to-Month,No,Bank Withdrawal,20.4,321.4,No
7654-YWJUF,Male,61,No,18752,43,Yes,15.2,Yes,Fiber Optic,21,Yes,No,Yes,Yes,Yes,One Year,Yes,Bank Withdrawal,84.25,3539.25,No
6727-IOTLZ,Male,48,No,16812,14,Yes,5.17,Yes,Cable,25,No,Yes,Yes,Yes,Yes,Two Year,No,Credit Card,81.95,1181.75,No
5918-VUKWP,Female,61,No,38460,32,Yes,35.97,No,None,0,No,No,No,No,No,One Year,No,Bank Withdrawal,20.55,654.55,No
1744-JHKYS,Female,49,No,10253,34,Yes,11.52,No,None,0,No,No,No,No,No,Month-to-Month,No,Bank Withdrawal,24.7,780.2,No
5947-SGKCL,Female,19,Yes,13158,15,Yes,4.19,Yes,Fiber Optic,59,No,Yes,Yes,No,Yes,Month-to-Month,Yes,Bank Withdrawal,105.35,1559.25,No
3712-PKXZA,Male,22,No,23981,61,Yes,19.27,No,None,0,No,No,No,No,No,One Year,Yes,Credit Card,20.55,1252,No
6582-OIVSP,Female,25,No,14493,1,Yes,47.36,Yes,Cable,41,No,No,No,No,Yes,Month-to-Month,No,Credit Card,45.3,45.3,No
5524-KHNJP,Male,35,No,41390,33,Yes,48.85,Yes,Cable,30,Yes,No,Yes,No,Yes,One Year,No,Credit Card,74.75,2453.3,No
4827-USJHP,Male,45,No,16910,20,Yes,3.94,Yes,DSL,18,No,Yes,No,No,Yes,Month-to-Month,Yes,Credit Card,51.8,1023.85,No
8167-GJLRN,Male,19,No,29110,3,No,0,Yes,DSL,59,No,No,No,Yes,Yes,Month-to-Month,No,Bank Withdrawal,30.4,82.15,No
0956-SYCWG,Female,61,No,25303,13,Yes,33.13,No,None,0,No,No,No,No,No,One Year,No,Bank Withdrawal,19.65,244.8,No
8017-UVSZU,Female,62,No,23661,40,Yes,48.29,Yes,DSL,23,No,Yes,No,No,Yes,Month-to-Month,No,Credit Card,56.6,2379.1,No
7100-FQPRV,Male,24,No,23519,43,Yes,48.1,Yes,DSL,51,Yes,No,No,Yes,Yes,One Year,Yes,Credit Card,71.9,3173.35,No
2984-RGEYA,Female,38,No,43857,69,Yes,5.27,No,None,0,No,No,No,No,No,Two Year,No,Bank Withdrawal,19.75,1375.4,No
9680-NIAUV,Female,42,No,23637,72,Yes,18.66,Yes,Fiber Optic,3,Yes,Yes,Yes,No,Yes,Two Year,No,Credit Card,109.7,8129.3,No
2146-EGVDT,Male,33,No,35325,59,Yes,25.57,No,None,0,No,No,No,No,No,Two Year,No,Credit Card,19.3,1192.7,No
2604-IJPDU,Female,32,No,27614,20,Yes,28.57,Yes,Fiber Optic,15,Yes,Yes,No,Yes,Yes,Month-to-Month,Yes,Bank Withdrawal,96.55,1901.65,No
9178-JHUVJ,Male,19,Yes,37779,24,Yes,1.14,No,None,0,No,No,No,No,No,Two Year,Yes,Bank Withdrawal,24.1,587.4,No
6168-YBYNP,Male,19,No,30742,59,Yes,48.12,Yes,Fiber Optic,51,No,Yes,Yes,Yes,Yes,Month-to-Month,Yes,Bank Withdrawal,111.35,6519.75,No
7255-SSFBC,Male,42,Yes,25751,72,Yes,11.66,Yes,Fiber Optic,28,No,Yes,Yes,Yes,Yes,Two Year,Yes,Bank Withdrawal,112.25,8041.65,No
3645-DEYGF,Male,29,Yes,32307,1,Yes,7.57,No,None,0,No,No,No,No,No,Month-to-Month,No,Credit Card,20.75,20.75,No
9323-HGFWY,Female,55,No,28067,27,Yes,20.02,Yes,Fiber Optic,27,Yes,No,No,Yes,Yes,One Year,Yes,Credit Card,101.9,2681.15,No
8544-GOQSH,Female,51,No,97318,14,Yes,1.69,Yes,Fiber Optic,21,No,Yes,No,Yes,Yes,Month-to-Month,Yes,Credit Card,80.05,1112.3,No
3363-DTIVD,Male,55,Yes,68018,71,Yes,25.02,Yes,Fiber Optic,53,Yes,No,Yes,No,Yes,Two Year,No,Bank Withdrawal,105.55,7405.5,No
7018-WBJNK,Male,55,Yes,33389,13,Yes,31.93,Yes,Fiber Optic,22,No,No,No,No,No,Month-to-Month,Yes,Credit Card,78.3,1033.95,No
9142-KZXOP,Male,41,No,81986,44,Yes,1.7,Yes,Fiber Optic,28,No,No,No,No,Yes,Month-to-Month,No,Credit Card,68.85,2958.95,No
7674-YTAFD,Female,64,No,57017,33,Yes,42.29,Yes,Fiber Optic,13,No,Yes,No,Yes,Yes,One Year,Yes,Bank Withdrawal,79.95,2684.85,No
6348-SNFUS,Male,30,No,48867,72,No,0,Yes,Cable,47,Yes,Yes,Yes,Yes,Yes,Two Year,Yes,Credit Card,55.45,4179.2,No
1347-KTTTA,Male,22,No,59259,64,Yes,40.49,Yes,Fiber Optic,69,No,Yes,Yes,Yes,Yes,One Year,Yes,Credit Card,102.45,6654.1,No
4195-NZGTA,Female,40,No,17846,1,No,0,Yes,Cable,2,No,No,No,No,Yes,Month-to-Month,No,Bank Withdrawal,25.25,25.25,No
7157-SMCFK,Male,32,Yes,24977,61,Yes,15.02,No,None,0,No,No,No,No,No,Two Year,No,Mailed Check,19.75,1124.2,No
4709-LKHYG,Female,23,No,27424,29,Yes,27.72,No,None,0,No,No,No,No,No,One Year,No,Bank Withdrawal,20,540.05,No
0699-NDKJM,Female,45,No,18735,57,No,0,Yes,Cable,22,Yes,Yes,Yes,No,Yes,Month-to-Month,Yes,Bank Withdrawal,58.75,3437.45,No
9286-BHDQG,Male,46,No,33057,72,No,0,Yes,DSL,17,Yes,Yes,Yes,Yes,Yes,Two Year,No,Credit Card,45.25,3139.8,No
0230-WEQUW,Male,38,No,25988,66,No,0,Yes,DSL,29,Yes,Yes,Yes,Yes,Yes,Two Year,Yes,Bank Withdrawal,56.6,3789.2,No
2040-LDIWQ,Male,51,No,36123,65,Yes,41.57,Yes,DSL,16,No,Yes,Yes,Yes,Yes,Two Year,Yes,Bank Withdrawal,84.2,5324.5,No
6496-JDSSB,Female,24,No,14814,8,Yes,39.92,Yes,Fiber Optic,73,No,No,No,No,Yes,Month-to-Month,Yes,Bank Withdrawal,80,624.6,No
4443-EMBNA,Female,55,No,22177,71,Yes,32.13,No,None,0,No,No,No,No,No,Two Year,No,Bank Withdrawal,24.75,1836.9,No
6469-MRVET,Male,32,No,40376,1,Yes,44.69,No,None,0,No,No,No,No,No,One Year,Yes,Bank Withdrawal,20.2,20.2,No
5961-VUSRV,Female,53,No,22085,12,Yes,16.72,No,None,0,No,No,No,No,No,One Year,Yes,Bank Withdrawal,19.35,219.35,No
6778-JFCMK,Male,28,No,51348,24,No,0,Yes,DSL,46,Yes,No,No,No,Yes,One Year,Yes,Mailed Check,50.6,1288.75,No
6341-JVQGF,Female,26,No,50047,31,Yes,39.34,Yes,DSL,41,Yes,No,Yes,Yes,Yes,One Year,Yes,Mailed Check,81.15,2545.75,No
4811-JBUVU,Male,62,No,29387,30,Yes,31.97,Yes,Fiber Optic,2,No,No,No,Yes,Yes,Month-to-Month,Yes,Credit Card,89.9,2723.15,No
0945-TSONX,Female,22,No,13129,47,Yes,29.15,Yes,DSL,52,Yes,Yes,No,Yes,No,Two Year,Yes,Credit Card,85.3,4107.25,No
2651-ZCBXV,Male,49,No,18112,54,Yes,17.76,Yes,Fiber Optic,4,Yes,Yes,No,Yes,Yes,Two Year,Yes,Credit Card,108,5760.65,No
3316-UWXUY,Male,64,No,11517,50,Yes,40.83,Yes,Fiber Optic,21,Yes,Yes,No,Yes,Yes,Month-to-Month,Yes,Credit Card,93.5,4747.5,No
7083-MIOPC,Female,62,No,29245,72,Yes,42.36,No,None,0,No,No,No,No,No,Two Year,No,Credit Card,20.25,1566.9,No
1984-GPTEH,Female,47,No,18539,29,Yes,4.53,No,None,0,No,No,No,No,No,Month-to-Month,No,Bank Withdrawal,25.15,702,No
0621-JFHOL,Female,41,No,16996,10,No,0,Yes,Cable,29,No,No,No,Yes,Yes,Two Year,Yes,Mailed Check,29.6,299.05,No
9903-LYSAB,Male,42,No,26157,18,Yes,16.78,Yes,Fiber Optic,23,No,No,No,No,Yes,Month-to-Month,Yes,Bank Withdrawal,73.15,1305.95,No
9227-UAQFT,Male,40,No,45358,16,Yes,40.17,No,None,0,No,No,No,No,No,Two Year,No,Mailed Check,19.75,284.35,No
7301-ABVAD,Female,37,No,27453,72,Yes,8.29,Yes,Cable,13,No,Yes,Yes,Yes,Yes,Two Year,No,Bank Withdrawal,86.6,6350.5,No
6614-FHDBO,Male,49,No,39064,72,Yes,35.11,Yes,Fiber Optic,22,No,Yes,Yes,Yes,Yes,Two Year,No,Bank Withdrawal,109.2,7878.3,No
7576-ASEJU,Female,38,No,57775,41,Yes,25.16,Yes,DSL,11,Yes,No,No,Yes,Yes,One Year,Yes,Credit Card,74.7,3187.65,No
0303-UNCIP,Male,35,No,34716,41,Yes,37.55,Yes,DSL,30,No,No,Yes,No,No,One Year,No,Mailed Check,65,2531.8,No
0959-WHOKV,Male,28,No,25068,42,Yes,6.42,Yes,Fiber Optic,48,Yes,Yes,Yes,No,Yes,One Year,Yes,Bank Withdrawal,99,4298.45,No
4075-JFPGR,Female,27,No,51970,51,Yes,21.07,Yes,Fiber Optic,46,Yes,Yes,Yes,No,Yes,One Year,Yes,Bank Withdrawal,93.5,4619.55,No
3282-ZISZV,Male,56,No,45645,32,Yes,37.48,Yes,DSL,15,No,Yes,Yes,Yes,Yes,One Year,No,Credit Card,83.7,2633.3,No
3675-YDUPJ,Male,29,No,23079,10,Yes,1.98,No,None,0,No,No,No,No,No,Month-to-Month,Yes,Credit Card,19.85,193.05,No
4111-BNXIF,Female,19,No,12937,67,No,0,Yes,DSL,52,No,Yes,Yes,Yes,Yes,Two Year,Yes,Bank Withdrawal,59.55,4103.9,No
7017-VFHAY,Female,42,Yes,25135,61,Yes,20.01,Yes,Fiber Optic,12,Yes,Yes,Yes,Yes,Yes,Two Year,No,Credit Card,115.1,7008.15,No
6655-LHBYW,Male,46,No,24973,50,Yes,19.8,Yes,Fiber Optic,21,Yes,Yes,Yes,Yes,No,One Year,No,Credit Card,114.35,5791.1,No
7605-BDWDC,Female,35,No,18980,31,No,0,Yes,DSL,10,Yes,Yes,No,Yes,Yes,Two Year,Yes,Bank Withdrawal,49.85,1520.1,No
1950-KSVVJ,Female,57,No,33280,45,Yes,33.54,Yes,Fiber Optic,4,Yes,Yes,Yes,Yes,Yes,One Year,No,Mailed Check,113.3,5032.25,No
0123-CRBRT,Female,62,No,26933,61,Yes,47.19,Yes,DSL,28,Yes,Yes,Yes,Yes,Yes,Two Year,No,Mailed Check,88.1,5526.75,No
6292-TOSSS,Male,64,No,47,50,Yes,47.16,No,None,0,No,No,No,No,No,Two Year,No,Bank Withdrawal,24.9,1195.25,No
7014-ZZXAW,Female,30,No,34447,71,Yes,8.21,No,None,0,No,No,No,No,No,Two Year,Yes,Credit Card,24.25,1732.95,No
7633-MVPUY,Male,50,No,46532,57,Yes,49.29,Yes,Cable,22,Yes,Yes,No,Yes,Yes,Two Year,Yes,Bank Withdrawal,59.75,3450.15,No
8645-KWHJO,Male,47,No,38041,14,No,0,Yes,DSL,4,No,No,Yes,Yes,Yes,Month-to-Month,Yes,Bank Withdrawal,55,771.95,No
4130-MZLCC,Female,24,No,32718,5,Yes,43.02,Yes,DSL,42,No,Yes,No,No,Yes,Month-to-Month,No,Bank Withdrawal,50.55,244.75,No
0314-TKOSI,Female,29,No,23331,6,Yes,6.98,Yes,Cable,30,Yes,Yes,No,No,No,Month-to-Month,No,Mailed Check,55.15,322.9,No
8229-MYEJZ,Female,44,No,48827,10,Yes,45.56,Yes,DSL,17,No,Yes,No,No,Yes,Month-to-Month,No,Bank Withdrawal,51.2,498.25,No
2080-SRCDE,Female,21,Yes,45118,1,Yes,32.73,No,None,0,No,No,No,No,No,Month-to-Month,No,Mailed Check,25.4,25.4,No
9577-WJVCQ,Female,24,No,44099,68,Yes,5.3,Yes,DSL,59,Yes,No,No,No,Yes,Month-to-Month,No,Mailed Check,54.45,3687.75,No
6202-DYYFX,Female,64,No,31622,22,Yes,19.72,Yes,Fiber Optic,5,No,No,No,No,Yes,One Year,Yes,Credit Card,76,1783.6,No
3808-HFKDE,Female,35,No,54382,20,Yes,4.15,Yes,Cable,18,No,No,No,No,Yes,Month-to-Month,Yes,Bank Withdrawal,44.35,927.15,No
3727-OWVYD,Male,24,No,3133,35,Yes,38.38,Yes,DSL,82,Yes,Yes,Yes,No,Yes,One Year,No,Mailed Check,61.2,2021.2,No
2294-SALNE,Male,51,No,74025,23,Yes,16.63,Yes,Fiber Optic,22,No,Yes,Yes,Yes,No,One Year,No,Credit Card,86.8,1940.8,No
1563-IWQEX,Female,43,No,12884,12,Yes,18.71,No,None,0,No,No,No,No,No,Month-to-Month,No,Credit Card,19.7,220.35,No
8203-XJZRC,Male,44,No,2606,1,Yes,40.46,No,None,0,No,No,No,No,No,Month-to-Month,No,Credit Card,20.25,20.25,No
6556-DBKZF,Female,38,Yes,9278,71,Yes,9.4,Yes,Fiber Optic,10,No,No,Yes,No,Yes,Two Year,No,Bank Withdrawal,76.05,5436.45,No
2985-JUUBZ,Male,32,Yes,727,40,Yes,13.86,Yes,DSL,75,No,No,Yes,No,Yes,Month-to-Month,Yes,Bank Withdrawal,74.55,3015.75,No
0895-LMRSF,Male,34,No,26662,23,Yes,46.4,Yes,Cable,23,No,No,No,No,No,One Year,Yes,Bank Withdrawal,64.9,1509.8,No
8266-VBFQL,Male,55,No,8759,4,Yes,31.92,Yes,Fiber Optic,4,No,No,Yes,Yes,Yes,Month-to-Month,Yes,Bank Withdrawal,90.4,356.65,No
8181-YHCMF,Female,44,No,44652,68,No,0,Yes,DSL,15,No,Yes,Yes,Yes,Yes,Two Year,No,Credit Card,60.3,4109,No
2240-HSJQD,Male,44,Yes,24005,38,Yes,1.27,Yes,Fiber Optic,13,No,Yes,No,No,Yes,Month-to-Month,Yes,Credit Card,81.85,3141.7,No
1248-DYXUB,Male,42,Yes,24961,52,Yes,40.33,No,None,0,No,No,No,No,No,Two Year,No,Credit Card,24.8,1229.1,No
4115-BNPJY,Male,60,No,62355,29,Yes,32.46,Yes,DSL,7,No,No,Yes,Yes,Yes,Two Year,No,Credit Card,75.55,2054.4,No
4091-TVOCN,Male,51,No,905,48,Yes,2.53,Yes,Cable,6,Yes,No,Yes,No,No,One Year,Yes,Credit Card,78.75,3682.45,No
1098-TDVUQ,Female,34,No,56100,1,Yes,9.44,No,None,0,No,No,No,No,No,Month-to-Month,Yes,Bank Withdrawal,19.25,19.25,No
7277-OZCGZ,Female,40,No,7863,22,Yes,6,Yes,Fiber Optic,8,Yes,No,No,Yes,Yes,Month-to-Month,Yes,Bank Withdrawal,89.05,1886.25,No
1557-EMYVT,Female,25,No,91,43,Yes,24.85,Yes,Fiber Optic,26,Yes,Yes,Yes,Yes,Yes,Two Year,No,Credit Card,115.05,4895.1,No
5027-YOCXN,Male,23,No,10375,51,Yes,26.73,Yes,Fiber Optic,41,Yes,Yes,No,Yes,Yes,One Year,No,Credit Card,110.05,5686.4,No
3973-SKMLN,Male,49,No,35582,71,Yes,22.22,No,None,0,No,No,No,No,No,Two Year,Yes,Credit Card,19.9,1355.1,No
6745-JEFZB,Male,64,No,40995,35,Yes,23.85,Yes,Fiber Optic,10,No,No,No,Yes,No,Month-to-Month,Yes,Credit Card,91.5,3236.35,No
9880-TDQAC,Female,63,No,61872,72,No,0,Yes,DSL,16,No,Yes,Yes,Yes,Yes,Two Year,Yes,Bank Withdrawal,60,4264,No
8705-WZCYL,Male,40,No,47126,1,Yes,27.46,Yes,DSL,26,No,No,No,No,Yes,Month-to-Month,Yes,Bank Withdrawal,44.8,44.8,No
7102-JJVTX,Female,31,No,49281,9,Yes,30.07,Yes,DSL,30,Yes,No,No,No,Yes,One Year,No,Credit Card,48.6,422.3,No
8626-PTQGE,Male,62,No,43436,69,No,0,Yes,Cable,18,Yes,Yes,No,Yes,Yes,Two Year,Yes,Bank Withdrawal,60.05,4176.7,No
4983-CLMLV,Female,30,No,48690,52,Yes,44.34,Yes,Fiber Optic,71,No,Yes,No,Yes,Yes,Month-to-Month,Yes,Credit Card,102.7,5138.1,No
9385-EHGDO,Female,37,Yes,42277,35,Yes,9.04,No,None,0,No,No,No,No,No,Two Year,Yes,Credit Card,19.85,739.35,No
9498-FIMXL,Female,31,No,98239,8,Yes,31.02,No,None,0,No,No,No,No,No,One Year,Yes,Credit Card,19.2,161.95,No
2379-GYFLQ,Male,31,No,52895,46,Yes,22.13,Yes,Fiber Optic,22,No,Yes,Yes,No,Yes,One Year,Yes,Credit Card,94.9,4422.95,No
2088-IEBAU,Female,63,No,47969,68,Yes,21.82,Yes,DSL,2,Yes,Yes,Yes,Yes,Yes,Two Year,Yes,Bank Withdrawal,88.15,6148.45,No
7982-VCELR,Female,20,No,33104,36,Yes,19.64,Yes,Fiber Optic,71,No,Yes,No,No,Yes,Month-to-Month,Yes,Credit Card,94.8,3565.65,No
6885-PKOAM,Female,59,No,52664,71,Yes,30.68,Yes,Cable,18,Yes,Yes,Yes,Yes,Yes,Two Year,No,Credit Card,85.75,6223.8,No
7520-HQWJU,Female,22,Yes,1143,66,Yes,23.2,Yes,DSL,59,Yes,Yes,Yes,No,Yes,Month-to-Month,Yes,Bank Withdrawal,67.45,4508.65,No
9639-BUJXT,Male,50,No,53510,63,Yes,35.35,No,None,0,No,No,No,No,No,One Year,No,Credit Card,20.5,1328.15,No
5924-SNGKP,Female,39,No,12173,41,Yes,6.61,No,None,0,No,No,No,No,No,One Year,Yes,Credit Card,20.25,865,No
8966-SNIZF,Female,26,No,62036,70,Yes,23.52,No,None,0,No,No,No,No,No,Two Year,No,Bank Withdrawal,19.45,1303.5,No
6243-OZGFH,Female,47,No,44692,23,No,0,Yes,DSL,14,No,No,No,No,No,Month-to-Month,Yes,Bank Withdrawal,44.95,996.85,No
0513-RBGPE,Male,57,No,1072,37,Yes,4.5,Yes,DSL,9,Yes,No,Yes,Yes,Yes,Two Year,Yes,Credit Card,62.8,2278.75,No
5160-UXJED,Male,27,No,27505,17,Yes,13.02,Yes,Cable,73,No,No,No,No,Yes,One Year,No,Credit Card,44.6,681.4,No
8984-EYLLL,Male,29,No,27959,64,Yes,40.18,Yes,Fiber Optic,30,No,Yes,No,Yes,Yes,Two Year,Yes,Bank Withdrawal,105.25,6823.4,No
9833-TGFHX,Male,62,No,46086,42,Yes,13.23,Yes,Fiber Optic,23,Yes,No,No,No,No,One Year,No,Bank Withdrawal,97.1,4016.75,No
9294-TDIPC,Male,59,Yes,24169,5,Yes,12.22,No,None,0,No,No,No,No,No,Month-to-Month,No,Credit Card,20.2,83.75,No
5229-DTFYB,Female,64,No,46828,41,Yes,10.26,Yes,Fiber Optic,2,No,Yes,No,Yes,Yes,Two Year,Yes,Bank Withdrawal,98.8,3959.15,No
0104-PPXDV,Male,61,No,47431,58,Yes,18.37,Yes,DSL,18,No,No,Yes,No,Yes,One Year,No,Credit Card,50.3,2878.55,No
5176-LMJXE,Female,34,No,66838,47,Yes,44.69,No,None,0,No,No,No,No,No,Two Year,Yes,Credit Card,20.55,945.7,No
3583-KRKMD,Male,51,No,56887,18,Yes,26.84,Yes,Fiber Optic,20,No,No,No,Yes,Yes,Month-to-Month,Yes,Bank Withdrawal,75.9,1373.05,No
9069-LGEUL,Male,25,No,51213,23,Yes,3.67,Yes,DSL,69,Yes,No,No,No,No,Month-to-Month,Yes,Bank Withdrawal,59.95,1406,No
7302-ZHMHP,Female,35,No,24093,1,Yes,22.37,No,None,0,No,No,No,No,No,Month-to-Month,No,Credit Card,19.15,19.15,No
9571-EDEBV,Male,60,No,21866,71,Yes,34.72,Yes,Fiber Optic,10,No,No,Yes,No,Yes,One Year,Yes,Credit Card,98.65,6962.85,No
3520-FJGCV,Male,47,Yes,25569,72,Yes,17.3,Yes,Fiber Optic,14,Yes,Yes,Yes,Yes,Yes,Two Year,Yes,Credit Card,112.6,8126.65,No
6563-VRERX,Male,63,No,4258,33,Yes,34.22,No,None,0,No,No,No,No,No,One Year,No,Credit Card,20.6,690.25,No
6122-EFVKN,Male,44,No,25232,24,No,0,Yes,Cable,20,Yes,No,No,Yes,Yes,Two Year,No,Credit Card,35.75,830.8,No
2805-EDJPQ,Female,45,No,30206,56,Yes,20.53,Yes,Fiber Optic,19,No,Yes,Yes,Yes,Yes,One Year,Yes,Credit Card,99.75,5608.4,No
6862-CQUMB,Male,28,No,74232,37,Yes,21.84,Yes,Fiber Optic,41,No,Yes,No,No,Yes,Month-to-Month,Yes,Credit Card,96.1,3646.8,No
7156-MXBJE,Female,29,No,20046,43,Yes,2.49,Yes,DSL,53,No,Yes,Yes,Yes,No,One Year,No,Credit Card,85.1,3662.25,No
6158-HDPXZ,Male,31,No,42733,1,No,0,Yes,DSL,13,No,No,No,No,Yes,Month-to-Month,No,Credit Card,25.35,25.35,No
2863-IMQDR,Female,52,No,28201,61,Yes,23.45,Yes,DSL,8,Yes,Yes,Yes,Yes,Yes,Two Year,No,Bank Withdrawal,89.65,5308.7,No
5686-CMAWK,Male,41,No,29283,17,Yes,49.71,Yes,Fiber Optic,4,No,No,Yes,Yes,Yes,One Year,No,Bank Withdrawal,86.75,1410.25,No
5651-CRHKQ,Female,53,No,36351,41,Yes,13.23,Yes,Fiber Optic,16,No,Yes,Yes,Yes,Yes,One Year,Yes,Bank Withdrawal,86.2,3339.05,No
6583-SZVGP,Male,59,No,2743,48,Yes,9.91,Yes,Fiber Optic,4,No,Yes,Yes,No,Yes,Two Year,Yes,Bank Withdrawal,108.1,5067.45,No
1708-PBBOA,Female,51,No,25859,42,No,0,Yes,DSL,13,Yes,Yes,Yes,Yes,No,One Year,Yes,Bank Withdrawal,54.75,2348.45,No
8782-LKFPK,Male,50,No,17721,44,Yes,44.92,Yes,Fiber Optic,16,No,No,Yes,No,Yes,Month-to-Month,Yes,Credit Card,90.4,4063,No
5522-JBWMO,Male,62,Yes,24659,1,Yes,15.66,Yes,DSL,29,No,No,No,No,Yes,Month-to-Month,No,Bank Withdrawal,44,44,No
3597-MVHJT,Female,49,No,23394,27,Yes,35.17,Yes,Fiber Optic,24,No,No,No,No,Yes,Month-to-Month,Yes,Bank Withdrawal,95.6,2595.25,No
9967-ATRFS,Female,47,No,7857,19,Yes,32.03,No,None,0,No,No,No,No,No,Month-to-Month,No,Credit Card,19.9,367.55,No
2977-CEBSX,Female,61,No,23170,66,Yes,13.28,Yes,DSL,24,Yes,Yes,Yes,Yes,Yes,Two Year,Yes,Credit Card,90.05,5965.95,No
5876-QMYLD,Female,44,No,1564,23,Yes,17.82,No,None,0,No,No,No,No,No,One Year,No,Credit Card,20.05,415.1,No
2277-AXSDC,Female,46,No,43712,32,Yes,43.8,No,None,0,No,No,No,No,No,One Year,No,Bank Withdrawal,19.75,624.15,No
9442-JTWDL,Female,52,No,3535,11,Yes,26.85,No,None,0,No,No,No,No,No,One Year,No,Credit Card,20.05,237.7,No
3067-SVMTC,Female,49,No,14546,68,Yes,44.79,Yes,Cable,14,Yes,No,No,Yes,No,One Year,No,Bank Withdrawal,55.9,3848.8,No
5495-GPSRW,Male,62,No,8141,20,Yes,27.11,No,None,0,No,No,No,No,No,Two Year,Yes,Credit Card,19.7,419.4,No
7606-BPHHN,Male,39,No,23971,72,Yes,30.44,No,None,0,No,No,No,No,No,Two Year,Yes,Credit Card,19.8,1468.75,No
4742-DRORA,Male,59,No,8768,60,Yes,5.43,Yes,Fiber Optic,29,Yes,No,Yes,No,Yes,One Year,Yes,Bank Withdrawal,95.4,5812,No
4163-NCJAK,Female,55,No,29340,46,Yes,35.46,No,None,0,No,No,No,No,No,One Year,Yes,Bank Withdrawal,24.45,1066.15,No
5233-AOZUF,Female,62,No,24924,29,Yes,5.39,Yes,Fiber Optic,17,No,No,No,No,Yes,Month-to-Month,Yes,Bank Withdrawal,74.95,2149.05,No
5973-EJGDP,Male,21,No,18884,51,Yes,1.51,Yes,Fiber Optic,52,No,Yes,Yes,Yes,No,Month-to-Month,Yes,Bank Withdrawal,87.35,4473,No
7916-VCCPB,Female,58,Yes,131,16,Yes,40.03,Yes,Fiber Optic,20,No,Yes,No,No,Yes,Month-to-Month,No,Bank Withdrawal,73.25,1195.75,No
4686-GEFRM,Male,23,No,354,70,Yes,45.24,Yes,Fiber Optic,42,No,Yes,Yes,Yes,Yes,Two Year,Yes,Bank Withdrawal,98.7,6858.9,No
5249-QYHEX,Female,27,Yes,12465,40,Yes,33.44,No,None,0,No,No,No,No,No,Two Year,Yes,Credit Card,24.8,1024.7,No
2233-FAGXV,Female,41,Yes,799,5,Yes,6.7,No,None,0,No,No,No,No,No,Month-to-Month,Yes,Credit Card,24.3,132.25,No
5605-IYGFG,Female,61,No,6242,7,Yes,27.46,Yes,Fiber Optic,4,No,No,No,No,Yes,Month-to-Month,Yes,Bank Withdrawal,69.85,515.45,No
7663-ZTEGJ,Male,46,No,48690,29,Yes,49.92,Yes,Fiber Optic,23,No,Yes,Yes,Yes,No,One Year,No,Credit Card,100.55,2830.45,No
3935-TBRZZ,Male,54,No,14104,44,Yes,15.33,No,None,0,No,No,No,No,No,One Year,No,Credit Card,25.7,1110.5,No
8111-BKVDS,Female,31,No,48690,10,No,0,Yes,DSL,24,Yes,Yes,Yes,No,Yes,Month-to-Month,No,Bank Withdrawal,40.7,449.3,No
8734-DKSTZ,Female,20,Yes,3663,10,Yes,6.5,Yes,Fiber Optic,76,No,No,No,No,Yes,Month-to-Month,No,Bank Withdrawal,85.95,858.6,No
4360-PNRQB,Male,27,No,20486,18,Yes,15.18,Yes,Fiber Optic,42,No,No,No,No,Yes,Month-to-Month,Yes,Bank Withdrawal,75.6,1395.05,No
6152-ONASV,Female,49,No,2182,68,Yes,41.46,Yes,DSL,30,Yes,No,No,Yes,No,One Year,No,Bank Withdrawal,58.25,3975.7,No
7781-HVGMK,Female,56,No,42,72,No,0,Yes,DSL,30,Yes,Yes,Yes,Yes,Yes,Two Year,Yes,Credit Card,65.2,4784.45,No
2181-UAESM,Male,30,No,301,2,Yes,12.59,Yes,Cable,76,Yes,No,Yes,No,Yes,Month-to-Month,No,Bank Withdrawal,53.45,119.5,No
6048-NJXHX,Male,21,No,28819,41,Yes,35.46,No,None,0,No,No,No,No,No,Two Year,Yes,Bank Withdrawal,19.75,899.45,No
2320-SLKMB,Female,46,No,904,26,No,0,Yes,Cable,29,No,No,Yes,Yes,Yes,Month-to-Month,Yes,Credit Card,44.45,1183.8,No
4980-URKXC,Male,26,No,9465,36,Yes,12.61,No,None,0,No,No,No,No,No,One Year,No,Bank Withdrawal,20.85,720.05,No
4376-KFVRS,Male,52,No,31293,72,Yes,30.75,Yes,Fiber Optic,3,Yes,Yes,Yes,Yes,Yes,Two Year,Yes,Credit Card,114.05,8468.2,No
5886-VLQVU,Male,30,No,11024,35,Yes,24.83,Yes,Fiber Optic,51,No,No,No,Yes,No,Month-to-Month,Yes,Bank Withdrawal,89.85,3161.2,No
3577-AMVUX,Male,59,No,9899,1,Yes,14.65,Yes,Cable,15,No,No,Yes,Yes,Yes,Month-to-Month,No,Credit Card,55.05,55.05,No
0771-WLCLA,Female,49,Yes,5447,16,Yes,46.45,Yes,Fiber Optic,12,Yes,No,Yes,Yes,Yes,Month-to-Month,Yes,Bank Withdrawal,112.95,1882.55,No
0206-TBWLC,Female,63,No,7334,54,Yes,11.4,Yes,Fiber Optic,26,Yes,Yes,Yes,Yes,Yes,One Year,Yes,Credit Card,114.65,6049.5,No
2937-FTHUR,Female,45,Yes,455,18,Yes,42.45,Yes,DSL,28,Yes,No,No,No,Yes,Month-to-Month,No,Bank Withdrawal,64.8,1166.7,No
1910-FMXJM,Female,59,No,52202,36,Yes,49.33,Yes,Fiber Optic,23,No,No,No,No,Yes,Month-to-Month,No,Bank Withdrawal,80.4,2937.65,No
0732-OCQOC,Female,30,No,443,52,Yes,5.32,No,None,0,No,No,No,No,No,Two Year,Yes,Bank Withdrawal,25.05,1270.25,No
5168-MSWXT,Male,26,Yes,115,8,Yes,22.14,Yes,Fiber Optic,82,No,No,Yes,No,Yes,Month-to-Month,Yes,Bank Withdrawal,94.75,759.55,No
1090-ESELR,Male,47,No,414,72,Yes,27.25,Yes,Fiber Optic,19,Yes,Yes,No,Yes,Yes,Two Year,No,Bank Withdrawal,105.5,7611.55,No
8592-PLTMQ,Female,53,No,82630,64,Yes,4.03,No,None,0,No,No,No,No,No,One Year,No,Mailed Check,24.7,1642.75,No
8847-GEOOQ,Male,34,No,29847,60,No,0,Yes,DSL,2,No,Yes,Yes,Yes,Yes,Month-to-Month,Yes,Bank Withdrawal,60.2,3582.4,No
4785-FCIFB,Female,20,No,958,61,Yes,20.09,No,None,0,No,No,No,No,No,Two Year,No,Mailed Check,24.4,1417.9,No
8313-NDOIA,Female,48,No,317,24,Yes,38.79,Yes,Fiber Optic,4,No,Yes,Yes,No,No,Month-to-Month,Yes,Bank Withdrawal,104.15,2494.65,No
5149-CUZUJ,Male,35,No,4948,28,Yes,27.34,Yes,Fiber Optic,16,No,Yes,Yes,Yes,Yes,One Year,No,Bank Withdrawal,92.9,2768.35,No
0942-KOWSM,Female,24,No,68515,30,Yes,15.94,Yes,DSL,53,No,Yes,Yes,Yes,Yes,Two Year,No,Bank Withdrawal,80.8,2369.3,No
4237-CLSMM,Male,45,No,48245,2,Yes,34.38,No,None,0,No,No,No,No,No,Month-to-Month,No,Mailed Check,20,38,No
1452-VOQCH,Male,61,No,1933,1,Yes,4.53,Yes,Fiber Optic,28,No,No,No,No,Yes,Month-to-Month,Yes,Bank Withdrawal,75.1,75.1,No
4719-UMSIY,Male,52,Yes,9793,6,Yes,15.5,No,None,0,No,No,No,No,No,Month-to-Month,No,Mailed Check,19.65,100.9,No
6614-VBEGU,Female,23,No,18068,24,Yes,44.06,Yes,DSL,59,No,Yes,No,No,Yes,Month-to-Month,Yes,Bank Withdrawal,69.45,1614.05,No
2996-XAUVF,Male,25,No,5488,70,No,0,Yes,DSL,59,No,No,No,Yes,Yes,Two Year,Yes,Mailed Check,40.05,2799.75,No
5968-XQIVE,Male,32,No,46171,72,Yes,11.57,Yes,Fiber Optic,18,No,Yes,No,No,Yes,One Year,Yes,Bank Withdrawal,89.7,6588.95,No
8896-RAZCR,Female,42,No,909,44,Yes,13.45,No,None,0,No,No,No,No,No,Two Year,No,Mailed Check,19.9,868.1,No
1304-BCCFO,Male,24,No,36675,9,Yes,14.91,Yes,Cable,82,No,No,Yes,No,Yes,Month-to-Month,Yes,Mailed Check,70.05,564.4,No
4104-PVRPS,Male,56,No,75882,24,Yes,1.02,Yes,Cable,3,Yes,No,No,Yes,No,Month-to-Month,No,Mailed Check,53.6,1315.35,No
4431-EDMIQ,Female,47,Yes,1834,7,Yes,16.22,Yes,DSL,53,Yes,Yes,Yes,Yes,Yes,Month-to-Month,Yes,Bank Withdrawal,75.7,554.05,No
0486-LGCCH,Male,48,Yes,12083,11,Yes,40.76,No,None,0,No,No,No,No,No,Two Year,No,Credit Card,19.65,225.75,No
5168-MQQCA,Female,50,No,41575,72,Yes,38.44,Yes,Fiber Optic,16,No,Yes,Yes,Yes,Yes,One Year,Yes,Bank Withdrawal,108.5,8003.8,No
7971-HLVXI,Male,62,Yes,53636,72,Yes,44,Yes,Fiber Optic,20,No,No,No,No,Yes,Two Year,Yes,Credit Card,84.5,6130.85,No
9094-AZPHK,Female,64,No,24644,15,Yes,32.07,Yes,Fiber Optic,28,No,Yes,No,No,No,Month-to-Month,Yes,Bank Withdrawal,100.15,1415,No
3649-JPUGY,Male,26,No,49355,72,Yes,44.46,Yes,DSL,48,No,Yes,Yes,Yes,Yes,Two Year,Yes,Bank Withdrawal,88.6,6201.95,No
4472-LVYGI,Female,43,No,12149,10,No,0,Yes,Cable,20,Yes,No,Yes,Yes,Yes,Two Year,Yes,Bank Withdrawal,52.55,525.5,No
3552-CTCYF,Male,42,Yes,23146,63,Yes,40.73,Yes,Fiber Optic,76,No,Yes,Yes,No,Yes,Two Year,Yes,Bank Withdrawal,104.8,6597.25,No
6778-YSNIH,Female,63,No,18999,2,Yes,27.02,Yes,Cable,26,No,Yes,No,No,Yes,Month-to-Month,Yes,Bank Withdrawal,59,114.15,No
6579-JPICP,Male,31,No,38446,1,Yes,17.81,No,None,0,No,No,No,No,No,Month-to-Month,No,Mailed Check,20.4,20.4,No
4134-BSXLX,Male,32,No,48649,28,Yes,28.86,Yes,Cable,24,Yes,Yes,No,Yes,Yes,Month-to-Month,No,Mailed Check,60.9,1785.65,No
0505-SPOOW,Female,41,No,17147,70,Yes,11.71,No,None,0,No,No,No,No,No,Two Year,No,Bank Withdrawal,19.8,1397.65,No
4374-YMUSQ,Male,64,No,38519,34,Yes,22.41,Yes,Fiber Optic,13,Yes,Yes,Yes,Yes,Yes,One Year,No,Credit Card,116.25,3899.05,No
3957-HHLMR,Female,50,No,2433,70,Yes,29.72,Yes,DSL,12,Yes,No,No,No,Yes,One Year,No,Bank Withdrawal,65.2,4543.15,No
7803-XOCCZ,Female,54,Yes,3745,52,Yes,31.96,Yes,Fiber Optic,26,Yes,No,Yes,Yes,Yes,Month-to-Month,Yes,Bank Withdrawal,84.05,4326.8,No
5736-YEJAX,Male,23,No,29687,69,Yes,26.45,Yes,DSL,46,Yes,Yes,Yes,Yes,No,Two Year,Yes,Credit Card,79.45,5502.55,No
8981-FJGLA,Male,63,Yes,25694,11,Yes,47.12,Yes,Fiber Optic,23,No,No,Yes,No,Yes,Month-to-Month,Yes,Mailed Check,78,851.8,No
1135-LMECX,Female,47,No,22983,1,Yes,16.47,No,None,0,No,No,No,No,No,Month-to-Month,No,Credit Card,19.85,19.85,No
8535-SFUTN,Male,21,No,12743,61,Yes,36.05,Yes,Fiber Optic,73,Yes,No,Yes,No,Yes,Month-to-Month,Yes,Bank Withdrawal,106.45,6300.15,No
8677-HDZEE,Female,42,No,1500,56,Yes,2.5,Yes,Fiber Optic,3,No,Yes,No,Yes,Yes,Month-to-Month,Yes,Bank Withdrawal,105.45,5916.95,No
2475-MROZF,Male,36,No,36149,30,Yes,2.87,Yes,Fiber Optic,29,Yes,Yes,Yes,Yes,Yes,Month-to-Month,Yes,Credit Card,95,2852.4,No
3482-ABPKK,Female,19,No,7344,28,Yes,28.42,Yes,DSL,48,Yes,No,No,Yes,No,One Year,No,Credit Card,54.3,1546.3,No
7531-GQHME,Male,34,No,4456,12,Yes,38.96,No,None,0,No,No,No,No,No,Month-to-Month,No,Credit Card,20.05,265.45,No
5174-ITUMV,Male,37,Yes,21349,67,Yes,38.98,Yes,Fiber Optic,16,No,Yes,Yes,No,Yes,One Year,Yes,Bank Withdrawal,105.4,6989.45,No
0913-XWSCN,Male,29,Yes,8692,55,Yes,41.89,Yes,Fiber Optic,52,No,No,No,No,Yes,Month-to-Month,No,Bank Withdrawal,85.5,4713.4,No
0750-EBAIU,Male,43,No,3070,52,Yes,31.31,Yes,Fiber Optic,12,Yes,No,Yes,No,Yes,One Year,No,Bank Withdrawal,91.25,4738.3,No
3571-DPYUH,Male,30,Yes,46171,58,Yes,43.75,Yes,Fiber Optic,69,No,Yes,No,Yes,Yes,One Year,Yes,Credit Card,94.7,5430.35,No
7601-GNDYK,Male,52,Yes,19368,35,Yes,20.85,No,None,0,No,No,No,No,No,Two Year,No,Credit Card,19.6,686.95,No
8067-NIOYM,Female,51,Yes,2762,24,Yes,20.6,No,None,0,No,No,No,No,No,Two Year,Yes,Credit Card,21.1,490.65,No
1403-GYAFU,Male,47,Yes,27369,70,Yes,48.57,No,None,0,No,No,No,No,No,Two Year,No,Credit Card,20.05,1360.25,No
4234-XTNEA,Male,25,No,17621,2,Yes,37.7,Yes,Fiber Optic,73,No,No,No,No,Yes,Month-to-Month,Yes,Bank Withdrawal,79.95,174.45,No
5348-CAGXB,Male,60,No,22499,12,Yes,33.36,Yes,Fiber Optic,22,No,No,Yes,No,Yes,Month-to-Month,Yes,Bank Withdrawal,89.55,1021.75,No
0621-HJWXJ,Female,54,No,6301,63,Yes,21.15,Yes,Fiber Optic,24,No,Yes,No,No,Yes,Month-to-Month,Yes,Bank Withdrawal,81.55,5029.05,No
5844-QVTAT,Female,24,No,26419,33,Yes,8.79,Yes,Cable,27,Yes,Yes,Yes,No,Yes,One Year,Yes,Credit Card,58.45,1955.4,No
8905-IAZPF,Female,32,No,7465,69,Yes,46.87,Yes,Fiber Optic,11,No,Yes,No,No,Yes,One Year,Yes,Credit Card,95.65,6744.2,No
5394-MEITZ,Female,26,No,13422,60,Yes,14,Yes,Cable,42,No,Yes,Yes,Yes,Yes,Two Year,Yes,Bank Withdrawal,80.6,4946.7,No
6859-QNXIQ,Female,43,Yes,48207,72,Yes,26.32,Yes,Fiber Optic,53,Yes,Yes,Yes,Yes,Yes,Two Year,Yes,Bank Withdrawal,113.1,8248.5,No
2782-LFZVW,Female,52,No,62069,11,Yes,24.57,Yes,Cable,10,No,No,No,No,No,Month-to-Month,Yes,Credit Card,58.95,601.6,No
2866-IKBTM,Female,57,No,27730,1,Yes,40.63,No,None,0,No,No,No,No,No,Month-to-Month,No,Credit Card,19.55,19.55,No
7129-AZJDE,Male,59,Yes,58764,34,Yes,3.54,Yes,Fiber Optic,12,No,No,No,No,Yes,One Year,Yes,Bank Withdrawal,78.95,2647.2,No
2560-PPCHE,Female,22,No,32304,65,Yes,26.83,Yes,Fiber Optic,59,No,Yes,No,Yes,Yes,One Year,Yes,Bank Withdrawal,105.05,6744.25,No
8138-EALND,Male,35,No,48273,15,Yes,3.49,No,None,0,No,No,No,No,No,Month-to-Month,No,Credit Card,19.75,311.6,No
3580-HYCSP,Male,44,Yes,8660,72,Yes,33.01,Yes,Fiber Optic,51,Yes,Yes,Yes,No,Yes,Two Year,Yes,Bank Withdrawal,110.3,7966.9,No
1352-HNSAW,Female,26,Yes,41237,72,Yes,34.69,Yes,Fiber Optic,59,Yes,Yes,Yes,Yes,No,Two Year,Yes,Bank Withdrawal,115.6,8220.4,No
2075-PUEPR,Male,46,Yes,5597,55,Yes,24.7,No,None,0,No,No,No,No,No,Two Year,No,Bank Withdrawal,19.35,1153.25,No
1982-FEBTD,Female,27,Yes,28687,23,Yes,25.54,No,None,0,No,No,No,No,No,Two Year,Yes,Credit Card,25.6,514.75,No
5791-KAJFD,Female,58,No,3124,56,Yes,42.86,Yes,DSL,8,Yes,No,Yes,No,Yes,One Year,Yes,Bank Withdrawal,68.75,3808,No
2654-VBVPB,Female,22,No,22133,1,Yes,11.83,No,None,0,No,No,No,No,No,Month-to-Month,No,Bank Withdrawal,19.9,19.9,No
1154-HYWWO,Male,55,No,34946,38,Yes,42.24,Yes,DSL,22,Yes,Yes,No,Yes,Yes,One Year,No,Credit Card,70.6,2708.2,No
2501-XWWTZ,Male,51,No,15297,11,Yes,1.01,Yes,Fiber Optic,8,No,No,No,No,Yes,Month-to-Month,No,Bank Withdrawal,70.2,760.05,No
3716-UVSPD,Male,54,No,34321,1,Yes,14.97,Yes,DSL,5,No,No,No,Yes,No,Month-to-Month,Yes,Bank Withdrawal,49.3,49.3,No
6815-ABQFQ,Male,53,No,1859,56,Yes,14.43,Yes,Fiber Optic,25,No,Yes,No,Yes,Yes,One Year,Yes,Bank Withdrawal,107.25,6033.3,No
7343-EOBEU,Male,19,No,62103,3,Yes,14.1,No,None,0,No,No,No,No,No,Month-to-Month,Yes,Credit Card,23.6,89.05,No
3701-SFMUH,Male,63,Yes,32268,7,Yes,5.17,Yes,Cable,51,Yes,No,No,No,Yes,Month-to-Month,No,Credit Card,69.7,516.15,No
6103-LIANB,Male,49,Yes,88230,59,Yes,41.09,Yes,Fiber Optic,16,No,No,Yes,No,Yes,Two Year,Yes,Credit Card,99.5,5861.75,No
7319-VENRZ,Male,19,No,42193,7,Yes,31.84,Yes,Cable,58,No,No,Yes,Yes,Yes,Month-to-Month,No,Bank Withdrawal,64.3,445.95,No
5846-NEQVZ,Male,19,No,46371,71,Yes,2.43,Yes,Cable,58,Yes,No,Yes,Yes,Yes,Two Year,Yes,Credit Card,70.85,4973.4,No
6967-QIQRV,Male,23,Yes,46227,15,Yes,2.12,Yes,Fiber Optic,30,Yes,No,No,Yes,No,One Year,No,Bank Withdrawal,101.9,1667.25,No
5781-RFZRP,Male,34,No,350,71,Yes,34.39,Yes,DSL,5,Yes,Yes,No,Yes,Yes,Two Year,No,Credit Card,73.5,5357.75,No
0308-IVGOK,Female,23,No,70011,11,No,0,Yes,DSL,59,No,Yes,Yes,Yes,Yes,One Year,Yes,Credit Card,40.4,422.6,No
7293-LSCDV,Female,32,Yes,91188,60,Yes,23.68,No,None,0,No,No,No,No,No,Two Year,Yes,Credit Card,19.25,1103.25,No
5756-JYOJT,Female,55,No,37879,11,Yes,5,Yes,Cable,23,No,No,Yes,Yes,Yes,One Year,No,Credit Card,64.9,697.25,No
9548-LIGTA,Male,26,No,55062,61,Yes,20.34,Yes,Cable,51,Yes,Yes,No,Yes,No,Two Year,Yes,Credit Card,81.05,4747.65,No
5150-LJNSR,Male,27,Yes,17494,31,Yes,36.49,Yes,Fiber Optic,59,Yes,No,Yes,No,Yes,One Year,No,Bank Withdrawal,98.05,3082.1,No
8270-RKSAP,Male,30,No,60553,9,Yes,40.71,Yes,Fiber Optic,52,No,No,No,No,Yes,Month-to-Month,Yes,Bank Withdrawal,70.5,597.9,No
2640-LYMOV,Male,59,No,81333,2,Yes,9.61,No,None,0,No,No,No,No,No,Month-to-Month,Yes,Credit Card,19.65,38.8,No
1423-BMPBQ,Female,62,Yes,19629,1,Yes,28.28,No,None,0,No,No,No,No,No,Month-to-Month,Yes,Credit Card,19,19,No
2393-DIVAI,Female,40,No,34055,3,Yes,15.37,No,None,0,No,No,No,No,No,Month-to-Month,Yes,Credit Card,20,61.7,No
4568-KNYWR,Male,56,No,34592,52,Yes,46.24,Yes,Cable,10,Yes,Yes,No,No,No,Two Year,Yes,Credit Card,63.25,3342.45,No
8752-IMQOS,Male,28,No,24502,5,Yes,5.2,No,None,0,No,No,No,No,No,One Year,No,Credit Card,20.1,85.1,No
0742-LAFQK,Male,52,No,46105,72,Yes,28.86,Yes,Fiber Optic,8,Yes,Yes,Yes,No,Yes,Two Year,Yes,Bank Withdrawal,99.15,7422.1,No
0795-LAFGP,Male,25,No,21157,71,Yes,3.57,Yes,DSL,52,Yes,Yes,Yes,Yes,Yes,Two Year,No,Bank Withdrawal,90.4,6668.05,No
0619-OLYUR,Male,32,No,50641,72,Yes,47.83,Yes,Fiber Optic,27,Yes,No,Yes,Yes,Yes,Two Year,Yes,Credit Card,111.9,8071.05,No
5512-IDZEI,Male,56,No,31428,46,Yes,18.45,No,None,0,No,No,No,No,No,One Year,No,Bank Withdrawal,24.9,1174.8,No
0459-SPZHJ,Male,19,No,43491,63,Yes,13.45,Yes,DSL,69,Yes,Yes,Yes,No,Yes,Two Year,No,Credit Card,83.5,5435,No
0215-BQKGS,Male,52,No,23481,30,Yes,24.73,Yes,Fiber Optic,20,Yes,Yes,Yes,No,No,Month-to-Month,Yes,Credit Card,84.3,2438.6,No
9244-ZVAPM,Male,36,No,15878,1,Yes,37.44,Yes,DSL,9,No,No,No,No,Yes,Month-to-Month,No,Credit Card,45.6,45.6,No
8208-EUMTE,Male,45,No,5935,16,No,0,Yes,DSL,27,Yes,Yes,Yes,Yes,Yes,Two Year,No,Credit Card,54.85,916.15,No
5172-MIGPM,Male,22,No,18058,4,Yes,13.31,Yes,Cable,59,No,No,No,Yes,Yes,Month-to-Month,No,Credit Card,65.55,237.2,No
1710-RCXUS,Male,53,No,15396,51,Yes,9.21,Yes,Fiber Optic,30,No,Yes,No,No,Yes,One Year,Yes,Credit Card,90.35,4614.55,No
0374-FIUCA,Male,59,No,40915,65,Yes,23.46,No,None,0,No,No,No,No,No,Two Year,Yes,Credit Card,20.4,1414.45,No
5839-SUYVZ,Male,21,No,23172,16,Yes,38.32,Yes,Fiber Optic,82,No,No,No,Yes,Yes,Month-to-Month,Yes,Credit Card,74.55,1170.5,No
5173-ZXXXL,Male,47,No,37916,2,Yes,31.45,No,None,0,No,No,No,No,No,One Year,No,Credit Card,19.95,47.7,No
1096-ADRUX,Female,34,Yes,48170,66,Yes,37.84,Yes,Fiber Optic,17,No,No,No,No,Yes,One Year,Yes,Bank Withdrawal,74.25,4859.25,No
2001-MCUUW,Male,51,No,44875,46,Yes,37.5,Yes,Fiber Optic,22,No,Yes,Yes,Yes,Yes,Two Year,No,Bank Withdrawal,108.65,4903.2,No
2731-GJRDG,Female,55,No,16998,32,Yes,4.61,Yes,Fiber Optic,12,Yes,No,Yes,Yes,Yes,One Year,Yes,Bank Withdrawal,109.55,3608,No
4723-BEGSG,Male,35,No,21911,72,Yes,12.12,Yes,Cable,23,Yes,No,Yes,Yes,Yes,Two Year,No,Credit Card,86.65,6094.25,No
6516-NKQBO,Male,28,No,60294,38,Yes,22.05,Yes,Cable,73,Yes,No,Yes,Yes,Yes,Two Year,No,Credit Card,81,3084.9,No
8672-OAUPW,Male,48,No,13188,51,Yes,36.59,Yes,DSL,20,No,No,No,Yes,Yes,One Year,No,Credit Card,47.85,2356.75,No
8207-DMRVL,Male,47,Yes,39458,72,Yes,21.89,Yes,Fiber Optic,58,Yes,Yes,Yes,Yes,No,Two Year,No,Bank Withdrawal,114.55,8306.05,No
2804-ETQDK,Male,57,Yes,27381,66,Yes,20.63,No,None,0,No,No,No,No,No,Two Year,No,Credit Card,20.55,1357.1,No
7138-GIRSH,Male,63,No,24945,50,Yes,27.04,Yes,DSL,2,No,No,Yes,Yes,Yes,Two Year,No,Bank Withdrawal,69.5,3418.2,No
9396-ZSFLL,Female,64,No,17409,15,Yes,13.58,Yes,DSL,19,No,No,No,No,Yes,Month-to-Month,No,Credit Card,48.85,631.4,No
6464-KEXXH,Male,55,No,16013,8,No,0,Yes,Cable,16,No,No,No,No,Yes,Month-to-Month,Yes,Credit Card,25.25,186.3,No
5240-CAOYT,Female,30,No,6503,57,Yes,28.27,Yes,Fiber Optic,41,Yes,Yes,No,Yes,Yes,Month-to-Month,Yes,Bank Withdrawal,87.55,4884.85,No
4059-IIEBK,Female,51,No,21633,7,Yes,40.76,Yes,Fiber Optic,16,No,Yes,No,No,Yes,Month-to-Month,Yes,Bank Withdrawal,78.55,522.95,No
0516-UXRMT,Female,27,No,77791,62,Yes,23.88,Yes,Fiber Optic,47,Yes,Yes,Yes,No,Yes,One Year,Yes,Bank Withdrawal,92.05,5755.8,No
4851-BQDNX,Male,56,Yes,25322,40,Yes,14.41,Yes,Fiber Optic,22,No,No,Yes,No,Yes,One Year,Yes,Bank Withdrawal,85.05,3355.65,No
5148-HKFIR,Female,49,No,1459,20,Yes,15.87,No,None,0,No,No,No,No,No,Two Year,No,Credit Card,19.7,406.95,No
3003-CMDUU,Female,22,No,32511,25,Yes,29.81,Yes,Fiber Optic,52,No,No,No,Yes,No,Month-to-Month,Yes,Bank Withdrawal,95.15,2395.7,No
5016-IBERQ,Male,28,No,49027,23,Yes,18.05,Yes,Fiber Optic,51,No,Yes,Yes,No,Yes,Month-to-Month,No,Bank Withdrawal,84.25,1968.1,No
9931-KGHOA,Female,48,No,20893,46,Yes,13.05,Yes,DSL,15,Yes,No,No,No,Yes,Month-to-Month,No,Bank Withdrawal,55,2473.95,No
1775-KWJKQ,Male,41,No,25771,72,Yes,26.96,Yes,DSL,9,Yes,Yes,Yes,Yes,Yes,Two Year,No,Credit Card,89.85,6562.9,No
7665-VIGUD,Male,40,No,12741,10,Yes,17.4,No,None,0,No,No,No,No,No,One Year,No,Credit Card,20.35,176.3,No
9411-TPQQV,Female,31,No,10986,40,No,0,Yes,DSL,28,Yes,No,No,Yes,No,One Year,Yes,Bank Withdrawal,54.55,2236.2,No
7954-MLBUN,Male,41,No,16477,31,Yes,10.05,Yes,Fiber Optic,14,No,No,Yes,Yes,Yes,Two Year,No,Bank Withdrawal,99.45,3109.9,No
2077-DDHJK,Female,48,No,49975,68,Yes,27.41,Yes,DSL,9,Yes,Yes,Yes,Yes,Yes,Two Year,No,Credit Card,70.9,4911.35,No
9574-BOSMD,Male,50,Yes,16206,68,Yes,19.09,No,None,0,No,No,No,No,No,Two Year,No,Bank Withdrawal,25.4,1620.2,No
8404-VLQFB,Female,21,Yes,226,15,Yes,29.55,No,None,0,No,No,No,No,No,Month-to-Month,Yes,Bank Withdrawal,25.25,394.85,No
2391-IPLOP,Male,25,No,23506,50,Yes,14.32,Yes,Cable,58,No,No,Yes,Yes,Yes,One Year,Yes,Bank Withdrawal,69.65,3442.15,No
5845-BZZIB,Male,37,Yes,1526,35,Yes,11.75,No,None,0,No,No,No,No,No,Two Year,No,Credit Card,20.1,655.3,No
1140-UKVZG,Female,64,No,8644,17,Yes,9.84,No,None,0,No,No,No,No,No,Month-to-Month,No,Credit Card,24.8,475.25,No
5183-SNMJQ,Male,32,No,4498,10,Yes,45.69,Yes,Fiber Optic,11,No,No,No,Yes,Yes,Month-to-Month,Yes,Credit Card,95.1,865.1,No
8100-PNJMH,Male,39,No,296,68,Yes,41.61,Yes,Cable,14,Yes,Yes,Yes,Yes,Yes,Two Year,Yes,Credit Card,88.85,6132.7,No
7838-LAZFO,Male,38,No,53204,45,Yes,9.91,Yes,Cable,19,Yes,Yes,Yes,No,Yes,One Year,No,Bank Withdrawal,78.8,3597.5,No
2085-JVGAD,Male,56,No,4517,37,Yes,2.15,No,None,0,No,No,No,No,No,Month-to-Month,No,Bank Withdrawal,20.35,697.65,No
8095-WANWK,Female,46,No,1809,10,Yes,3.55,Yes,DSL,29,No,No,No,No,No,Month-to-Month,No,Credit Card,45.25,428.7,No
3030-ZKIWL,Male,23,No,5564,1,Yes,18.15,No,None,0,No,No,No,No,No,Month-to-Month,No,Credit Card,20.05,20.05,No
9565-FLVCG,Male,40,No,15364,65,Yes,17.43,Yes,DSL,30,Yes,Yes,No,No,Yes,Two Year,Yes,Mailed Check,69.55,4459.15,No
8755-OGKNA,Female,33,Yes,2900,57,Yes,42.14,No,None,0,No,No,No,No,No,Two Year,No,Bank Withdrawal,19.5,1167.6,No
2800-VEQXM,Female,48,No,1247,3,Yes,12.5,Yes,Fiber Optic,4,No,No,Yes,No,Yes,Month-to-Month,Yes,Mailed Check,74.75,238.1,No
5533-RJFTJ,Male,22,No,30419,49,No,0,Yes,Cable,58,No,No,Yes,No,Yes,Month-to-Month,Yes,Bank Withdrawal,30.2,1453.1,No
0214-JHPFW,Female,22,No,2502,70,No,0,Yes,Cable,85,No,Yes,Yes,Yes,Yes,Two Year,No,Bank Withdrawal,57.8,4039.3,No
5642-MHDQT,Female,60,No,10781,53,Yes,11.35,No,None,0,No,No,No,No,No,One Year,Yes,Bank Withdrawal,19.85,1039.45,No
3088-FVYWK,Male,37,Yes,302,53,Yes,33.31,No,None,0,No,No,No,No,No,Two Year,No,Credit Card,25.55,1336.1,No
9092-GDZKO,Male,49,No,798,22,Yes,22.97,No,None,0,No,No,No,No,No,Month-to-Month,Yes,Credit Card,24.85,493.4,No
2324-AALNO,Female,63,No,65566,48,Yes,23.76,No,None,0,No,No,No,No,No,One Year,No,Bank Withdrawal,24.55,1203.95,No
5760-IFJOZ,Male,57,No,2956,3,Yes,47.5,Yes,Fiber Optic,22,No,Yes,Yes,No,Yes,Month-to-Month,No,Mailed Check,107.95,313.6,No
2826-UWHIS,Male,64,No,56,45,Yes,1.59,Yes,Fiber Optic,19,No,Yes,No,No,Yes,Month-to-Month,No,Bank Withdrawal,81.4,3775.85,No
7501-IWUNG,Female,57,No,3546,61,Yes,1.27,Yes,DSL,24,No,No,Yes,Yes,No,Two Year,Yes,Bank Withdrawal,73.8,4616.05,No
4957-TREIR,Male,37,No,1729,3,Yes,38.05,Yes,DSL,7,Yes,No,No,Yes,Yes,Month-to-Month,Yes,Credit Card,64.4,195.65,No
8040-MNRTF,Female,47,No,14937,1,Yes,37.51,Yes,Fiber Optic,10,No,No,No,No,Yes,Month-to-Month,No,Mailed Check,71.1,71.1,No
1536-HBSWP,Female,33,No,5868,1,Yes,14.93,Yes,DSL,4,No,No,No,Yes,Yes,Month-to-Month,Yes,Bank Withdrawal,49.9,49.9,No
5313-FPXWG,Male,58,No,2318,51,Yes,34.36,No,None,0,No,No,No,No,No,One Year,Yes,Bank Withdrawal,24.6,1266.4,No
0946-FKYTX,Male,42,No,56101,52,No,0,Yes,Cable,14,No,Yes,No,No,Yes,One Year,No,Mailed Check,30.1,1623.4,No
5076-YVXCM,Male,55,No,236,51,Yes,45.92,Yes,Fiber Optic,12,No,No,No,No,No,Month-to-Month,No,Bank Withdrawal,83.4,4149.45,No
8262-COGGB,Male,53,No,44741,1,Yes,11.61,No,None,0,No,No,No,No,No,Month-to-Month,Yes,Mailed Check,20.45,20.45,No
6663-JOCQO,Male,55,No,22760,31,Yes,29.06,Yes,DSL,22,Yes,Yes,No,Yes,Yes,One Year,Yes,Bank Withdrawal,75.25,2344.5,No
9620-QJREV,Male,62,No,1935,47,Yes,42.25,No,None,0,No,No,No,No,No,One Year,No,Credit Card,20.55,1013.05,No
2480-JZOSN,Female,64,No,88,1,Yes,35.24,No,None,0,No,No,No,No,No,Month-to-Month,Yes,Credit Card,20.65,20.65,No
0078-XZMHT,Male,19,No,36718,72,Yes,32.36,Yes,DSL,52,No,Yes,Yes,Yes,Yes,Two Year,Yes,Bank Withdrawal,85.15,6316.2,No
8338-QIUNR,Male,23,No,44588,72,Yes,6.09,Yes,DSL,41,Yes,No,Yes,Yes,Yes,Two Year,Yes,Credit Card,66.5,4811.6,No
1525-LNLOJ,Male,34,No,35643,66,Yes,32.04,Yes,DSL,19,No,No,Yes,No,Yes,Two Year,Yes,Bank Withdrawal,63.3,4189.7,No
9450-TRJUU,Male,52,No,53481,35,Yes,41.21,Yes,Fiber Optic,6,No,No,No,No,Yes,Month-to-Month,No,Bank Withdrawal,83.15,2848.45,No
1766-GKNMI,Male,56,No,59195,29,Yes,9.49,Yes,Fiber Optic,21,No,No,No,No,Yes,Month-to-Month,Yes,Bank Withdrawal,84.9,2516.2,No
6942-LBFDP,Female,30,No,44915,2,Yes,16.7,No,None,0,No,No,No,No,No,Month-to-Month,Yes,Mailed Check,20.55,33.6,No
1456-TWCGB,Male,34,No,58632,4,Yes,38.01,Yes,Cable,5,No,Yes,No,No,Yes,Month-to-Month,No,Mailed Check,49.25,208.45,No
7596-ZYWBB,Female,19,No,40836,65,Yes,43.29,Yes,DSL,76,Yes,Yes,No,Yes,No,Two Year,Yes,Mailed Check,59.6,3739.8,No
3014-WJKSM,Male,26,No,27047,29,Yes,3.35,Yes,Fiber Optic,59,No,No,Yes,No,Yes,Month-to-Month,Yes,Credit Card,75.3,2263.4,No
3347-YJZZE,Male,60,Yes,14859,29,Yes,6.73,Yes,DSL,27,No,Yes,Yes,No,Yes,Month-to-Month,No,Credit Card,80.1,2211.8,No
7929-DMBCV,Female,45,No,24499,20,Yes,11.39,Yes,Fiber Optic,21,No,No,Yes,Yes,Yes,Month-to-Month,Yes,Mailed Check,81,1683.7,No
9661-JALZV,Female,23,No,29539,58,Yes,47.9,No,None,0,No,No,No,No,No,Two Year,Yes,Credit Card,24.7,1519,No
5433-KYGHE,Female,53,Yes,812,14,Yes,47.72,Yes,Fiber Optic,22,Yes,No,No,Yes,Yes,Month-to-Month,Yes,Mailed Check,86,1164.05,No
4312-KFRXN,Male,61,No,1363,72,Yes,34.29,No,None,0,No,No,No,No,No,Two Year,No,Credit Card,25.4,1710.9,No
5575-TPIZQ,Male,21,No,4644,46,Yes,37.75,Yes,Fiber Optic,73,Yes,No,No,No,Yes,Month-to-Month,Yes,Credit Card,89.15,4245.55,No
0114-IGABW,Female,40,No,6526,71,No,0,Yes,Cable,29,No,Yes,Yes,Yes,Yes,Two Year,No,Bank Withdrawal,58.25,4145.9,No
9944-AEXBM,Male,51,No,210,32,Yes,37.04,Yes,Fiber Optic,28,No,No,No,No,Yes,Month-to-Month,Yes,Bank Withdrawal,85.65,2664.3,No
1853-ARAAQ,Female,47,No,3220,26,No,0,Yes,DSL,7,No,No,Yes,No,Yes,Month-to-Month,Yes,Credit Card,50.35,1277.5,No
4697-LUPSU,Male,22,No,13106,2,Yes,38.41,No,None,0,No,No,No,No,No,One Year,No,Credit Card,20.2,34.75,No
8434-VGEQQ,Male,24,No,5726,61,Yes,46.76,No,None,0,No,No,No,No,No,Two Year,No,Credit Card,20.55,1305.95,No
4950-HKQTE,Female,47,No,10909,22,Yes,5.28,No,None,0,No,No,No,No,No,Two Year,No,Credit Card,26.25,605.9,No
6786-OBWQR,Female,20,Yes,15405,5,Yes,47.91,Yes,Fiber Optic,73,No,No,No,No,Yes,Month-to-Month,Yes,Bank Withdrawal,80.85,356.1,No
2753-JMMCV,Male,41,No,35586,65,Yes,22.23,Yes,DSL,18,No,Yes,Yes,Yes,Yes,Two Year,Yes,Credit Card,74.2,4805.65,No
6621-YOBKI,Male,46,No,670,5,Yes,31.78,No,None,0,No,No,No,No,No,Month-to-Month,No,Credit Card,20.35,92.75,No
1216-JWVUX,Male,51,Yes,2666,25,Yes,4.46,Yes,Fiber Optic,58,No,Yes,No,No,Yes,Month-to-Month,Yes,Bank Withdrawal,75.5,1901.05,No
7564-GHCVB,Female,27,No,471,72,Yes,7.29,Yes,Fiber Optic,53,Yes,No,No,No,No,Two Year,No,Bank Withdrawal,79.05,5730.7,No
1173-NOEYG,Female,25,No,2687,27,Yes,18.74,Yes,Fiber Optic,59,No,No,Yes,No,Yes,Month-to-Month,No,Bank Withdrawal,90.15,2423.4,No
7595-EHCDL,Male,48,Yes,30540,32,No,0,Yes,DSL,19,No,No,Yes,No,Yes,Month-to-Month,No,Credit Card,50.6,1653.45,No
6647-ZEDXT,Female,19,No,37364,30,Yes,13.16,Yes,Fiber Optic,27,No,Yes,Yes,Yes,Yes,One Year,No,Credit Card,110.45,3327.05,No
2521-NPUZR,Male,26,No,43684,70,Yes,41.05,Yes,Fiber Optic,59,Yes,Yes,Yes,Yes,Yes,Two Year,No,Credit Card,101,7085.5,No
4381-MHQDC,Female,38,No,7958,47,Yes,35.75,Yes,DSL,13,Yes,No,Yes,Yes,No,Two Year,Yes,Credit Card,65,2879.9,No
6923-JHPMP,Female,35,No,7918,2,Yes,35.41,Yes,Fiber Optic,25,Yes,No,Yes,No,Yes,Month-to-Month,Yes,Bank Withdrawal,80.45,137.1,No
4018-PPNDW,Female,23,No,8316,61,Yes,13.35,No,None,0,No,No,No,No,No,Two Year,Yes,Credit Card,24.1,1551.6,No
1635-FJFCC,Female,46,No,7831,5,Yes,10.99,Yes,DSL,29,No,No,No,No,Yes,Month-to-Month,Yes,Credit Card,44.05,202.15,No
6425-JWTDV,Male,43,No,2241,48,Yes,15.95,No,None,0,No,No,No,No,No,Two Year,No,Credit Card,19.25,855.1,No
8405-IGQFX,Female,41,No,826,63,Yes,40.34,Yes,Fiber Optic,8,No,No,Yes,Yes,Yes,One Year,Yes,Credit Card,90.05,5817,No
8224-IVVPA,Female,35,No,1022,27,Yes,25.21,Yes,DSL,9,Yes,Yes,No,No,Yes,Month-to-Month,Yes,Credit Card,56.7,1652.95,No
9477-LGWQI,Male,28,No,64,70,Yes,24.08,Yes,DSL,46,Yes,Yes,Yes,No,Yes,Two Year,Yes,Credit Card,80.15,5600.15,No
1410-RSCMR,Male,47,Yes,7685,7,Yes,49.98,Yes,Cable,25,Yes,No,Yes,Yes,Yes,Month-to-Month,Yes,Credit Card,71.35,515.75,No
3115-CZMZD,Male,24,No,734,10,Yes,13.16,No,None,0,No,No,No,No,No,Two Year,No,Credit Card,20.25,202.5,No
0139-IVFJG,Female,19,No,46171,2,Yes,4.65,Yes,Fiber Optic,53,Yes,Yes,No,No,Yes,Month-to-Month,No,Bank Withdrawal,90.35,190.5,No
5730-DBDSI,Male,50,No,618,66,Yes,45.54,No,None,0,No,No,No,No,No,Two Year,No,Bank Withdrawal,19.7,1253.8,No
0030-FNXPP,Female,22,No,71,3,Yes,3.12,No,None,0,No,No,No,No,No,Month-to-Month,No,Credit Card,19.85,57.2,No
5684-FJVYR,Female,41,No,2771,72,Yes,9.6,Yes,Fiber Optic,25,Yes,Yes,No,Yes,Yes,Two Year,Yes,Bank Withdrawal,90.35,6563.4,No
4013-GUXND,Male,37,No,35109,1,Yes,48.14,No,None,0,No,No,No,No,No,Month-to-Month,No,Credit Card,20.8,20.8,No
1266-NZYUI,Female,56,No,504,72,Yes,14.65,Yes,DSL,20,Yes,No,Yes,Yes,Yes,Two Year,No,Bank Withdrawal,66.85,4758.8,No
7969-FFOWG,Male,30,No,11198,65,Yes,18.07,No,None,0,No,No,No,No,No,Two Year,No,Credit Card,19.9,1292.6,No
4718-DHSMV,Female,22,No,1220,11,No,0,Yes,DSL,52,No,No,No,No,Yes,Month-to-Month,Yes,Credit Card,35.8,363.15,No
5175-WLYXL,Male,56,No,42239,22,Yes,30.35,Yes,Fiber Optic,10,No,Yes,No,No,No,Month-to-Month,Yes,Credit Card,78.85,1600.25,No
7817-OMJNA,Male,23,No,8217,14,Yes,36.42,No,None,0,No,No,No,No,No,One Year,No,Bank Withdrawal,20.4,275.7,No
8728-SKJLR,Male,45,No,318,41,Yes,1.08,Yes,Fiber Optic,6,No,No,No,Yes,Yes,Month-to-Month,Yes,Bank Withdrawal,74.25,3089.1,No
3137-NYQQI,Male,32,No,67232,17,Yes,45.35,Yes,DSL,11,Yes,Yes,No,No,Yes,One Year,No,Credit Card,64.8,1175.6,No
7706-DZNKK,Male,63,No,34045,11,Yes,44.53,No,None,0,No,No,No,No,No,Month-to-Month,Yes,Credit Card,20.45,237.3,No
8823-RLPWL,Female,24,No,14931,72,Yes,41.21,Yes,Fiber Optic,73,Yes,Yes,Yes,No,Yes,Two Year,Yes,Credit Card,110.65,8065.65,No
9505-SQFSW,Female,59,Yes,25805,3,No,0,Yes,Cable,53,No,Yes,No,No,Yes,Month-to-Month,No,Credit Card,40.3,92.5,No
3758-CKOQL,Female,20,No,413,59,Yes,41.15,Yes,Fiber Optic,48,Yes,Yes,Yes,Yes,No,One Year,Yes,Credit Card,107,6152.3,No
5676-CFLYY,Male,30,No,1968,71,Yes,16.24,Yes,Cable,59,No,Yes,No,Yes,Yes,Two Year,Yes,Credit Card,73.35,5154.5,No
7521-AFHAB,Female,45,Yes,3464,5,Yes,35.6,Yes,Cable,19,No,No,No,No,Yes,Month-to-Month,No,Credit Card,44.8,220.45,No
0285-INHLN,Male,54,Yes,273,27,Yes,36.19,Yes,DSL,53,Yes,Yes,No,No,Yes,Month-to-Month,Yes,Credit Card,54.75,1510.3,No
5125-CNDSP,Male,48,No,273,63,No,0,Yes,DSL,28,Yes,Yes,No,Yes,Yes,One Year,Yes,Bank Withdrawal,40.6,2588.95,No
4992-LTJNE,Male,40,No,1766,72,Yes,24.24,Yes,DSL,27,Yes,No,No,No,Yes,Two Year,No,Bank Withdrawal,55.3,3983.6,No
2202-OUTMO,Female,59,No,5446,34,Yes,12.3,Yes,DSL,26,Yes,No,No,Yes,Yes,Month-to-Month,Yes,Bank Withdrawal,60.85,2003.6,No
0810-BDHAW,Female,54,No,19391,24,Yes,31.62,Yes,DSL,12,Yes,Yes,No,No,No,One Year,No,Bank Withdrawal,78.4,1832.4,No
0229-LFJAF,Male,53,No,46858,72,Yes,3.66,Yes,DSL,13,Yes,Yes,Yes,Yes,Yes,Two Year,No,Bank Withdrawal,69.65,4908.25,No
7131-ZQZNK,Female,46,No,33856,60,No,0,Yes,DSL,19,Yes,No,Yes,Yes,Yes,Two Year,No,Credit Card,59.85,3590.2,No
3442-ZHHCC,Male,60,No,9395,68,Yes,1.27,Yes,Cable,13,Yes,Yes,Yes,No,Yes,One Year,Yes,Credit Card,76.9,5023,No
5726-CVNYA,Female,44,No,5519,8,Yes,17.09,No,None,0,No,No,No,No,No,Two Year,Yes,Credit Card,19.85,146.6,No
9871-ELEYA,Female,22,No,1965,34,Yes,20.75,Yes,DSL,27,Yes,No,Yes,Yes,Yes,Two Year,No,Credit Card,67.65,2339.3,No
4257-GAESD,Female,25,No,24206,6,No,0,Yes,Cable,52,No,No,No,No,Yes,Month-to-Month,No,Credit Card,45,298.7,No
5173-WXOQV,Male,38,No,9388,2,Yes,4.41,Yes,DSL,26,No,Yes,No,Yes,No,Month-to-Month,Yes,Credit Card,64.2,143.65,No
2040-OBMLJ,Male,24,No,506,31,Yes,17.18,Yes,Fiber Optic,76,No,No,No,Yes,Yes,One Year,No,Credit Card,81.7,2548.65,No
6286-ZHAOK,Female,47,Yes,9491,20,Yes,36.85,No,None,0,No,No,No,No,No,Month-to-Month,Yes,Bank Withdrawal,25.55,507.4,No
3807-XHCJH,Female,21,Yes,77,1,Yes,6.86,No,None,0,No,No,No,No,No,Month-to-Month,No,Bank Withdrawal,20,20,No
8859-AXJZP,Male,39,No,152,39,Yes,29.56,No,None,0,No,No,No,No,No,Two Year,Yes,Credit Card,23.8,903.8,No
3174-AKMAS,Female,61,No,93,46,Yes,37.02,Yes,DSL,6,No,Yes,No,Yes,Yes,Two Year,Yes,Credit Card,64.2,3009.5,No
9926-PJHDQ,Female,45,No,14088,72,Yes,43.47,Yes,Cable,9,No,No,Yes,No,No,Two Year,Yes,Bank Withdrawal,76.8,5468.45,No
7382-DFJTU,Male,63,No,52,18,Yes,47.72,Yes,DSL,28,No,No,Yes,Yes,Yes,Month-to-Month,No,Credit Card,55.2,1058.1,No
2798-NYLMZ,Male,29,No,29124,71,Yes,31.97,Yes,Fiber Optic,73,Yes,No,Yes,Yes,Yes,Two Year,Yes,Credit Card,108.55,7616,No
8098-TDCBU,Female,55,No,3376,42,Yes,33.63,No,None,0,No,No,No,No,No,Two Year,No,Bank Withdrawal,25.25,1108.2,No
3551-GAEGL,Male,23,No,8521,34,No,0,Yes,DSL,42,Yes,No,No,No,Yes,One Year,No,Bank Withdrawal,30.4,938.65,No
3196-NVXLZ,Female,23,No,8449,25,Yes,9.57,Yes,Fiber Optic,59,No,No,No,No,Yes,Month-to-Month,Yes,Credit Card,84.6,2088.05,No
0036-IHMOT,Female,37,Yes,12587,55,Yes,35.04,Yes,Fiber Optic,57,No,Yes,Yes,Yes,No,One Year,Yes,Bank Withdrawal,103.7,5656.75,No
4178-EGMON,Male,30,No,1314,70,Yes,9.28,Yes,Fiber Optic,51,Yes,Yes,No,Yes,Yes,Two Year,Yes,Credit Card,88,5986.45,No
4220-TINQT,Female,41,No,265,61,Yes,27.63,Yes,Fiber Optic,29,No,No,Yes,Yes,Yes,Month-to-Month,Yes,Bank Withdrawal,106.35,6751.35,No
5318-YKDPV,Male,62,No,972,43,Yes,41.08,Yes,DSL,18,Yes,No,Yes,Yes,Yes,Two Year,Yes,Credit Card,79.15,3566.6,No
7975-TZMLR,Male,37,No,25923,47,Yes,16.64,Yes,Fiber Optic,8,No,Yes,Yes,No,Yes,One Year,Yes,Bank Withdrawal,103.1,4889.3,No
0295-QVKPB,Male,38,No,5729,5,Yes,13.96,Yes,DSL,5,No,No,Yes,Yes,Yes,Month-to-Month,Yes,Credit Card,63.95,318.1,No
4335-BSMJS,Female,55,No,28991,62,Yes,8.23,No,None,0,No,No,No,No,No,Two Year,Yes,Credit Card,25.8,1563.95,No
9146-JRIOX,Female,47,Yes,642,14,Yes,31.7,No,None,0,No,No,No,No,No,Month-to-Month,No,Credit Card,25.55,372.45,No
5337-IIWKZ,Male,35,Yes,306,34,No,0,Yes,DSL,76,No,No,Yes,Yes,Yes,Month-to-Month,Yes,Bank Withdrawal,44.85,1442.6,No
9650-VBUOG,Male,44,Yes,1130,38,Yes,33.1,No,None,0,No,No,No,No,No,Two Year,No,Credit Card,25.05,963.95,No
3487-EARAT,Female,46,No,327,70,Yes,19.1,Yes,DSL,21,Yes,Yes,Yes,Yes,Yes,One Year,No,Credit Card,74.1,5222.3,No
2672-TGEFF,Female,33,Yes,646,37,Yes,1.08,Yes,Fiber Optic,16,No,Yes,No,No,Yes,Month-to-Month,Yes,Bank Withdrawal,88.8,3340.55,No
8184-WMOFI,Male,47,No,47999,62,Yes,14.05,Yes,DSL,25,Yes,No,Yes,Yes,Yes,One Year,No,Credit Card,71.4,4487.3,No
6092-QZVPP,Male,27,No,26580,36,Yes,42.51,Yes,Cable,52,Yes,No,Yes,Yes,No,Month-to-Month,Yes,Credit Card,79.2,2854.95,No
4625-LAMOB,Male,36,No,35451,44,Yes,1.4,No,None,0,No,No,No,No,No,Two Year,No,Credit Card,20.4,905.55,No
0392-BZIUW,Female,44,No,29337,72,Yes,6.58,Yes,Fiber Optic,7,Yes,No,Yes,No,Yes,Two Year,Yes,Credit Card,105,7589.8,No
6549-NNDYT,Female,59,No,45087,13,No,0,Yes,Cable,7,Yes,No,No,No,Yes,Month-to-Month,Yes,Bank Withdrawal,30.85,394.1,No
0422-OHQHQ,Female,23,No,60889,15,Yes,34.63,No,None,0,No,No,No,No,No,One Year,No,Credit Card,20.55,295.95,No
6916-HIJSE,Female,57,No,21010,65,Yes,41.74,Yes,Cable,17,Yes,Yes,Yes,Yes,Yes,Two Year,Yes,Bank Withdrawal,84.85,5459.2,No
2316-ESMLS,Female,54,No,39148,12,No,0,Yes,DSL,27,Yes,No,No,Yes,Yes,One Year,No,Credit Card,33.15,444.75,No
9778-OGKQZ,Male,55,No,54701,72,Yes,5.32,Yes,DSL,5,Yes,Yes,Yes,Yes,No,Two Year,Yes,Credit Card,92,6782.15,No
7408-OFWXJ,Female,23,No,16346,72,Yes,44.92,Yes,DSL,69,Yes,Yes,Yes,Yes,Yes,Two Year,No,Credit Card,89.8,6510.45,No
6007-TCTST,Female,57,Yes,35739,72,Yes,12.29,Yes,Fiber Optic,24,Yes,Yes,Yes,Yes,Yes,Two Year,Yes,Bank Withdrawal,115.8,8476.5,No
2252-NKNSI,Male,63,No,58548,52,Yes,32.02,Yes,DSL,28,Yes,Yes,No,Yes,Yes,Two Year,Yes,Credit Card,85.15,4461.85,No
8713-IGZSO,Male,50,No,53946,2,Yes,40.25,No,None,0,No,No,No,No,No,Month-to-Month,No,Credit Card,24.85,62,No
7905-TVXTA,Female,63,No,22292,5,Yes,8.32,Yes,DSL,22,Yes,No,No,Yes,Yes,Month-to-Month,Yes,Bank Withdrawal,64.35,352.65,No
7695-PKLCZ,Female,32,No,13027,68,Yes,48.41,No,None,0,No,No,No,No,No,Two Year,No,Credit Card,20.5,1424.9,No
8374-UULRV,Male,22,No,2966,72,Yes,48.36,Yes,DSL,71,Yes,Yes,No,Yes,No,Two Year,No,Credit Card,86.05,6309.65,No
3224-DFQNQ,Female,59,No,6691,66,Yes,37.38,Yes,Fiber Optic,8,Yes,Yes,No,Yes,Yes,One Year,No,Bank Withdrawal,89,5898.6,No
5275-PMFUT,Male,52,No,1140,72,No,0,Yes,DSL,18,Yes,Yes,Yes,Yes,Yes,Two Year,Yes,Credit Card,64.8,4719.75,No
4795-UXVCJ,Male,63,No,9023,26,Yes,45.7,No,None,0,No,No,No,No,No,One Year,No,Credit Card,19.8,457.3,No
9777-IQHWP,Male,53,Yes,14204,64,Yes,30.82,Yes,Fiber Optic,11,Yes,No,Yes,No,Yes,Two Year,No,Bank Withdrawal,93.4,5822.3,No
0979-MOZQI,Male,61,No,32857,62,No,0,Yes,Cable,4,No,No,No,Yes,Yes,Two Year,Yes,Bank Withdrawal,39,2337.45,No
2732-ISEZX,Female,44,No,15449,5,Yes,24.61,No,None,0,No,No,No,No,No,Month-to-Month,Yes,Credit Card,20.5,104.3,No
0323-XWWTN,Male,44,Yes,521,3,Yes,33.87,No,None,0,No,No,No,No,No,Two Year,Yes,Credit Card,26.4,121.25,No
1937-OTUKY,Female,32,No,38244,72,Yes,25.48,Yes,Fiber Optic,3,Yes,No,Yes,Yes,Yes,Two Year,Yes,Bank Withdrawal,98.2,7015.9,No
1573-LGXBA,Male,26,Yes,13003,57,Yes,4.18,Yes,Fiber Optic,73,No,Yes,Yes,No,Yes,One Year,Yes,Credit Card,97.55,5598,No
1764-VUUMT,Male,63,Yes,407,66,Yes,37.94,No,None,0,No,No,No,No,No,Two Year,No,Credit Card,19.95,1269.1,No
4713-ZBURT,Male,33,Yes,3635,45,Yes,23.54,Yes,Fiber Optic,12,No,No,Yes,No,Yes,Two Year,No,Bank Withdrawal,99.7,4634.35,No
3050-GBUSH,Female,25,No,40346,3,No,0,Yes,DSL,46,No,No,No,No,Yes,Month-to-Month,Yes,Credit Card,34.8,113.95,No
7876-AEHIG,Female,48,No,63337,51,No,0,Yes,DSL,10,Yes,No,Yes,Yes,Yes,One Year,No,Bank Withdrawal,60.15,3077,No
7945-HLKEA,Female,29,No,17929,60,Yes,37.95,Yes,DSL,27,Yes,No,Yes,Yes,No,One Year,No,Bank Withdrawal,64.75,4039.5,No
9342-VNIMQ,Male,62,No,1622,33,Yes,5.91,Yes,DSL,5,No,Yes,No,No,Yes,Month-to-Month,Yes,Bank Withdrawal,54.65,1665.2,No
3199-NPKCN,Female,39,No,39062,67,Yes,35.03,Yes,Fiber Optic,23,Yes,No,Yes,Yes,Yes,One Year,Yes,Bank Withdrawal,111.25,7511.65,No
5170-PTRKA,Female,19,No,6876,49,No,0,Yes,Cable,82,Yes,No,No,Yes,Yes,One Year,Yes,Credit Card,35.8,1782,No
4661-NJEUX,Male,42,No,6601,1,Yes,3.23,No,None,0,No,No,No,No,No,Month-to-Month,Yes,Credit Card,20.05,20.05,No
0048-LUMLS,Male,23,Yes,3064,37,Yes,43.01,Yes,Fiber Optic,51,No,No,No,No,Yes,One Year,No,Credit Card,91.2,3247.55,No
5898-IGSLP,Male,37,Yes,13483,31,Yes,20.76,Yes,Fiber Optic,57,Yes,No,Yes,Yes,Yes,Month-to-Month,No,Bank Withdrawal,89.3,2823,No
7997-EASSD,Female,56,No,35737,63,Yes,38.85,Yes,Fiber Optic,27,No,No,No,Yes,Yes,One Year,Yes,Credit Card,81.2,4965.1,No
0730-KOAVE,Male,53,No,25569,30,Yes,41.66,Yes,Fiber Optic,28,Yes,Yes,No,No,Yes,Month-to-Month,Yes,Credit Card,94.3,2679.7,No
8975-SKGRX,Male,29,No,32368,71,Yes,33.83,Yes,Fiber Optic,27,Yes,Yes,Yes,Yes,No,Two Year,Yes,Bank Withdrawal,116.1,8310.55,No
0678-RLHVP,Female,33,No,10658,53,Yes,12.92,Yes,Fiber Optic,19,No,Yes,Yes,No,Yes,Two Year,No,Bank Withdrawal,105.55,5682.25,No
2267-FPIMA,Male,27,No,28098,50,Yes,17.58,Yes,Fiber Optic,47,Yes,Yes,No,No,Yes,Month-to-Month,Yes,Credit Card,94.4,4914.9,No
1051-GEJLJ,Female,19,No,291,2,Yes,27.17,No,None,0,No,No,No,No,No,Month-to-Month,No,Mailed Check,19.5,27.55,No
5285-MVEHD,Female,35,No,50070,56,Yes,34.1,Yes,Fiber Optic,13,Yes,Yes,Yes,No,Yes,One Year,Yes,Credit Card,105.6,6068.65,No
0379-DJQHR,Male,60,No,16985,67,Yes,45.25,Yes,DSL,18,Yes,Yes,Yes,No,Yes,Two Year,No,Credit Card,81.35,5398.6,No
5543-QDCRY,Male,38,No,23036,4,Yes,20.76,Yes,DSL,30,No,No,No,No,Yes,Month-to-Month,Yes,Bank Withdrawal,56.4,234.85,No
0297-RBCSG,Male,61,No,384,19,Yes,41.79,Yes,DSL,6,No,Yes,No,Yes,No,One Year,Yes,Bank Withdrawal,65.35,1231.85,No
4694-PHWFW,Female,26,Yes,2066,8,Yes,45.87,No,None,0,No,No,No,No,No,Month-to-Month,No,Mailed Check,19.95,170.9,No
0835-JKADZ,Female,29,No,17372,71,Yes,41.92,Yes,Fiber Optic,53,No,Yes,Yes,Yes,Yes,Two Year,Yes,Bank Withdrawal,111.25,7984.15,No
3865-YIOTT,Male,40,Yes,74641,72,Yes,11.67,Yes,Fiber Optic,26,Yes,No,Yes,No,Yes,One Year,Yes,Bank Withdrawal,106.1,7848.5,No
5993-BQHEA,Male,42,No,3337,12,Yes,16.59,No,None,0,No,No,No,No,No,One Year,No,Credit Card,20.05,267,No
6024-RUGGH,Male,22,Yes,73117,72,Yes,28.06,No,None,0,No,No,No,No,No,Two Year,Yes,Bank Withdrawal,25.2,1798.9,No
4079-WWQQQ,Male,45,No,42959,72,No,0,Yes,Cable,10,Yes,Yes,Yes,Yes,Yes,Two Year,Yes,Bank Withdrawal,65.55,4807.45,No
6103-BOCOU,Female,37,No,38756,26,Yes,20.64,Yes,Fiber Optic,22,No,No,Yes,No,Yes,Month-to-Month,Yes,Bank Withdrawal,80.7,2193,No
5149-TGWDZ,Female,48,No,38955,21,Yes,36.31,Yes,Fiber Optic,27,No,Yes,Yes,Yes,Yes,One Year,Yes,Credit Card,104.55,2239.4,No
7471-WNSUF,Male,23,No,42476,60,Yes,16.42,No,None,0,No,No,No,No,No,One Year,No,Bank Withdrawal,24.15,1505.9,No
8942-DBMHZ,Male,26,No,55504,12,Yes,41.11,No,None,0,No,No,No,No,No,Month-to-Month,No,Mailed Check,20.45,255.35,No
4301-VVZKA,Male,25,No,22920,16,Yes,25.83,Yes,Fiber Optic,46,No,No,No,No,Yes,Month-to-Month,Yes,Bank Withdrawal,75.4,1189.4,No
9199-PWQVC,Female,38,No,33177,63,Yes,49.08,Yes,Cable,24,Yes,Yes,No,No,No,One Year,Yes,Credit Card,79.7,4786.15,No
5393-HJZSM,Female,54,Yes,2240,32,Yes,32.43,Yes,Cable,19,Yes,Yes,Yes,Yes,Yes,Month-to-Month,No,Bank Withdrawal,76.3,2404.15,No
0862-PRCBS,Female,32,Yes,26297,68,Yes,16.09,Yes,Fiber Optic,53,No,Yes,No,Yes,Yes,Two Year,Yes,Credit Card,103.75,7039.45,No
8812-ZRHFP,Female,53,Yes,26831,30,Yes,48.43,Yes,Fiber Optic,58,No,No,Yes,No,Yes,One Year,No,Bank Withdrawal,86.45,2538.05,No
5146-CBVOE,Female,44,No,40137,16,Yes,38.02,Yes,Fiber Optic,25,No,Yes,No,No,Yes,Month-to-Month,No,Bank Withdrawal,75.1,1212.85,No
0454-OKRCT,Male,32,No,16198,33,Yes,34.85,Yes,Fiber Optic,27,No,Yes,No,Yes,Yes,Two Year,No,Bank Withdrawal,80.6,2651.1,No
5787-KXGIY,Male,54,No,45499,72,Yes,2.61,No,None,0,No,No,No,No,No,Two Year,No,Credit Card,19.3,1304.8,No
4198-VFOEA,Female,58,No,13386,12,No,0,Yes,DSL,19,Yes,No,No,Yes,Yes,One Year,Yes,Mailed Check,33.6,435.45,No
5709-LVOEQ,Female,40,No,32488,10,Yes,31.09,Yes,DSL,5,Yes,Yes,Yes,No,Yes,Two Year,No,Mailed Check,80.85,808.5,No
2692-AQCPF,Female,32,No,37926,65,Yes,41.34,Yes,Fiber Optic,15,No,Yes,Yes,Yes,Yes,One Year,Yes,Credit Card,108.05,7118.9,No
0347-UBKUZ,Female,46,No,31882,15,Yes,2.74,No,None,0,No,No,No,No,No,Month-to-Month,No,Mailed Check,19.9,320.45,No
0835-DUUIQ,Female,55,No,58555,24,Yes,47.31,No,None,0,No,No,No,No,No,One Year,No,Bank Withdrawal,21.05,531.55,No
0811-GSDTP,Female,50,Yes,13996,13,No,0,Yes,Cable,19,No,Yes,No,No,No,Month-to-Month,No,Bank Withdrawal,30.15,382.2,No
7567-ECMCM,Male,23,No,19777,24,Yes,35.3,Yes,Fiber Optic,41,No,No,No,No,Yes,Month-to-Month,Yes,Credit Card,79.85,2001,No
6115-ZTBFQ,Female,56,No,15187,72,No,0,Yes,DSL,4,Yes,Yes,Yes,Yes,Yes,Two Year,No,Bank Withdrawal,65.5,4919.7,No
6353-BRMMA,Female,62,Yes,3641,54,Yes,42.35,Yes,Fiber Optic,76,Yes,Yes,No,No,Yes,Month-to-Month,Yes,Bank Withdrawal,104.1,5645.8,No
6231-WFGFH,Male,39,Yes,25578,4,Yes,3.63,No,None,0,No,No,No,No,No,Month-to-Month,Yes,Mailed Check,20.5,77.6,No
6169-PPETC,Male,42,Yes,26577,35,Yes,47.33,No,None,0,No,No,No,No,No,Two Year,No,Bank Withdrawal,20.5,759.35,No
8584-KMVXD,Female,64,No,7384,8,Yes,11.2,Yes,Fiber Optic,17,No,Yes,No,No,No,Month-to-Month,No,Bank Withdrawal,75.6,535.55,No
8467-WYNSR,Male,62,No,14239,22,Yes,37.11,Yes,DSL,15,Yes,No,No,Yes,Yes,Month-to-Month,No,Mailed Check,55.1,1253.15,No
0851-DFJKB,Female,57,No,27394,15,Yes,30.54,Yes,DSL,11,Yes,No,Yes,Yes,Yes,Month-to-Month,No,Bank Withdrawal,58.95,955.15,No
5382-SOYZL,Male,39,No,18650,22,Yes,11.15,Yes,Fiber Optic,17,No,No,No,No,Yes,Month-to-Month,Yes,Bank Withdrawal,95.1,2162.6,No
3261-CQXOL,Female,33,Yes,39888,71,Yes,4.15,No,None,0,No,No,No,No,No,Two Year,No,Bank Withdrawal,25.45,1813.35,No
8388-FYNPZ,Male,26,No,32685,4,Yes,34.69,Yes,DSL,47,Yes,No,Yes,No,Yes,Month-to-Month,No,Bank Withdrawal,56.75,245.15,No
4002-BQWPQ,Male,59,No,3193,25,Yes,25.2,Yes,Cable,23,Yes,Yes,Yes,Yes,Yes,Month-to-Month,No,Bank Withdrawal,81.75,2028.8,No
5651-YLPRD,Female,45,Yes,32873,32,Yes,26.66,Yes,Fiber Optic,57,No,Yes,No,No,No,Month-to-Month,Yes,Bank Withdrawal,86.1,2723.75,No
4378-BZYFP,Male,41,No,77683,17,Yes,42.66,No,None,0,No,No,No,No,No,One Year,Yes,Mailed Check,20.5,365.8,No
7764-BDPEE,Male,50,Yes,11147,3,Yes,19.58,No,None,0,No,No,No,No,No,Month-to-Month,No,Credit Card,20.85,60.65,No
3429-IFLEM,Female,48,No,72993,71,Yes,18.2,Yes,DSL,28,Yes,Yes,Yes,Yes,Yes,Two Year,No,Credit Card,77.35,5550.1,No
5002-GCQFH,Male,30,No,22479,49,Yes,47.17,Yes,Fiber Optic,26,Yes,Yes,No,No,No,Month-to-Month,Yes,Bank Withdrawal,93.85,4733.1,No
0556-FJEGU,Male,26,No,23996,58,Yes,47.47,Yes,DSL,69,No,Yes,Yes,Yes,Yes,Two Year,No,Bank Withdrawal,70.1,4048.95,No
0604-THJFP,Female,40,No,13212,59,Yes,8.28,Yes,DSL,22,No,Yes,No,Yes,Yes,Two Year,Yes,Credit Card,75.95,4542.35,No
5879-SESNB,Female,34,No,16510,11,Yes,33.79,Yes,Fiber Optic,23,No,No,No,No,Yes,Month-to-Month,No,Bank Withdrawal,75.25,888.65,No
6461-PPAXN,Female,20,No,26894,35,Yes,42.18,Yes,Cable,59,Yes,No,No,Yes,Yes,One Year,Yes,Bank Withdrawal,54.95,1916,No
3318-ISQFQ,Female,23,No,42491,20,Yes,10.97,No,None,0,No,No,No,No,No,Month-to-Month,Yes,Bank Withdrawal,19.5,413,No
1106-HRLKZ,Male,21,Yes,27607,40,Yes,22.96,No,None,0,No,No,No,No,No,Two Year,No,Credit Card,19.6,808.95,No
2483-XSSMZ,Female,22,No,17964,39,Yes,25.33,Yes,DSL,82,Yes,No,No,No,No,One Year,Yes,Bank Withdrawal,47.85,1886.4,No
8165-ZJRNM,Female,62,Yes,78816,72,Yes,21.14,No,None,0,No,No,No,No,No,Two Year,No,Bank Withdrawal,23.75,1679.25,No
2604-XVDAM,Female,54,No,494,12,Yes,6.56,Yes,DSL,17,No,No,No,No,Yes,Month-to-Month,No,Bank Withdrawal,43.8,540.95,No
3717-OFRTN,Male,48,No,29636,1,Yes,5.32,No,None,0,No,No,No,No,No,Month-to-Month,No,Bank Withdrawal,19.75,19.75,No
9046-JBFWA,Male,20,Yes,173,27,Yes,30.36,No,None,0,No,No,No,No,No,Month-to-Month,No,Credit Card,19.15,537.35,No
3280-NMUVX,Male,53,No,5246,34,Yes,26.03,No,None,0,No,No,No,No,No,One Year,No,Credit Card,19.6,678.8,No
1206-EHBDD,Female,56,No,8506,56,Yes,4.24,Yes,Fiber Optic,15,Yes,No,Yes,No,Yes,Two Year,No,Bank Withdrawal,80.3,4513.65,No
8361-LBRDI,Female,31,No,9423,58,Yes,38.62,No,None,0,No,No,No,No,No,Two Year,No,Credit Card,24.35,1423.85,No
4883-KCPZJ,Female,30,Yes,223,22,Yes,25.98,No,None,0,No,No,No,No,No,Two Year,No,Credit Card,25.25,555.4,No
9108-EQPNQ,Female,27,Yes,41871,10,Yes,18.57,No,None,0,No,No,No,No,No,Two Year,No,Credit Card,26.1,225.55,No
7277-KAMWT,Male,23,No,36568,13,Yes,1.61,No,None,0,No,No,No,No,No,Two Year,No,Credit Card,20,268.45,No
2545-LXYVJ,Male,19,No,39279,72,Yes,21.72,No,None,0,No,No,No,No,No,Two Year,No,Bank Withdrawal,20.7,1492.1,No
3234-VKACU,Male,21,No,790,2,Yes,23.52,Yes,DSL,48,No,No,No,Yes,Yes,Month-to-Month,No,Bank Withdrawal,70.3,132.4,No
8120-JDCAM,Male,42,Yes,42209,4,Yes,37.23,Yes,Fiber Optic,23,No,No,No,No,Yes,Month-to-Month,Yes,Credit Card,69.55,284.9,No
8917-FAEMR,Female,28,No,37218,37,Yes,26.49,No,None,0,No,No,No,No,No,Two Year,No,Credit Card,19.85,784.25,No
7047-YXDMZ,Male,59,No,51665,21,Yes,34.39,No,None,0,No,No,No,No,No,Month-to-Month,No,Credit Card,20,417.7,No
0929-HYQEW,Male,20,No,54876,3,Yes,17.42,Yes,DSL,59,Yes,No,No,No,Yes,Month-to-Month,Yes,Credit Card,50.15,160.85,No
6614-YOLAC,Female,31,No,28900,71,No,0,Yes,Cable,8,Yes,Yes,No,Yes,Yes,Two Year,No,Credit Card,58.65,4145.25,No
7426-RHZGU,Male,41,No,31392,9,Yes,30.8,Yes,Fiber Optic,3,No,No,No,Yes,Yes,Month-to-Month,Yes,Bank Withdrawal,95.9,827.45,No
4065-JJAVA,Female,56,No,42854,1,Yes,16.99,Yes,DSL,8,No,Yes,No,No,No,Month-to-Month,No,Bank Withdrawal,49.5,49.5,No
7649-SIJJF,Male,36,No,24589,71,Yes,10.97,Yes,DSL,20,Yes,Yes,Yes,Yes,Yes,Two Year,Yes,Credit Card,80.1,5585.4,No
9361-YNQWJ,Female,36,No,21097,64,Yes,15.93,No,None,0,No,No,No,No,No,One Year,Yes,Bank Withdrawal,24.4,1601.2,No
3748-FVMZZ,Male,33,No,29964,4,No,0,Yes,DSL,13,No,No,No,Yes,Yes,Month-to-Month,Yes,Bank Withdrawal,40.05,162.45,No
9391-TTOYH,Female,33,No,36517,23,Yes,13.98,No,None,0,No,No,No,No,No,Month-to-Month,Yes,Credit Card,19.5,470.2,No
1452-XRSJV,Female,59,Yes,11702,39,Yes,15.06,Yes,DSL,11,Yes,No,No,No,Yes,Month-to-Month,No,Credit Card,51.05,2066,No
3422-WJOYD,Male,27,No,15438,28,Yes,33.63,Yes,DSL,48,Yes,No,No,Yes,No,One Year,No,Credit Card,54.35,1426.45,No
7147-AYBAA,Male,62,No,15638,37,Yes,28.84,Yes,Fiber Optic,25,No,No,No,No,Yes,Month-to-Month,Yes,Credit Card,70.35,2552.9,No
6732-FZUGP,Female,30,No,12448,47,Yes,40.25,Yes,Fiber Optic,69,Yes,No,Yes,No,Yes,One Year,No,Credit Card,94.9,4615.25,No
8329-GWVPJ,Female,39,Yes,10737,50,Yes,10.21,Yes,Fiber Optic,23,No,No,No,No,Yes,Month-to-Month,Yes,Bank Withdrawal,69.75,3557.7,No
1352-VHKAJ,Male,30,Yes,10147,27,Yes,13.55,Yes,Cable,59,No,No,No,Yes,No,Month-to-Month,No,Bank Withdrawal,71.6,1957.1,No
2632-TACXW,Female,49,No,28450,62,Yes,8.91,No,None,0,No,No,No,No,No,Two Year,No,Bank Withdrawal,23.65,1416.75,No
8146-QQKZH,Female,25,No,25399,71,Yes,6.23,Yes,DSL,58,Yes,No,Yes,Yes,Yes,Two Year,No,Bank Withdrawal,81.85,5924.4,No
1767-CJKBA,Male,39,No,39089,66,Yes,49.13,No,None,0,No,No,No,No,No,Two Year,No,Credit Card,25.1,1697.7,No
6445-TNRXS,Male,61,Yes,13984,68,Yes,32.59,Yes,Fiber Optic,24,Yes,Yes,Yes,Yes,Yes,Two Year,Yes,Bank Withdrawal,114.7,7849.85,No
4581-LNWUM,Female,47,No,55720,13,No,0,Yes,DSL,27,No,No,Yes,No,Yes,Month-to-Month,No,Bank Withdrawal,49.15,649.4,No
4869-EPIUS,Male,37,No,40239,56,Yes,46.18,Yes,Fiber Optic,24,No,No,No,No,Yes,One Year,Yes,Bank Withdrawal,80.9,4557.5,No
1915-OAKWD,Female,56,No,13065,16,Yes,44.05,No,None,0,No,No,No,No,No,One Year,Yes,Bank Withdrawal,19.3,360.35,No
7296-PIXQY,Female,60,Yes,584,14,Yes,23,Yes,Fiber Optic,17,No,No,No,No,Yes,Month-to-Month,No,Bank Withdrawal,70.2,1046.5,No
3354-OADJP,Female,37,No,1573,8,Yes,42.78,Yes,DSL,27,Yes,No,No,Yes,Yes,One Year,No,Bank Withdrawal,54.25,447.75,No
3524-WQDSG,Female,29,Yes,9038,43,Yes,5.25,Yes,Fiber Optic,59,No,No,Yes,No,Yes,Month-to-Month,Yes,Bank Withdrawal,99.3,4209.95,No
0810-DHDBD,Female,31,No,42544,52,Yes,21.38,Yes,Cable,21,Yes,No,Yes,Yes,Yes,One Year,No,Credit Card,74,3877.65,No
4026-SKKHW,Male,35,No,330,3,Yes,28.19,Yes,Cable,21,No,No,No,Yes,Yes,Month-to-Month,Yes,Credit Card,50.25,152.3,No
2829-HYVZP,Male,42,No,8486,29,Yes,46.12,No,None,0,No,No,No,No,No,One Year,Yes,Credit Card,19.8,572.2,No
3845-JHAMY,Female,48,Yes,1004,16,No,0,Yes,Cable,53,No,No,No,No,No,Month-to-Month,Yes,Credit Card,35.5,552.7,No
7013-PSXHK,Female,41,No,821,40,Yes,33.83,Yes,DSL,19,No,No,Yes,Yes,Yes,One Year,Yes,Credit Card,80.75,3208.65,No
3486-NPGST,Female,47,No,28727,36,Yes,41.33,No,None,0,No,No,No,No,No,One Year,No,Credit Card,19.55,620.75,No
6100-FJZDG,Male,49,No,248,26,Yes,45.28,No,None,0,No,No,No,No,No,One Year,Yes,Bank Withdrawal,20.05,505.9,No
1730-VFMWO,Female,33,No,31930,34,Yes,40.67,Yes,DSL,7,No,No,No,Yes,Yes,Month-to-Month,No,Bank Withdrawal,50.2,1815.3,No
7143-BQIBA,Male,32,No,35419,10,Yes,7.65,Yes,DSL,17,Yes,No,No,Yes,Yes,Month-to-Month,No,Bank Withdrawal,62.25,612.95,No
3800-LYTRK,Female,52,No,1885,14,Yes,27.68,Yes,DSL,26,Yes,No,No,Yes,No,One Year,No,Credit Card,55.7,795.15,No
9646-NMHXE,Male,63,No,548,47,Yes,6.54,No,None,0,No,No,No,No,No,Two Year,No,Credit Card,19.65,973.1,No
7030-NJVDP,Male,36,No,6448,24,Yes,10.23,Yes,Fiber Optic,8,Yes,No,No,Yes,Yes,Month-to-Month,Yes,Bank Withdrawal,89.25,2210.2,No
7771-ZONAT,Male,62,No,1449,22,No,0,Yes,DSL,19,No,No,Yes,Yes,Yes,Two Year,No,Bank Withdrawal,56.75,1304.85,No
2111-DWYHN,Male,31,No,24227,1,Yes,18.81,No,None,0,No,No,No,No,No,Month-to-Month,No,Credit Card,21.1,21.1,No
4194-WHFCB,Female,35,Yes,3373,59,Yes,48.07,Yes,Fiber Optic,53,No,Yes,No,Yes,Yes,Month-to-Month,Yes,Bank Withdrawal,96.65,5580.8,No
4121-AGSIN,Female,44,No,6407,58,Yes,36.45,No,None,0,No,No,No,No,No,One Year,Yes,Credit Card,24.5,1497.9,No
0455-XFASS,Female,61,Yes,44976,3,Yes,1.67,Yes,Fiber Optic,19,No,No,No,No,Yes,Month-to-Month,Yes,Bank Withdrawal,69.55,200.2,No
0301-KOBTQ,Male,50,No,9673,32,Yes,14.91,No,None,0,No,No,No,No,No,Two Year,Yes,Bank Withdrawal,20.05,614.45,No
4367-NUYAO,Male,39,Yes,54431,10,Yes,22.83,No,None,0,No,No,No,No,No,Two Year,No,Credit Card,25.75,257.5,No
9170-ARBTB,Female,41,No,8728,52,Yes,8.25,No,None,0,No,No,No,No,No,One Year,No,Credit Card,19.6,1012.4,No
7241-AJHFS,Male,53,No,48690,32,Yes,6.2,Yes,Fiber Optic,25,Yes,No,No,Yes,No,Month-to-Month,No,Bank Withdrawal,87.65,2766.4,No
4546-FOKWR,Female,35,No,24443,16,Yes,13.04,Yes,Fiber Optic,16,No,No,No,No,Yes,Month-to-Month,Yes,Credit Card,74.75,1129.35,No
9036-CSKBW,Female,62,No,10172,51,Yes,7.54,Yes,Fiber Optic,6,Yes,Yes,Yes,No,Yes,One Year,No,Bank Withdrawal,107.45,5680.9,No
5832-TRLPB,Male,30,No,62848,29,Yes,3.69,Yes,Cable,27,No,No,Yes,Yes,Yes,One Year,Yes,Bank Withdrawal,75.35,2243.9,No
8590-YFFQO,Male,24,No,41707,70,Yes,1.63,Yes,DSL,41,Yes,Yes,Yes,Yes,Yes,Two Year,No,Credit Card,64.95,4523.25,No
8659-IOOPU,Female,25,Yes,899,71,Yes,32.16,Yes,Fiber Optic,59,Yes,No,Yes,Yes,Yes,Two Year,No,Bank Withdrawal,100.45,7159.7,No
1338-CECEE,Male,28,No,77,41,Yes,13.58,Yes,DSL,51,No,Yes,Yes,No,Yes,One Year,No,Bank Withdrawal,68.5,2839.95,No
7439-DKZTW,Male,49,No,813,1,Yes,5.93,Yes,Fiber Optic,19,No,No,No,No,No,Month-to-Month,Yes,Bank Withdrawal,80.55,80.55,No
4646-QZXTF,Female,38,No,3402,7,Yes,12.16,Yes,DSL,9,Yes,No,Yes,Yes,Yes,Month-to-Month,No,Bank Withdrawal,81.25,580.1,No
9742-XOKTS,Male,60,Yes,36349,67,Yes,18.29,Yes,Fiber Optic,11,Yes,Yes,No,Yes,Yes,One Year,No,Bank Withdrawal,89.55,6038.55,No
6921-OZMFH,Male,38,Yes,52986,5,Yes,18.97,Yes,Cable,12,No,No,No,Yes,Yes,Month-to-Month,Yes,Credit Card,55.7,259.4,No
9578-FOMUK,Male,53,Yes,13031,15,Yes,32.54,No,None,0,No,No,No,No,No,Month-to-Month,Yes,Bank Withdrawal,24.8,324.15,No
4712-UYOOI,Female,21,Yes,43192,20,Yes,38.6,No,None,0,No,No,No,No,No,Month-to-Month,No,Bank Withdrawal,20,417.65,No
7722-CVFXN,Male,50,Yes,4563,54,Yes,7.25,Yes,Fiber Optic,57,No,Yes,No,Yes,Yes,One Year,Yes,Bank Withdrawal,105.2,5637.85,No
8717-VCTXJ,Male,32,No,8365,42,Yes,48.41,No,None,0,No,No,No,No,No,One Year,Yes,Credit Card,19.55,839.4,No
7363-QTBIW,Female,24,No,14574,9,Yes,6.78,Yes,Fiber Optic,59,No,No,No,No,Yes,Month-to-Month,Yes,Bank Withdrawal,79.75,769.1,No
4159-NAAIX,Female,24,No,30589,63,Yes,37.76,Yes,Fiber Optic,48,No,Yes,No,No,Yes,Two Year,No,Bank Withdrawal,97.45,6253,No
0971-QIFJK,Female,57,No,9823,69,Yes,39.78,No,None,0,No,No,No,No,No,Two Year,No,Bank Withdrawal,24.25,1641.8,No
9397-TZSHA,Female,24,No,81141,69,Yes,36.5,No,None,0,No,No,No,No,No,Two Year,No,Credit Card,24.6,1678.05,No
3391-JSQEW,Male,32,No,18197,40,Yes,24.3,Yes,DSL,28,No,Yes,No,No,Yes,Month-to-Month,Yes,Credit Card,50.15,2058.5,No
0343-QLUZP,Male,38,No,57748,60,No,0,Yes,DSL,25,Yes,Yes,Yes,No,Yes,Two Year,No,Bank Withdrawal,39.6,2424.5,No
3312-UUMZW,Male,33,No,29914,32,Yes,47.89,Yes,Fiber Optic,9,No,Yes,No,No,Yes,Month-to-Month,Yes,Credit Card,98.85,3145.9,No
1271-UODNO,Male,60,No,31926,39,Yes,5.4,Yes,DSL,16,No,No,No,Yes,Yes,Two Year,Yes,Credit Card,53.85,2200.7,No
8461-EFQYM,Female,36,No,10155,38,Yes,46.18,No,None,0,No,No,No,No,No,One Year,Yes,Bank Withdrawal,24.25,914.4,No
6900-RBKER,Male,32,No,37090,52,Yes,15.1,Yes,Fiber Optic,17,No,No,Yes,No,Yes,Two Year,Yes,Credit Card,89.45,4577.75,No
6891-JPYFF,Female,57,Yes,37127,48,Yes,30.41,Yes,Fiber Optic,53,Yes,Yes,No,No,Yes,Month-to-Month,Yes,Credit Card,105.25,4997.5,No
1459-QNFQT,Male,21,No,59841,70,No,0,Yes,DSL,30,Yes,No,Yes,Yes,Yes,Two Year,No,Bank Withdrawal,59.5,4144.8,No
1047-NNCBF,Male,56,No,59632,20,Yes,3.8,Yes,Fiber Optic,26,No,No,No,No,No,Month-to-Month,No,Credit Card,70.55,1493.55,No
3696-XRIEN,Female,59,No,45257,50,Yes,21.25,Yes,DSL,2,Yes,No,Yes,Yes,Yes,One Year,Yes,Credit Card,82.5,4179.1,No
0074-HDKDG,Male,46,No,27023,25,Yes,6.45,Yes,Cable,19,Yes,Yes,Yes,No,Yes,One Year,Yes,Bank Withdrawal,61.6,1611,No
8791-GFXLZ,Male,58,No,60620,12,Yes,44.78,Yes,DSL,12,No,Yes,No,No,Yes,Month-to-Month,Yes,Bank Withdrawal,49.05,593.05,No
9330-DHBFL,Female,29,No,13481,23,Yes,11.4,Yes,DSL,58,Yes,Yes,Yes,Yes,Yes,One Year,Yes,Credit Card,66.25,1533.8,No
0098-BOWSO,Male,26,No,26389,27,Yes,20.66,No,None,0,No,No,No,No,No,Month-to-Month,Yes,Bank Withdrawal,19.4,529.8,No
5859-HZYLF,Male,45,Yes,26032,26,Yes,43.84,No,None,0,No,No,No,No,No,Two Year,Yes,Credit Card,19.15,515.75,No
3156-QLHBO,Male,58,Yes,36944,2,Yes,21.18,No,None,0,No,No,No,No,No,Month-to-Month,No,Credit Card,19.25,48.35,No
2208-NQBCT,Female,23,Yes,14792,26,Yes,42.95,Yes,Fiber Optic,27,Yes,Yes,No,No,Yes,Month-to-Month,No,Bank Withdrawal,81.95,2070.05,No
6621-NRZAK,Female,40,Yes,38,63,Yes,46.9,No,None,0,No,No,No,No,No,Two Year,No,Credit Card,20,1209.25,No
0831-JNISG,Male,52,Yes,44103,71,Yes,23.34,No,None,0,No,No,No,No,No,Two Year,No,Credit Card,19.8,1396.25,No
0774-IFUVM,Male,19,Yes,7071,11,Yes,16.71,Yes,DSL,59,Yes,No,No,No,Yes,Month-to-Month,Yes,Bank Withdrawal,65.15,723.35,No
9553-DLCLU,Female,30,No,30476,13,Yes,37.03,Yes,DSL,52,Yes,Yes,Yes,Yes,Yes,Two Year,No,Credit Card,88.95,1161.75,No
1641-BYBTK,Male,38,Yes,34138,6,Yes,16.91,No,None,0,No,No,No,No,No,Month-to-Month,Yes,Credit Card,20.2,98.35,No
2446-ZKVAF,Male,19,No,49965,18,Yes,1.28,Yes,DSL,30,No,Yes,No,No,Yes,Month-to-Month,No,Credit Card,56.8,1074.65,No
3522-CDKHF,Female,21,No,40611,32,Yes,19.3,Yes,Fiber Optic,47,Yes,No,No,No,Yes,Month-to-Month,Yes,Bank Withdrawal,75.5,2324.7,No
1430-SFQSA,Male,46,No,6951,29,No,0,Yes,DSL,8,Yes,No,No,Yes,Yes,One Year,No,Mailed Check,35.6,1072.6,No
0411-EZJZE,Female,62,No,23789,3,Yes,20.1,Yes,DSL,29,No,No,No,No,No,Month-to-Month,Yes,Bank Withdrawal,60.25,170.5,No
8807-ARQET,Female,59,No,4264,41,No,0,Yes,Cable,21,No,Yes,No,No,Yes,Month-to-Month,Yes,Bank Withdrawal,40.35,1677.85,No
8992-CEUEN,Female,59,No,5159,1,Yes,7.8,No,None,0,No,No,No,No,No,Month-to-Month,No,Bank Withdrawal,18.85,18.85,No
4320-QMLLA,Male,57,No,115,7,Yes,5.61,Yes,DSL,24,No,No,No,No,Yes,Month-to-Month,No,Mailed Check,54.85,370.4,No
8777-PVYGU,Female,36,No,27,52,Yes,4.22,Yes,DSL,18,Yes,No,Yes,No,Yes,One Year,Yes,Mailed Check,64.3,3410.6,No
8292-ITGYJ,Female,48,Yes,75,45,Yes,20.11,No,None,0,No,No,No,No,No,Two Year,Yes,Bank Withdrawal,24.65,1138.8,No
6870-ZWMNX,Male,55,No,722,70,Yes,33.37,Yes,DSL,9,No,Yes,Yes,Yes,No,Two Year,No,Credit Card,76.1,5264.25,No
0621-CXBKL,Female,62,No,2633,53,Yes,10.32,No,None,0,No,No,No,No,No,Two Year,No,Mailed Check,18.7,1005.7,No
5334-JLAXU,Female,44,No,5094,60,Yes,15.54,Yes,Fiber Optic,19,Yes,Yes,No,No,Yes,Month-to-Month,Yes,Credit Card,94.1,5475.9,No
9359-UGBTK,Female,63,No,3205,67,Yes,5.39,Yes,Cable,9,Yes,No,Yes,Yes,Yes,One Year,Yes,Bank Withdrawal,72.35,4991.5,No
6479-OAUSD,Male,41,No,2718,25,Yes,7.17,No,None,0,No,No,No,No,No,One Year,No,Credit Card,19.9,510.8,No
7129-ACFOG,Female,56,No,1692,5,Yes,49.4,Yes,Cable,22,Yes,No,No,No,No,Month-to-Month,Yes,Bank Withdrawal,53.8,283.95,No
4189-NAKJS,Male,29,No,4353,26,Yes,24.67,Yes,Cable,59,No,No,No,No,Yes,One Year,Yes,Credit Card,51.55,1295.4,No
5562-BETPV,Male,21,No,3930,1,Yes,23.41,No,None,0,No,No,No,No,No,One Year,No,Mailed Check,19.65,19.65,No
9127-FHJBZ,Male,60,Yes,460,72,Yes,32.47,Yes,Fiber Optic,76,Yes,Yes,Yes,Yes,Yes,Two Year,Yes,Bank Withdrawal,114,8093.15,No
6994-ORCWG,Female,33,No,435,14,Yes,21.03,Yes,DSL,7,No,Yes,No,No,Yes,One Year,Yes,Mailed Check,54.25,773.2,No
1346-UFHAX,Female,59,No,4176,13,Yes,33.69,Yes,Fiber Optic,15,Yes,No,No,No,No,Month-to-Month,Yes,Credit Card,80,1029.35,No
2933-XEUJM,Female,56,No,809,46,Yes,46.83,Yes,DSL,2,Yes,No,Yes,No,Yes,Two Year,No,Mailed Check,79.2,3593.8,No
4835-YSJMR,Male,59,No,32881,39,Yes,3.93,Yes,DSL,15,No,No,No,Yes,Yes,Two Year,Yes,Bank Withdrawal,49.8,1971.15,No
3164-YAXFY,Male,56,No,2271,57,No,0,Yes,DSL,30,Yes,No,Yes,No,Yes,Month-to-Month,Yes,Bank Withdrawal,53.75,3196,No
0887-WBJVH,Female,29,No,55,53,Yes,38.35,Yes,Fiber Optic,82,No,No,No,Yes,Yes,One Year,Yes,Bank Withdrawal,93.45,4872.2,No
4660-IRIBM,Male,32,Yes,1508,18,Yes,24.16,Yes,Fiber Optic,19,Yes,No,Yes,No,Yes,Month-to-Month,Yes,Mailed Check,87.9,1500.5,No
7670-ZBPOQ,Female,59,No,5513,58,Yes,26.36,Yes,DSL,8,Yes,No,No,Yes,No,One Year,Yes,Bank Withdrawal,61.05,3478.75,No
0080-OROZO,Female,38,No,579,35,Yes,36.42,Yes,Fiber Optic,2,No,No,Yes,Yes,Yes,One Year,Yes,Bank Withdrawal,99.25,3532,No
3916-NRPAP,Male,21,No,11474,3,Yes,29.84,Yes,Fiber Optic,30,No,No,Yes,No,Yes,Month-to-Month,No,Credit Card,85.7,256.75,No
6807-SIWJI,Male,47,No,3680,38,Yes,4.34,Yes,Fiber Optic,26,Yes,Yes,No,No,Yes,One Year,Yes,Bank Withdrawal,104.85,3887.25,No
8221-HVAYI,Male,60,No,7872,35,Yes,5.06,Yes,Cable,20,Yes,Yes,Yes,Yes,Yes,Two Year,Yes,Credit Card,69.15,2490.15,No
5232-NXPAY,Female,33,No,7177,47,Yes,3.47,Yes,DSL,12,No,No,Yes,Yes,Yes,Two Year,No,Credit Card,74.45,3510.3,No
8967-SZQAS,Female,25,No,128,14,Yes,39.22,Yes,DSL,48,No,Yes,No,No,No,Month-to-Month,No,Bank Withdrawal,50.45,765.45,No
0455-ENTCR,Male,58,No,9559,66,Yes,42.85,Yes,DSL,21,Yes,Yes,No,Yes,Yes,Two Year,No,Bank Withdrawal,85.25,5538.35,No
8944-AILEF,Male,26,No,2130,15,Yes,39.84,No,None,0,No,No,No,No,No,Month-to-Month,Yes,Credit Card,19.45,340.85,No
5542-NKVRU,Female,24,No,1749,42,Yes,18.31,No,None,0,No,No,No,No,No,Two Year,Yes,Bank Withdrawal,20.75,844.45,No
7126-RBHSD,Female,53,No,10834,17,Yes,21.15,Yes,Fiber Optic,4,Yes,No,No,No,Yes,Month-to-Month,No,Bank Withdrawal,78.9,1348.95,No
5370-IIVVL,Male,26,No,3256,37,Yes,38.72,Yes,Fiber Optic,59,No,Yes,No,Yes,Yes,One Year,Yes,Credit Card,104.5,3778,No
6789-HJBWG,Female,20,No,12672,12,Yes,17.14,Yes,DSL,48,No,Yes,No,No,No,Month-to-Month,Yes,Bank Withdrawal,49.4,611.65,No
9087-EYCPR,Female,63,No,36738,60,Yes,39.41,No,None,0,No,No,No,No,No,Two Year,No,Mailed Check,25,1505.05,No
6791-YBNAK,Male,26,Yes,19867,18,No,0,Yes,DSL,52,No,No,No,No,Yes,Month-to-Month,No,Credit Card,25.55,467.85,No
6077-BDPXA,Female,56,No,59289,3,Yes,5.63,Yes,Fiber Optic,15,No,No,No,No,Yes,Month-to-Month,Yes,Bank Withdrawal,70.15,194.2,No
0013-MHZWF,Female,23,Yes,433,9,Yes,16.77,Yes,Cable,73,No,No,No,Yes,Yes,Month-to-Month,Yes,Credit Card,69.4,571.45,No
8268-YDIXR,Male,45,No,23100,56,Yes,40.33,Yes,Fiber Optic,9,Yes,Yes,Yes,No,Yes,One Year,Yes,Bank Withdrawal,93.15,5253.95,No
4291-SHSBH,Male,25,No,27135,7,Yes,8.95,Yes,Fiber Optic,52,No,No,No,No,Yes,Month-to-Month,Yes,Bank Withdrawal,69.55,521.35,No
6980-IMXXE,Female,28,Yes,47613,69,Yes,42.49,No,None,0,No,No,No,No,No,Two Year,No,Bank Withdrawal,20.2,1412.65,No
0040-HALCW,Male,42,Yes,30668,54,Yes,19.7,No,None,0,No,No,No,No,No,Two Year,No,Credit Card,20.4,1090.6,No
0784-GTUUK,Male,26,No,8504,62,Yes,32.28,No,None,0,No,No,No,No,No,One Year,Yes,Credit Card,23.75,1446.8,No
2294-DMMUS,Female,25,Yes,15536,62,Yes,36.54,Yes,DSL,41,No,No,No,No,Yes,Month-to-Month,Yes,Credit Card,70.45,4300.45,No
0872-JCPIB,Male,47,No,235,17,Yes,47.45,Yes,DSL,5,Yes,No,No,No,Yes,Month-to-Month,No,Bank Withdrawal,65.75,1111.2,No
3055-MJDSB,Male,24,No,4150,9,No,0,Yes,DSL,52,No,No,No,No,Yes,Month-to-Month,Yes,Mailed Check,24.6,190.1,No
9091-WTUUY,Male,30,No,12646,64,Yes,25.74,Yes,DSL,51,Yes,No,Yes,Yes,Yes,Two Year,No,Mailed Check,69.25,4447.75,No
7115-IRDHS,Female,64,No,25340,72,Yes,24.42,No,None,0,No,No,No,No,No,Two Year,No,Bank Withdrawal,24.65,1830.05,No
8496-DMZUK,Male,62,No,1519,30,Yes,7.19,Yes,Fiber Optic,18,Yes,Yes,Yes,No,Yes,One Year,No,Bank Withdrawal,90.4,2820.65,No
2040-VZIKE,Female,56,No,1960,49,Yes,44.81,Yes,Fiber Optic,10,Yes,No,No,No,Yes,Month-to-Month,Yes,Mailed Check,100.85,4847.35,No
9068-VPWQQ,Male,21,No,69801,61,Yes,28.8,Yes,Cable,52,Yes,No,Yes,Yes,Yes,Two Year,No,Credit Card,75.35,4729.3,No
0178-SZBHO,Male,54,Yes,3979,47,Yes,1.09,Yes,Fiber Optic,13,No,Yes,No,No,Yes,Month-to-Month,No,Bank Withdrawal,87.2,4017.45,No
0384-RVBPI,Male,64,No,40545,20,Yes,12.6,Yes,DSL,29,Yes,No,Yes,No,Yes,Month-to-Month,No,Credit Card,64.4,1398.6,No
1299-AURJA,Female,43,Yes,4848,70,Yes,30.33,No,None,0,No,No,No,No,No,Two Year,No,Bank Withdrawal,24.7,1685.9,No
4525-VZCZG,Male,58,Yes,274,54,Yes,20.93,Yes,Fiber Optic,11,Yes,Yes,No,Yes,No,One Year,Yes,Bank Withdrawal,105.85,5826.65,No
2788-CJQAQ,Male,39,No,11463,13,Yes,22.31,No,None,0,No,No,No,No,No,One Year,No,Mailed Check,19.45,270.2,No
0319-QZTCO,Female,25,Yes,36125,3,Yes,11.47,Yes,DSL,51,No,Yes,No,No,Yes,Month-to-Month,Yes,Credit Card,58.7,168.6,No
2120-SMPEX,Male,43,No,40270,25,Yes,17.64,No,None,0,No,No,No,No,No,Month-to-Month,Yes,Mailed Check,20.15,536.35,No
0096-FCPUF,Male,58,No,35057,30,Yes,2.64,Yes,DSL,15,Yes,No,No,No,Yes,Month-to-Month,Yes,Mailed Check,64.5,1888.45,No
0668-OGMHD,Female,20,No,22250,21,No,0,Yes,DSL,59,Yes,No,No,No,Yes,Month-to-Month,No,Bank Withdrawal,28.5,629.35,No
9408-HRXRK,Female,63,Yes,747,45,Yes,47.48,Yes,Fiber Optic,20,Yes,Yes,No,No,Yes,Month-to-Month,Yes,Bank Withdrawal,105.15,4730.9,No
5593-SUAOO,Female,60,Yes,1374,24,Yes,41.45,Yes,Fiber Optic,53,No,Yes,Yes,No,Yes,One Year,No,Bank Withdrawal,83.15,2033.05,No
6766-HFKLA,Female,60,No,1575,56,Yes,10.13,Yes,Fiber Optic,13,No,No,Yes,Yes,Yes,Two Year,No,Bank Withdrawal,103.2,5744.35,No
7617-EYGLW,Male,62,No,3684,1,Yes,46.59,No,None,0,No,No,No,No,No,Month-to-Month,No,Bank Withdrawal,19.45,19.45,No
2226-ICFDO,Female,39,No,2296,72,Yes,10.87,Yes,DSL,24,Yes,No,Yes,Yes,Yes,Two Year,Yes,Credit Card,85.9,6110.75,No
5529-GIBVH,Female,57,No,187,47,Yes,3.49,No,None,0,No,No,No,No,No,Two Year,No,Credit Card,20.15,1046.2,No
9992-UJOEL,Male,22,No,383,2,Yes,18.62,Yes,DSL,51,No,Yes,No,No,Yes,Month-to-Month,Yes,Credit Card,50.3,92.75,No
4741-WWJQZ,Female,49,No,6216,2,Yes,26.58,Yes,Fiber Optic,23,Yes,No,No,Yes,Yes,Month-to-Month,Yes,Bank Withdrawal,80.15,194.55,No
6625-UTXEW,Female,26,No,14417,12,Yes,46.88,Yes,Cable,73,No,Yes,No,No,Yes,Month-to-Month,Yes,Bank Withdrawal,51.25,612.1,No
6244-BESBM,Male,61,Yes,2349,69,Yes,12.02,Yes,Fiber Optic,30,No,No,No,Yes,Yes,Two Year,Yes,Credit Card,95.2,6671.7,No
2612-PHGOX,Male,47,No,390,64,Yes,6.59,Yes,Cable,20,No,Yes,Yes,Yes,Yes,Two Year,Yes,Bank Withdrawal,76.1,4818.8,No
8480-PPONV,Male,56,Yes,4913,62,Yes,40.66,Yes,Fiber Optic,21,Yes,Yes,Yes,Yes,Yes,Two Year,No,Bank Withdrawal,115.55,7159.05,No
8780-IHCRN,Male,23,Yes,17979,63,Yes,28.92,No,None,0,No,No,No,No,No,Two Year,No,Credit Card,24.65,1574.5,No
4598-ZADCK,Female,34,No,1373,53,No,0,Yes,DSL,25,Yes,Yes,Yes,Yes,Yes,One Year,Yes,Bank Withdrawal,53.6,2879.2,No
1257-SXUXQ,Male,20,Yes,438,5,Yes,8.04,No,None,0,No,No,No,No,No,Month-to-Month,No,Credit Card,19.45,86.05,No
7182-OVLBJ,Female,32,Yes,1653,62,Yes,28.64,Yes,Fiber Optic,52,Yes,No,No,No,No,Two Year,Yes,Bank Withdrawal,101.15,6638.35,No
5095-ETBRJ,Female,28,No,11180,55,Yes,2.36,Yes,DSL,69,Yes,Yes,No,Yes,Yes,Two Year,No,Credit Card,56.8,3112.05,No
4821-WQOYN,Female,25,Yes,882,72,Yes,22.05,No,None,0,No,No,No,No,No,Two Year,Yes,Credit Card,20.1,1326.25,No
4730-AWNAU,Male,59,No,2644,36,No,0,Yes,DSL,24,Yes,No,Yes,Yes,Yes,One Year,No,Credit Card,60.7,2234.55,No
3452-FLHYD,Male,47,No,3002,25,Yes,25.08,No,None,0,No,No,No,No,No,One Year,Yes,Bank Withdrawal,20.95,495.15,No
9531-NSBMR,Female,44,No,2229,36,Yes,49.85,No,None,0,No,No,No,No,No,One Year,Yes,Bank Withdrawal,19.25,679.8,No
6260-ONULR,Male,55,No,7789,1,Yes,42.19,Yes,Cable,29,No,No,No,No,Yes,Month-to-Month,Yes,Credit Card,62.8,62.8,No
4389-UEFCZ,Female,25,No,1537,72,Yes,21.96,Yes,Fiber Optic,59,Yes,No,Yes,No,Yes,Two Year,Yes,Bank Withdrawal,105.5,7544,No
8711-LOBKY,Male,50,Yes,148,59,Yes,41.19,No,None,0,No,No,No,No,No,Two Year,No,Credit Card,19.85,1188.25,No
8985-OOPOS,Female,54,No,1880,1,Yes,36.05,Yes,DSL,30,No,No,Yes,Yes,Yes,One Year,No,Credit Card,74.1,74.1,No
8800-ZKRFW,Female,62,Yes,1113,30,Yes,24.56,Yes,Fiber Optic,18,No,Yes,Yes,Yes,Yes,Month-to-Month,Yes,Bank Withdrawal,107.5,3242.5,No
2616-FLVQC,Male,42,No,1352,64,Yes,38.96,No,None,0,No,No,No,No,No,Two Year,No,Credit Card,19.55,1240.15,No
9968-FFVVH,Male,20,No,1884,63,Yes,38.37,Yes,Cable,59,Yes,Yes,Yes,Yes,Yes,One Year,No,Bank Withdrawal,68.8,4111.35,No
8390-FESFV,Female,60,No,31266,62,Yes,6.05,Yes,DSL,22,No,Yes,Yes,Yes,Yes,Two Year,No,Bank Withdrawal,84.5,5193.2,No
3022-BEXHZ,Male,19,Yes,34314,67,Yes,40.96,Yes,Fiber Optic,47,No,Yes,Yes,Yes,Yes,Two Year,Yes,Bank Withdrawal,111.2,7530.8,No
6248-TKCQV,Female,37,No,2344,70,Yes,43.81,Yes,DSL,17,Yes,No,No,Yes,Yes,Two Year,Yes,Bank Withdrawal,80.6,5460.2,No
6198-ZFIOJ,Female,50,No,13472,5,Yes,19.3,Yes,Fiber Optic,25,No,No,No,No,No,Month-to-Month,No,Bank Withdrawal,75.6,402.5,No
5989-OMNJE,Female,42,No,23701,24,No,0,Yes,DSL,27,Yes,Yes,Yes,No,Yes,One Year,No,Bank Withdrawal,57.6,1367.75,No
1291-CUOCY,Male,55,No,335,72,Yes,4.32,Yes,Fiber Optic,18,No,Yes,Yes,Yes,Yes,Two Year,Yes,Credit Card,110.6,7962.2,No
9795-SHUHB,Female,26,No,752,66,Yes,24.27,Yes,Cable,59,Yes,Yes,No,Yes,Yes,Two Year,Yes,Credit Card,58.2,3810.8,No
3230-IUALN,Female,41,No,23224,45,Yes,26.01,Yes,Cable,29,Yes,No,Yes,Yes,Yes,Two Year,Yes,Credit Card,81,3533.6,No
0042-RLHYP,Female,47,Yes,23570,69,Yes,38.39,No,None,0,No,No,No,No,No,Two Year,No,Bank Withdrawal,19.7,1396.9,No
4945-RVMTE,Female,57,No,199,28,Yes,38.97,Yes,Cable,3,No,No,Yes,No,Yes,Month-to-Month,Yes,Bank Withdrawal,59.55,1646.45,No
1866-NXPSP,Female,48,No,19596,36,Yes,32,Yes,Cable,23,Yes,Yes,Yes,Yes,No,One Year,Yes,Credit Card,75.55,2680.15,No
3941-XTSKM,Male,32,No,485,42,No,0,Yes,DSL,26,No,Yes,Yes,No,Yes,One Year,Yes,Credit Card,45.1,2049.05,No
1661-CZBAU,Male,50,No,1072,48,Yes,44.76,Yes,DSL,18,Yes,No,No,Yes,Yes,One Year,Yes,Bank Withdrawal,70.95,3629.2,No
5158-RIVOP,Female,32,Yes,228,11,Yes,2.52,No,None,0,No,No,No,No,No,Two Year,No,Credit Card,20.9,202.3,No
9788-YTFGE,Male,47,No,12241,7,Yes,13.86,No,None,0,No,No,No,No,No,Month-to-Month,Yes,Credit Card,19.95,147.5,No
9277-JOOMO,Female,27,No,2423,3,Yes,26.33,No,None,0,No,No,No,No,No,Month-to-Month,No,Credit Card,24.6,86.35,No
1907-YLNYW,Male,47,No,532,8,Yes,41.13,Yes,DSL,27,Yes,No,Yes,No,Yes,Month-to-Month,Yes,Bank Withdrawal,66.7,579,No
8947-YRTDV,Male,42,Yes,3041,32,Yes,43.37,Yes,Fiber Optic,76,Yes,Yes,Yes,No,No,One Year,No,Credit Card,94.8,3131.55,No
3161-ONRWK,Male,35,No,1201,60,Yes,43.57,Yes,DSL,30,Yes,Yes,Yes,Yes,Yes,One Year,Yes,Bank Withdrawal,65.85,3928.3,No
0114-RSRRW,Female,21,No,1215,10,Yes,49.6,No,None,0,No,No,No,No,No,Month-to-Month,Yes,Bank Withdrawal,19.95,187.75,No
4565-NLZBV,Female,33,No,264,71,Yes,43.37,No,None,0,No,No,No,No,No,Two Year,Yes,Bank Withdrawal,24.65,1710.15,No
6682-VCIXC,Female,61,No,265,43,No,0,Yes,Cable,6,Yes,Yes,No,Yes,Yes,One Year,Yes,Bank Withdrawal,51.25,2151.6,No
6475-VHUIZ,Female,47,No,644,23,Yes,38.93,Yes,Cable,4,No,No,Yes,Yes,Yes,Month-to-Month,No,Bank Withdrawal,54.25,1221.55,No
3910-MRQOY,Female,28,No,494,72,Yes,12.87,No,None,0,No,No,No,No,No,Two Year,No,Bank Withdrawal,19.4,1496.45,No
0661-WCQNQ,Male,56,No,574,22,Yes,7.68,Yes,DSL,7,Yes,No,No,Yes,No,One Year,Yes,Credit Card,56.25,1292.2,No
7537-RBWEA,Female,19,No,300,1,No,0,Yes,Cable,52,No,No,No,No,Yes,Month-to-Month,Yes,Credit Card,25.15,25.15,No
4656-CAURT,Male,57,No,163,69,Yes,22.24,No,None,0,No,No,No,No,No,Two Year,No,Bank Withdrawal,23.95,1713.1,No
0121-SNYRK,Male,45,No,1851,50,No,0,Yes,DSL,7,Yes,No,No,Yes,Yes,One Year,Yes,Credit Card,35.4,1748.9,No
3733-LSYCE,Female,22,No,395,15,Yes,30.09,Yes,Fiber Optic,71,No,Yes,No,No,Yes,Month-to-Month,No,Bank Withdrawal,75.35,1114.55,No
6265-FRMTQ,Male,56,No,1125,31,Yes,25.58,No,None,0,No,No,No,No,No,Two Year,No,Bank Withdrawal,20.4,609.1,No
1371-DWPAZ,Female,64,No,400,10,No,0,Yes,DSL,8,Yes,Yes,Yes,Yes,Yes,Two Year,No,Credit Card,56.05,560.5,No
2017-CCBLH,Female,55,No,270,8,Yes,23.46,No,None,0,No,No,No,No,No,Two Year,No,Credit Card,20,141.6,No
7690-KPNCU,Male,20,No,1666,64,Yes,26.64,Yes,DSL,71,Yes,No,Yes,No,Yes,One Year,Yes,Credit Card,73.05,4688.65,No
0536-BGFMZ,Female,27,No,321,28,Yes,42.33,No,None,0,No,No,No,No,No,Month-to-Month,No,Credit Card,20.5,563.05,No
2293-IJWPS,Female,39,No,200,57,Yes,3.72,Yes,Fiber Optic,11,No,No,Yes,No,Yes,One Year,Yes,Credit Card,100.75,5985,No
5469-NUJUR,Male,58,No,259,19,Yes,19.1,No,None,0,No,No,No,No,No,Two Year,Yes,Credit Card,19.95,373.5,No
2625-TRCZQ,Female,21,No,18197,51,No,0,Yes,DSL,42,No,Yes,No,No,Yes,Month-to-Month,Yes,Bank Withdrawal,49.65,2553.35,No
4102-HLENU,Female,51,No,24944,67,Yes,22.83,Yes,Cable,22,Yes,Yes,Yes,No,Yes,Two Year,No,Credit Card,65.65,4322.85,No
7266-GSSJX,Male,43,Yes,12756,11,Yes,16.67,No,None,0,No,No,No,No,No,Month-to-Month,Yes,Bank Withdrawal,20.45,250.8,No
7722-VJRQD,Male,38,No,382,72,No,0,Yes,Cable,15,Yes,No,Yes,Yes,Yes,Two Year,No,Bank Withdrawal,60.95,4549.05,No
7073-QETQY,Male,59,No,262,66,Yes,45.03,No,None,0,No,No,No,No,No,One Year,Yes,Bank Withdrawal,20.35,1359.5,No
5624-RYAMH,Female,43,No,43718,9,Yes,46.94,No,None,0,No,No,No,No,No,Month-to-Month,Yes,Bank Withdrawal,19.5,178.85,No
0196-JTUQI,Female,59,No,1417,9,Yes,9.27,Yes,Fiber Optic,28,No,No,No,No,Yes,Month-to-Month,Yes,Credit Card,75.2,633.85,No
7130-YXBRO,Male,28,No,3674,48,Yes,22.36,Yes,Fiber Optic,59,Yes,Yes,Yes,No,Yes,Month-to-Month,Yes,Bank Withdrawal,111.45,5315.1,No
9272-LSVYH,Male,23,No,699,10,Yes,4.29,Yes,Fiber Optic,85,No,No,No,No,Yes,Month-to-Month,No,Credit Card,70.15,735.5,No
3084-DOWLE,Female,47,No,41636,72,Yes,43.29,Yes,DSL,16,Yes,Yes,Yes,Yes,No,Two Year,No,Bank Withdrawal,92,6474.4,No
1084-MNSMJ,Female,63,No,4097,51,Yes,33.93,Yes,DSL,13,Yes,Yes,Yes,Yes,Yes,Two Year,No,Credit Card,85.5,4421.95,No
6250-CGGUN,Male,41,No,2756,54,Yes,30.66,Yes,Fiber Optic,18,Yes,No,Yes,Yes,Yes,One Year,No,Bank Withdrawal,84.4,4484.05,No
5478-JJVZK,Female,38,No,40750,33,Yes,15.69,Yes,DSL,24,Yes,Yes,No,No,Yes,Month-to-Month,Yes,Credit Card,60.9,2033.85,No
7596-IIWYC,Female,62,No,850,27,Yes,35.77,No,None,0,No,No,No,No,No,Two Year,Yes,Bank Withdrawal,20.25,538.2,No
9793-WECQC,Male,53,No,5714,23,Yes,48.21,Yes,Fiber Optic,23,No,Yes,No,No,Yes,Month-to-Month,No,Credit Card,95.3,2192.9,No
4291-HPAXL,Male,63,Yes,24194,1,Yes,29.1,No,None,0,No,No,No,No,No,Month-to-Month,No,Credit Card,19.85,19.85,No
8999-YPYBV,Male,63,No,2536,45,Yes,30.8,Yes,Cable,3,Yes,Yes,Yes,Yes,Yes,Two Year,Yes,Credit Card,84.35,3858.05,No
1839-FBNFR,Female,35,Yes,2723,39,Yes,32.57,No,None,0,No,No,No,No,No,Two Year,Yes,Bank Withdrawal,19.85,854.8,No
3071-MVJCD,Male,40,No,659,72,Yes,48.44,Yes,Cable,15,Yes,Yes,Yes,Yes,Yes,Two Year,No,Bank Withdrawal,82.3,5815.15,No
1697-BCSHV,Female,44,Yes,228,58,Yes,44.1,Yes,DSL,19,No,Yes,No,No,Yes,Month-to-Month,Yes,Bank Withdrawal,66.8,3970.4,No
0562-KBDVM,Female,62,No,1745,70,No,0,Yes,DSL,11,Yes,Yes,Yes,Yes,Yes,Two Year,Yes,Bank Withdrawal,44.6,3058.15,No
1131-SUEKT,Male,41,Yes,213,61,Yes,41.57,Yes,Fiber Optic,21,No,Yes,No,Yes,Yes,One Year,Yes,Bank Withdrawal,98.45,6145.2,No
3717-OEAUQ,Male,37,No,9752,2,Yes,2.72,Yes,Fiber Optic,14,No,No,No,No,No,Month-to-Month,No,Credit Card,70.7,129.2,No
4538-WNTMJ,Female,39,No,2010,46,Yes,4.6,No,None,0,No,No,No,No,No,One Year,No,Credit Card,24.95,1165.9,No
9432-RUVSL,Female,43,No,129,48,Yes,19.04,Yes,Fiber Optic,21,Yes,No,Yes,Yes,Yes,Two Year,Yes,Credit Card,102.5,4904.25,No
8060-HIWJJ,Male,35,No,15286,64,Yes,14.39,Yes,DSL,7,No,Yes,Yes,Yes,Yes,Two Year,No,Credit Card,86.55,5632.55,No
7684-XSZIY,Male,53,Yes,11191,72,Yes,20.42,No,None,0,No,No,No,No,No,Two Year,No,Bank Withdrawal,24.3,1643.25,No
9089-UOWJG,Female,51,Yes,485,12,Yes,7.97,Yes,DSL,52,No,No,Yes,No,Yes,Month-to-Month,Yes,Credit Card,58.35,740.55,No
8039-ACLPL,Female,29,No,929,72,Yes,12.32,Yes,DSL,59,Yes,Yes,Yes,No,Yes,Two Year,No,Credit Card,68.75,4888.2,No
9885-AIBVB,Male,62,No,6096,29,Yes,39.5,Yes,Fiber Optic,16,No,Yes,Yes,No,No,Month-to-Month,Yes,Bank Withdrawal,85.8,2440.25,No
1934-MKPXS,Male,21,No,751,33,Yes,49.37,No,None,0,No,No,No,No,No,One Year,No,Credit Card,20.1,620.55,No
2592-YKDIF,Female,47,No,32202,1,Yes,44.09,No,None,0,No,No,No,No,No,Month-to-Month,No,Credit Card,20.35,20.35,No
2272-JKMSI,Female,42,Yes,25173,62,Yes,13.25,Yes,Fiber Optic,57,No,Yes,Yes,Yes,Yes,One Year,Yes,Bank Withdrawal,110.8,6840.95,No
8714-CTZJW,Female,24,No,1173,4,Yes,19.84,Yes,Fiber Optic,73,No,No,Yes,No,Yes,Month-to-Month,Yes,Credit Card,82.85,319.6,No
3569-EDBPQ,Female,44,No,4354,24,Yes,25.81,Yes,Fiber Optic,3,Yes,No,No,Yes,Yes,Month-to-Month,Yes,Bank Withdrawal,84.35,1938.05,No
3131-NWVFJ,Female,56,No,5501,14,Yes,19.03,No,None,0,No,No,No,No,No,One Year,No,Mailed Check,19.55,294.5,No
7521-YXVZY,Male,38,Yes,34146,3,Yes,5.15,No,None,0,No,No,No,No,No,Month-to-Month,No,Mailed Check,19.95,58.3,No
2373-NTKOD,Male,40,No,49729,8,Yes,25.72,Yes,Cable,24,No,No,No,No,Yes,Month-to-Month,Yes,Bank Withdrawal,66.25,546.45,No
1970-KKFWL,Female,38,No,3815,35,Yes,6.52,No,None,0,No,No,No,No,No,Two Year,No,Bank Withdrawal,23.3,797.1,No
9337-SRRNI,Male,64,Yes,947,66,Yes,23.81,No,None,0,No,No,No,No,No,Two Year,Yes,Credit Card,25.3,1673.8,No
0895-UADGO,Male,46,No,364,8,No,0,Yes,Cable,4,Yes,No,No,Yes,Yes,Two Year,Yes,Mailed Check,44.55,343.45,No
5678-VFNEQ,Female,19,No,21510,71,Yes,4.39,Yes,Fiber Optic,82,Yes,No,Yes,No,Yes,One Year,Yes,Credit Card,104.1,7412.25,No
5977-CKHON,Female,59,Yes,30614,43,Yes,27.49,Yes,Fiber Optic,53,No,No,Yes,No,Yes,Month-to-Month,Yes,Bank Withdrawal,92.55,4039,No
1830-GGFNM,Male,35,Yes,2958,65,Yes,19.53,Yes,Fiber Optic,19,Yes,Yes,Yes,Yes,Yes,Two Year,No,Credit Card,94.55,6078.75,No
5302-BDJNT,Male,27,No,4610,35,Yes,45.62,Yes,Fiber Optic,59,No,No,Yes,Yes,Yes,Month-to-Month,No,Bank Withdrawal,95.5,3418.2,No
5223-UZAVK,Male,51,No,1472,64,Yes,9.95,Yes,Fiber Optic,2,Yes,Yes,No,No,Yes,One Year,Yes,Credit Card,100.3,6603.8,No
4859-ZSRDZ,Female,58,No,63157,58,No,0,Yes,Cable,11,No,No,Yes,Yes,Yes,Two Year,Yes,Credit Card,55.5,3166.9,No
9350-VLHMB,Male,38,Yes,1273,67,Yes,6.15,Yes,Fiber Optic,53,No,Yes,No,No,Yes,Month-to-Month,Yes,Bank Withdrawal,89.55,6373.1,No
3498-LZGQZ,Male,59,Yes,2344,63,Yes,30.1,No,None,0,No,No,No,No,No,Two Year,Yes,Mailed Check,19.15,1177.05,No
8785-CJSHH,Female,22,No,19050,60,Yes,34.48,Yes,Fiber Optic,51,No,Yes,No,No,Yes,Month-to-Month,Yes,Bank Withdrawal,99.8,5985.75,No
3870-SPZSI,Female,56,Yes,5889,70,Yes,33.25,Yes,Fiber Optic,15,Yes,Yes,Yes,Yes,Yes,Two Year,Yes,Credit Card,113.05,7869.05,No
7560-QRBXH,Female,32,No,38547,48,Yes,9.19,No,None,0,No,No,No,No,No,One Year,No,Mailed Check,19.95,936.7,No
7077-XJMET,Male,63,No,751,12,Yes,49.39,Yes,DSL,5,No,No,Yes,Yes,Yes,Month-to-Month,Yes,Bank Withdrawal,74.15,741.4,No
4652-ODEVH,Male,43,Yes,350,45,Yes,47.31,No,None,0,No,No,No,No,No,Two Year,No,Mailed Check,24.45,1088.25,No
6510-UPNKS,Female,21,No,185,23,Yes,43.77,No,None,0,No,No,No,No,No,One Year,No,Credit Card,24.8,615.35,No
6718-BDGHG,Female,64,No,407,43,Yes,12.98,Yes,DSL,8,No,No,No,Yes,Yes,One Year,Yes,Bank Withdrawal,64.85,2908.2,No
9046-DQMTP,Male,49,No,183,35,Yes,17.92,No,None,0,No,No,No,No,No,Month-to-Month,No,Bank Withdrawal,20.75,739.9,No
6439-LAJXL,Male,47,No,69,9,Yes,34.64,Yes,DSL,7,Yes,Yes,No,Yes,Yes,Month-to-Month,Yes,Mailed Check,68.95,593.85,No
1666-JZPZT,Male,61,No,25,27,Yes,2.69,Yes,Cable,15,No,No,No,No,Yes,Month-to-Month,No,Mailed Check,49,1291.35,No
5777-KJIRB,Female,61,No,31,40,Yes,23.28,Yes,Cable,6,No,No,Yes,No,Yes,One Year,Yes,Credit Card,50.25,2023.55,No
7677-SJJJK,Male,26,No,20675,8,Yes,48.39,No,None,0,No,No,No,No,No,One Year,No,Credit Card,19.9,153.95,No
3253-HKOKL,Female,31,Yes,47065,52,Yes,7.99,Yes,Fiber Optic,19,Yes,No,Yes,No,Yes,One Year,No,Bank Withdrawal,100.3,5244.45,No
7055-HNEOJ,Male,34,No,22028,3,Yes,4.19,Yes,Cable,6,No,No,Yes,Yes,Yes,Month-to-Month,Yes,Mailed Check,55.8,154.55,No
5514-YQENT,Male,29,Yes,15494,41,Yes,30.58,Yes,Fiber Optic,59,Yes,Yes,Yes,Yes,Yes,Two Year,Yes,Bank Withdrawal,111.15,4507.15,No
3211-AAPKX,Male,26,No,15022,20,Yes,23.22,Yes,Fiber Optic,59,No,No,No,Yes,Yes,Month-to-Month,Yes,Mailed Check,98.55,2031.95,No
8445-DNBAE,Male,24,Yes,16599,1,Yes,43.05,Yes,DSL,69,No,No,No,No,Yes,Month-to-Month,Yes,Bank Withdrawal,50.05,50.05,No
2958-NHPPS,Male,45,No,16164,23,Yes,35.32,No,None,0,No,No,No,No,No,Month-to-Month,No,Bank Withdrawal,20.85,473.9,No
1735-XMJVH,Male,51,Yes,21313,8,Yes,34.87,No,None,0,No,No,No,No,No,Month-to-Month,Yes,Mailed Check,19.35,152.6,No
6890-PFRQX,Male,56,No,15975,18,Yes,12.21,Yes,DSL,8,Yes,No,Yes,No,Yes,Month-to-Month,No,Mailed Check,69.5,1199.4,No
5899-OUVKV,Male,56,No,35426,31,Yes,45.92,Yes,Fiber Optic,18,No,Yes,No,No,Yes,Month-to-Month,Yes,Bank Withdrawal,94.5,2979.2,No
8681-ICONS,Male,20,Yes,44683,29,Yes,24.64,No,None,0,No,No,No,No,No,Month-to-Month,Yes,Mailed Check,20.65,654.85,No
1621-YNCJH,Female,54,No,72199,36,Yes,19.24,Yes,Fiber Optic,18,Yes,Yes,Yes,Yes,No,Two Year,Yes,Credit Card,106.05,3834.4,No
6362-QHAFM,Male,53,No,30715,42,Yes,42.45,Yes,Fiber Optic,11,No,No,Yes,Yes,Yes,One Year,Yes,Bank Withdrawal,108.3,4586.15,No
3070-BDOQC,Female,38,No,19611,60,Yes,16.81,Yes,Fiber Optic,21,No,Yes,Yes,No,Yes,Two Year,Yes,Bank Withdrawal,99.65,5941.05,No
6234-PFPXL,Male,42,No,11396,22,Yes,35.62,Yes,Fiber Optic,29,Yes,No,No,Yes,Yes,Month-to-Month,No,Credit Card,95.9,2234.95,No
9824-QCJPK,Male,47,No,592,36,Yes,21.77,No,None,0,No,No,No,No,No,One Year,No,Mailed Check,20,666.75,No
4283-IVYCI,Male,40,No,9063,9,Yes,27.53,Yes,Cable,11,Yes,No,No,Yes,Yes,Month-to-Month,No,Credit Card,64.95,547.8,No
1866-OBPNR,Male,28,Yes,31422,1,Yes,42.99,Yes,Fiber Optic,59,No,Yes,No,No,Yes,Month-to-Month,No,Credit Card,74.6,74.6,No
8205-MQUGY,Male,39,Yes,8403,12,Yes,9.58,Yes,Cable,57,Yes,No,No,No,No,Month-to-Month,Yes,Bank Withdrawal,49.2,571.15,No
8970-ANWXO,Female,37,No,854,23,Yes,35.03,Yes,DSL,3,No,No,No,Yes,Yes,One Year,Yes,Credit Card,73.75,1756.6,No
9480-BQJEI,Male,35,No,264,62,Yes,24.35,Yes,Fiber Optic,16,Yes,Yes,No,No,Yes,One Year,Yes,Bank Withdrawal,92.3,5731.45,No
6979-TNDEU,Female,42,No,20993,8,Yes,14.32,No,None,0,No,No,No,No,No,Month-to-Month,No,Credit Card,19.2,156.85,No
9777-WJJPR,Male,46,No,31373,31,Yes,29.77,Yes,Fiber Optic,12,No,No,Yes,No,Yes,Month-to-Month,No,Credit Card,88.65,2683.2,No
9495-SKLKD,Male,54,Yes,38091,45,Yes,22.31,Yes,Fiber Optic,19,No,Yes,Yes,No,Yes,Month-to-Month,Yes,Bank Withdrawal,95.95,4456.65,No
5067-DGXLL,Male,35,No,118,2,Yes,15.83,No,None,0,No,No,No,No,No,Month-to-Month,No,Credit Card,20.25,36.8,No
6281-FKEWS,Female,58,No,1279,44,No,0,Yes,Cable,3,No,No,Yes,No,Yes,One Year,Yes,Bank Withdrawal,49.05,2265,No
8898-KASCD,Male,41,No,3169,39,No,0,Yes,DSL,14,No,No,Yes,Yes,Yes,One Year,No,Credit Card,35.55,1309.15,No
9242-TKFSV,Male,53,No,1477,72,No,0,Yes,DSL,15,Yes,Yes,Yes,Yes,Yes,Two Year,Yes,Credit Card,65.1,4754.3,No
0743-HNPFG,Female,50,No,303,51,Yes,17.95,Yes,DSL,14,Yes,Yes,No,Yes,Yes,One Year,Yes,Credit Card,69.75,3562.5,No
5035-PGZXH,Female,49,No,35808,56,Yes,32.43,Yes,Fiber Optic,2,No,Yes,Yes,No,No,One Year,Yes,Bank Withdrawal,106.8,5914.4,No
8695-WDYEA,Male,32,No,32848,1,Yes,39.3,Yes,DSL,26,Yes,No,No,No,Yes,Month-to-Month,No,Credit Card,51.25,51.25,No
6543-JXSOO,Female,30,No,282,23,Yes,12.88,Yes,DSL,41,Yes,Yes,No,Yes,Yes,One Year,Yes,Credit Card,57.75,1282.85,No
8605-ITULD,Female,21,No,178,1,Yes,5.1,No,None,0,No,No,No,No,No,Month-to-Month,No,Credit Card,19.55,19.55,No
6416-YJTTB,Male,20,No,404,11,Yes,8.48,Yes,Fiber Optic,52,Yes,No,Yes,No,Yes,Month-to-Month,Yes,Bank Withdrawal,79.5,795.65,No
4472-VESGY,Female,41,Yes,3524,52,Yes,31.09,Yes,Fiber Optic,28,Yes,Yes,Yes,No,Yes,Month-to-Month,No,Bank Withdrawal,98.15,4993.4,No
3195-TQDZX,Male,19,No,587,3,Yes,1.57,No,None,0,No,No,No,No,No,Month-to-Month,Yes,Bank Withdrawal,20.25,61.45,No
3128-YOVTD,Female,29,Yes,452,51,Yes,2.53,Yes,Fiber Optic,71,Yes,Yes,No,No,Yes,Month-to-Month,Yes,Bank Withdrawal,79.15,4018.55,No
7041-TXQJH,Female,64,No,76,37,No,0,Yes,Cable,6,No,No,Yes,No,Yes,Month-to-Month,Yes,Credit Card,40.2,1478.85,No
5014-GSOUQ,Male,59,No,23990,13,Yes,18.73,No,None,0,No,No,No,No,No,Two Year,No,Credit Card,19.95,243.65,No
5724-BIDBU,Male,29,No,9752,49,Yes,42.19,Yes,Cable,52,Yes,No,No,No,Yes,One Year,Yes,Bank Withdrawal,55.35,2633.95,No
1769-GRUIK,Female,19,No,9763,18,Yes,2.76,Yes,Fiber Optic,26,No,No,No,No,No,Month-to-Month,Yes,Bank Withdrawal,71.1,1247.75,No
8819-WFGGJ,Male,42,No,531,68,No,0,Yes,Cable,16,Yes,No,Yes,No,Yes,Two Year,Yes,Bank Withdrawal,54.1,3794.5,No
7427-AUFPY,Male,27,No,1931,54,Yes,25.72,No,None,0,No,No,No,No,No,Two Year,No,Credit Card,19.65,1008.7,No
7898-PDWQE,Male,22,No,1146,71,Yes,18.04,Yes,DSL,41,Yes,Yes,Yes,Yes,Yes,Two Year,No,Credit Card,80.4,5727.15,No
9972-EWRJS,Female,56,Yes,301,67,Yes,48.75,No,None,0,No,No,No,No,No,Two Year,Yes,Bank Withdrawal,19.25,1372.9,No
9314-IJWSQ,Female,46,Yes,776,14,Yes,26.58,Yes,Fiber Optic,53,No,No,No,No,Yes,Month-to-Month,Yes,Bank Withdrawal,84.8,1203.9,No
5799-JRCZO,Female,48,Yes,565,63,Yes,24.32,No,None,0,No,No,No,No,No,Two Year,No,Credit Card,19.5,1215.1,No
1921-KYSAY,Female,36,No,6439,41,Yes,36.93,Yes,DSL,30,No,No,Yes,Yes,Yes,One Year,Yes,Bank Withdrawal,68.6,2877.05,No
6198-RTPMF,Female,46,No,1519,17,Yes,9.22,Yes,Fiber Optic,13,No,No,No,No,Yes,Month-to-Month,No,Bank Withdrawal,92.6,1579.7,No
2924-KHUVI,Male,28,No,13706,56,Yes,46.9,Yes,Fiber Optic,48,Yes,No,No,No,Yes,One Year,Yes,Bank Withdrawal,100.55,5514.95,No
1925-GMVBW,Female,49,No,17782,5,Yes,24.53,No,None,0,No,No,No,No,No,Month-to-Month,No,Credit Card,20.55,96.1,No
6184-DYUOB,Female,28,No,1254,3,Yes,41.9,No,None,0,No,No,No,No,No,Month-to-Month,Yes,Credit Card,19.6,55.25,No
9207-ZPANB,Male,42,No,28318,37,Yes,13.04,Yes,DSL,14,Yes,Yes,Yes,Yes,Yes,One Year,No,Bank Withdrawal,67.45,2443.3,No
9327-QSDED,Male,44,No,6189,8,Yes,7.02,Yes,DSL,23,No,No,No,No,No,Month-to-Month,No,Credit Card,43.55,335.4,No
1656-DRSMG,Female,40,No,26971,63,Yes,19.01,Yes,Fiber Optic,20,No,Yes,Yes,Yes,Yes,Month-to-Month,Yes,Credit Card,109.85,7002.95,No
3012-VFFMN,Female,61,Yes,74,7,Yes,5.01,No,None,0,No,No,No,No,No,Month-to-Month,No,Credit Card,20.65,158.95,No
2984-AFWNC,Female,52,No,1601,3,Yes,17.01,Yes,Fiber Optic,28,No,Yes,No,No,Yes,Month-to-Month,No,Bank Withdrawal,95.4,293.15,No
0640-YJTPY,Male,19,Yes,963,72,Yes,5.7,No,None,0,No,No,No,No,No,Two Year,No,Bank Withdrawal,21,1493.75,No
8096-LOIST,Female,57,No,28,19,Yes,40.22,Yes,Cable,22,No,No,No,No,Yes,Month-to-Month,Yes,Bank Withdrawal,56.2,1093.4,No
9764-REAFF,Female,60,No,844,59,Yes,26.99,No,None,0,No,No,No,No,No,Two Year,No,Bank Withdrawal,18.4,1057.85,No
7107-UBYKY,Female,62,Yes,3193,35,Yes,24.76,No,None,0,No,No,No,No,No,Month-to-Month,Yes,Bank Withdrawal,25.75,882.55,No
4881-GQJTW,Male,64,No,513,14,Yes,8.54,No,None,0,No,No,No,No,No,Month-to-Month,No,Credit Card,19.6,300.4,No
7876-DNYAP,Female,29,Yes,145,69,Yes,8.39,No,None,0,No,No,No,No,No,Two Year,No,Credit Card,19.8,1436.95,No
2882-WDTBA,Male,64,No,8812,69,Yes,44.33,Yes,Cable,18,Yes,Yes,Yes,Yes,Yes,Two Year,Yes,Bank Withdrawal,75.75,5388.15,No
2091-GPPIQ,Female,56,No,34967,72,Yes,26.04,Yes,Cable,6,No,Yes,No,Yes,Yes,Two Year,Yes,Bank Withdrawal,78.95,5730.15,No
5071-FBJFS,Female,61,Yes,31586,4,Yes,44.64,Yes,Cable,21,Yes,No,No,No,Yes,Month-to-Month,No,Bank Withdrawal,50.3,217.1,No
2796-UUZZO,Male,30,Yes,30338,63,Yes,18.88,Yes,Fiber Optic,48,No,Yes,Yes,No,No,Month-to-Month,Yes,Credit Card,80.3,4896.35,No
2429-AYKKO,Male,52,No,41476,72,Yes,3.43,No,None,0,No,No,No,No,No,Two Year,No,Bank Withdrawal,19.85,1434.1,No
9798-OPFEM,Female,42,No,615,46,Yes,32.78,No,None,0,No,No,No,No,No,Two Year,Yes,Bank Withdrawal,21.1,937.1,No
3794-NFNCH,Male,53,No,899,30,Yes,23.16,Yes,DSL,6,No,No,Yes,No,Yes,Month-to-Month,Yes,Credit Card,50,1474.9,No
5193-QLVZB,Male,52,No,595,63,Yes,48.75,Yes,Fiber Optic,21,No,Yes,Yes,No,Yes,Two Year,Yes,Bank Withdrawal,104.75,6536.5,No
7114-AEOZE,Female,53,No,269,60,Yes,31.12,No,None,0,No,No,No,No,No,Two Year,No,Bank Withdrawal,19.85,1128.1,No
5522-NYKPB,Male,26,Yes,4552,25,Yes,11.79,Yes,Fiber Optic,59,No,No,No,Yes,Yes,Month-to-Month,No,Bank Withdrawal,85.9,2199.05,No
6518-KZXCB,Male,61,No,344,22,Yes,4.79,No,None,0,No,No,No,No,No,Two Year,No,Credit Card,25.25,566.5,No
2245-ADZFJ,Female,58,No,228,31,Yes,28.52,Yes,DSL,2,No,Yes,No,Yes,Yes,Two Year,No,Bank Withdrawal,80.55,2471.6,No
7776-QGYJC,Female,64,Yes,6277,39,Yes,40.68,Yes,Fiber Optic,76,No,No,Yes,Yes,Yes,Month-to-Month,Yes,Bank Withdrawal,81.5,3107.3,No
9313-QOLTZ,Male,31,No,2664,26,Yes,31.73,No,None,0,No,No,No,No,No,Month-to-Month,No,Credit Card,20.9,518.3,No
4672-FOTSD,Male,54,No,1162,12,Yes,45.8,Yes,DSL,4,Yes,Yes,No,Yes,Yes,Month-to-Month,Yes,Bank Withdrawal,67.25,832.3,No
9818-XQCUV,Female,52,No,2602,2,Yes,25.92,No,None,0,No,No,No,No,No,Month-to-Month,No,Credit Card,20.35,45.3,No
7338-ERIVA,Male,40,No,2156,39,No,0,Yes,DSL,13,Yes,No,No,Yes,Yes,One Year,No,Bank Withdrawal,45.05,1790.6,No
8259-NFJTV,Female,37,Yes,84,7,No,0,Yes,Cable,17,Yes,No,No,Yes,Yes,Month-to-Month,No,Credit Card,34.65,246.6,No
6968-GMKPR,Female,39,No,373,55,Yes,22.34,Yes,Fiber Optic,4,No,Yes,Yes,No,Yes,Month-to-Month,Yes,Bank Withdrawal,81.55,4509.5,No
4751-ERMAN,Male,43,No,392,72,Yes,42.16,Yes,Cable,18,No,Yes,Yes,No,Yes,Two Year,Yes,Bank Withdrawal,75.4,5480.25,No
1436-ZMJAN,Female,62,No,3357,10,Yes,37.08,Yes,Cable,7,No,No,Yes,No,Yes,Month-to-Month,Yes,Credit Card,67.8,653.15,No
0799-DDIHE,Female,24,Yes,616,15,Yes,24.27,Yes,Cable,27,No,No,No,No,Yes,Month-to-Month,No,Bank Withdrawal,46.3,639.45,No
3070-FNFZQ,Female,48,Yes,1294,23,Yes,39.59,No,None,0,No,No,No,No,No,Two Year,No,Bank Withdrawal,20.4,478.75,No
2812-SFXMJ,Male,46,Yes,397,1,Yes,7.66,No,None,0,No,No,No,No,No,Month-to-Month,No,Credit Card,20.05,20.05,No
5014-WUQMG,Male,23,Yes,1026,47,Yes,15.59,Yes,Fiber Optic,52,Yes,Yes,Yes,No,Yes,One Year,Yes,Bank Withdrawal,96.1,4391.45,No
5312-TSZVC,Female,36,No,268,15,Yes,23.56,No,None,0,No,No,No,No,No,One Year,No,Credit Card,19.65,270.6,No
2782-JEEBU,Male,39,No,3756,21,No,0,Yes,DSL,9,No,Yes,No,Yes,Yes,Month-to-Month,Yes,Credit Card,36,780.15,No
5127-BZENZ,Female,62,No,1554,56,Yes,39.72,Yes,DSL,11,Yes,No,No,No,Yes,One Year,No,Bank Withdrawal,65.2,3512.15,No
2720-FVBQP,Female,28,Yes,1586,6,Yes,24.83,Yes,Cable,82,No,No,No,No,Yes,Month-to-Month,Yes,Credit Card,48.95,273.25,No
4522-XRWWI,Male,30,No,598,42,Yes,17.31,Yes,Cable,82,Yes,No,No,Yes,Yes,One Year,No,Credit Card,80.45,3375.9,No
3766-EJLFL,Female,55,Yes,78,68,Yes,18.42,Yes,Fiber Optic,53,Yes,No,Yes,Yes,Yes,Two Year,Yes,Bank Withdrawal,109.05,7508.55,No
5939-SXWHM,Male,59,Yes,830,48,Yes,20.73,No,None,0,No,No,No,No,No,Two Year,No,Bank Withdrawal,26.3,1245.05,No
7643-RCHXS,Female,31,Yes,431,63,Yes,41.84,No,None,0,No,No,No,No,No,Two Year,No,Bank Withdrawal,19.35,1263.85,No
8246-SHFGA,Male,24,No,7309,17,Yes,34.02,No,None,0,No,No,No,No,No,Month-to-Month,No,Credit Card,21.1,385.55,No
0620-XEFWH,Male,41,Yes,829,4,Yes,39.04,No,None,0,No,No,No,No,No,Month-to-Month,No,Credit Card,18.85,84.2,No
6485-QXWWE,Female,51,Yes,182,62,Yes,2.83,No,None,0,No,No,No,No,No,Two Year,No,Bank Withdrawal,26,1638.7,No
7321-VGNKU,Female,45,No,263,2,Yes,7.7,Yes,Fiber Optic,22,No,No,No,No,No,Month-to-Month,Yes,Bank Withdrawal,70.35,120.25,No
5327-CNLUQ,Male,33,No,433,48,Yes,6.1,Yes,Fiber Optic,18,Yes,Yes,Yes,No,Yes,Two Year,Yes,Bank Withdrawal,96.9,4473.45,No
7552-KEYGT,Male,53,No,215,27,Yes,44.19,No,None,0,No,No,No,No,No,Two Year,No,Bank Withdrawal,19.55,520.55,No
5816-JMLGY,Female,28,No,26438,70,Yes,39.78,Yes,DSL,52,No,Yes,Yes,Yes,Yes,Two Year,Yes,Bank Withdrawal,80.4,5717.85,No
2927-QRRQV,Male,44,No,88,46,Yes,10.13,Yes,Fiber Optic,3,No,Yes,Yes,No,Yes,One Year,Yes,Bank Withdrawal,94.65,4312.5,No
6265-SXWBU,Male,35,Yes,4231,69,Yes,42.45,Yes,Fiber Optic,27,No,Yes,Yes,No,Yes,One Year,No,Credit Card,95.75,6511.25,No
7941-RCJOW,Male,34,No,405,65,Yes,44.7,No,None,0,No,No,No,No,No,Two Year,Yes,Credit Card,19.55,1218.65,No
2387-KDZQY,Male,46,No,3749,17,Yes,31.6,No,None,0,No,No,No,No,No,One Year,Yes,Credit Card,20.1,279.5,No
3584-WKTTW,Male,23,No,5896,51,Yes,39.32,Yes,Fiber Optic,76,Yes,No,Yes,Yes,Yes,One Year,Yes,Bank Withdrawal,111.55,5720.35,No
3399-BMLVW,Male,40,No,843,51,Yes,9.53,Yes,DSL,10,Yes,Yes,No,Yes,Yes,Two Year,No,Credit Card,60.5,3121.45,No
1971-DTCZB,Female,52,No,9538,72,Yes,42.64,Yes,DSL,15,Yes,Yes,Yes,Yes,Yes,Two Year,Yes,Bank Withdrawal,90.95,6468.6,No
3374-PZLXD,Male,31,No,1839,34,Yes,36.52,No,None,0,No,No,No,No,No,Month-to-Month,No,Credit Card,19.7,675.6,No
3813-DHBBB,Male,39,No,857,67,No,0,Yes,DSL,6,Yes,Yes,No,Yes,Yes,Two Year,Yes,Bank Withdrawal,50.95,3521.7,No
2812-REYAT,Female,56,No,650,49,Yes,22.1,No,None,0,No,No,No,No,No,One Year,Yes,Bank Withdrawal,20.05,923.1,No
6518-PPLMZ,Male,38,Yes,88,53,Yes,25.32,No,None,0,No,No,No,No,No,Two Year,Yes,Credit Card,19.4,1110.35,No
4939-KYYPY,Male,55,No,1332,27,Yes,33.94,Yes,Cable,25,No,No,Yes,Yes,Yes,Month-to-Month,No,Bank Withdrawal,59.45,1611.65,No
5930-GBIWP,Male,46,No,1177,69,Yes,3.24,Yes,Cable,26,Yes,Yes,Yes,Yes,Yes,Two Year,Yes,Credit Card,81.5,5553.25,No
6022-KOUQO,Female,51,Yes,132,2,No,0,Yes,Cable,27,No,No,No,Yes,Yes,Month-to-Month,No,Bank Withdrawal,29.05,44.75,No
2361-UPSND,Female,45,No,946,46,Yes,44.75,Yes,DSL,27,Yes,Yes,No,Yes,Yes,One Year,No,Credit Card,70.6,3231.05,No
6035-RIIOM,Female,39,No,3093,54,Yes,31.55,Yes,Fiber Optic,8,No,Yes,No,No,Yes,Two Year,Yes,Bank Withdrawal,97.2,5129.45,No
9504-DSHWM,Male,53,No,385,20,Yes,33.14,Yes,DSL,17,Yes,No,No,Yes,No,Month-to-Month,No,Bank Withdrawal,59.2,1191.2,No
5035-BVCXS,Male,20,No,1822,11,Yes,13.55,Yes,Fiber Optic,27,No,Yes,No,No,Yes,Month-to-Month,Yes,Credit Card,75.9,866.4,No
3533-UVMOM,Male,56,No,957,68,Yes,11.94,Yes,DSL,3,Yes,Yes,Yes,No,Yes,Two Year,No,Bank Withdrawal,70.95,4741.45,No
1478-VPOAD,Female,39,No,322,1,Yes,37.5,Yes,DSL,3,No,No,No,No,Yes,Month-to-Month,No,Bank Withdrawal,43.8,43.8,No
9995-HOTOH,Male,36,No,348,63,No,0,Yes,Cable,5,Yes,Yes,Yes,No,Yes,Two Year,No,Bank Withdrawal,59,3707.6,No
2988-PLAHS,Female,58,No,227,3,Yes,29.51,Yes,Cable,17,No,No,Yes,No,No,One Year,Yes,Bank Withdrawal,69.95,220.45,No
1371-OJCEK,Female,25,No,408,48,Yes,13.67,No,None,0,No,No,No,No,No,One Year,No,Bank Withdrawal,24.35,1133.7,No
4999-IEZLT,Male,45,No,19440,66,No,0,Yes,Cable,15,No,No,No,Yes,Yes,One Year,No,Credit Card,29.45,1983.15,No
8883-ANODQ,Female,44,Yes,72,68,Yes,24.94,Yes,Fiber Optic,30,No,Yes,Yes,No,Yes,Two Year,Yes,Credit Card,84.4,5746.75,No
2351-RRBUE,Female,20,No,2595,7,Yes,41.64,No,None,0,No,No,No,No,No,One Year,No,Mailed Check,20.65,134.05,No
5980-BDHPY,Male,48,No,162,72,Yes,12.02,Yes,Cable,26,Yes,Yes,Yes,Yes,Yes,Two Year,Yes,Bank Withdrawal,87.1,6230.1,No
1498-DQNRX,Female,46,No,4158,29,Yes,5.69,No,None,0,No,No,No,No,No,Month-to-Month,No,Mailed Check,19.85,573.05,No
9469-WEJBT,Male,56,No,1943,37,Yes,6.99,Yes,Fiber Optic,22,No,No,Yes,Yes,No,Month-to-Month,Yes,Bank Withdrawal,90.35,3419.3,No
2581-VKIRT,Female,57,No,4806,59,Yes,14.49,Yes,Cable,25,Yes,Yes,No,Yes,Yes,One Year,No,Mailed Check,65.5,3801.3,No
2851-MMUTZ,Female,29,No,678,27,Yes,1.31,Yes,Cable,53,No,Yes,No,Yes,Yes,Month-to-Month,Yes,Mailed Check,56.15,1439.35,No
3307-TLCUD,Male,36,No,54492,17,No,0,Yes,Cable,10,Yes,No,Yes,No,Yes,Month-to-Month,No,Mailed Check,34.4,592.75,No
6625-FLENO,Male,31,No,44586,58,Yes,18.68,No,None,0,No,No,No,No,No,Two Year,No,Credit Card,20.75,1185.95,No
2967-MXRAV,Male,29,No,58198,1,Yes,43.57,No,None,0,No,No,No,No,No,One Year,No,Mailed Check,18.8,18.8,No
8189-HBVRW,Female,50,No,43019,53,Yes,2.51,Yes,Fiber Optic,19,Yes,Yes,Yes,No,No,Month-to-Month,No,Bank Withdrawal,90.8,4921.2,No
4163-KIUHY,Male,21,No,62784,35,Yes,39.84,No,None,0,No,No,No,No,No,Month-to-Month,Yes,Bank Withdrawal,25.6,901.25,No
3500-NSDOA,Male,35,No,30852,68,Yes,11.12,Yes,Cable,10,No,Yes,No,Yes,Yes,Two Year,No,Credit Card,70.8,4859.95,No
1171-TYKUR,Male,20,No,1957,47,Yes,10.07,No,None,0,No,No,No,No,No,Month-to-Month,No,Bank Withdrawal,25.4,1139.2,No
1219-NNDDO,Female,51,No,15140,9,Yes,42.41,Yes,Fiber Optic,8,No,No,No,No,Yes,Month-to-Month,Yes,Bank Withdrawal,76.85,663.55,No
8388-DMKAE,Female,41,No,46984,8,Yes,15.86,No,None,0,No,No,No,No,No,Two Year,No,Mailed Check,20.25,174.65,No
4403-BWPAY,Male,40,No,20692,14,Yes,33.5,No,None,0,No,No,No,No,No,One Year,Yes,Credit Card,24.8,321.7,No
9659-QEQSY,Female,26,No,47143,45,Yes,33.73,Yes,Fiber Optic,30,Yes,Yes,Yes,Yes,Yes,Month-to-Month,Yes,Bank Withdrawal,115.65,5125.5,No
5405-ZMYXQ,Female,21,No,67520,8,Yes,1.28,Yes,Fiber Optic,42,No,No,No,No,Yes,Month-to-Month,Yes,Credit Card,74.6,548.9,No
1442-OKRJE,Male,40,Yes,3012,66,Yes,39.45,Yes,Fiber Optic,19,Yes,Yes,Yes,No,Yes,One Year,Yes,Bank Withdrawal,103.15,7031.3,No
4737-AQCPU,Male,39,No,68701,72,Yes,42.55,Yes,DSL,18,Yes,Yes,Yes,Yes,Yes,Two Year,No,Credit Card,72.1,5016.65,No
2808-CHTDM,Female,47,Yes,44150,23,Yes,35.86,No,None,0,No,No,No,No,No,Two Year,No,Mailed Check,25.1,611.45,No
0793-TWELN,Female,27,No,73686,4,Yes,6.5,Yes,Fiber Optic,73,Yes,No,No,No,Yes,Month-to-Month,Yes,Bank Withdrawal,80.15,319.85,No
3283-WCWXT,Male,58,Yes,48727,6,Yes,31.73,No,None,0,No,No,No,No,No,Two Year,No,Mailed Check,25.4,153.3,No
5451-MHQOF,Male,64,No,38415,56,Yes,32.93,No,None,0,No,No,No,No,No,One Year,Yes,Mailed Check,24.45,1431.65,No
4836-WNFNO,Female,56,No,46960,72,Yes,39.98,No,None,0,No,No,No,No,No,Two Year,No,Credit Card,25,1849.2,No
9225-BZLNZ,Male,64,No,49431,72,Yes,16.58,Yes,DSL,30,Yes,Yes,Yes,No,Yes,Two Year,Yes,Bank Withdrawal,85.25,6083.1,No
0354-VXMJC,Male,60,Yes,58218,23,Yes,34.04,No,None,0,No,No,No,No,No,Two Year,No,Credit Card,19.6,426.65,No
4422-QVIJA,Female,52,Yes,27799,35,Yes,38.82,Yes,DSL,19,No,No,No,No,No,Month-to-Month,No,Mailed Check,50.15,1655.35,No
8332-OSJDW,Male,54,No,32562,12,Yes,45.15,No,None,0,No,No,No,No,No,One Year,No,Mailed Check,26.4,314.95,No
4735-BJKOU,Female,33,No,29310,40,Yes,8.36,No,None,0,No,No,No,No,No,Two Year,No,Mailed Check,20.15,804.85,No
0274-JKUJR,Male,21,Yes,9805,7,No,0,Yes,Cable,47,Yes,Yes,Yes,No,Yes,Month-to-Month,No,Credit Card,58.85,465.7,No
5740-YHGTW,Male,62,Yes,27866,70,Yes,32.38,Yes,Fiber Optic,53,Yes,Yes,No,No,Yes,Month-to-Month,Yes,Credit Card,97.55,6669.05,No
8917-SZTTJ,Male,31,Yes,64672,60,Yes,21.98,No,None,0,No,No,No,No,No,Two Year,No,Credit Card,19.65,1161.75,No
1696-MZVAU,Male,27,No,44764,39,No,0,Yes,DSL,48,No,No,No,No,Yes,One Year,Yes,Credit Card,25.25,947.75,No
7359-WWYJV,Male,53,No,87383,72,Yes,6.29,Yes,Fiber Optic,8,Yes,Yes,Yes,Yes,Yes,Two Year,No,Credit Card,114.45,8375.05,No
4906-ZHGPK,Male,49,No,49839,54,Yes,48.45,Yes,DSL,28,No,Yes,No,Yes,Yes,One Year,Yes,Bank Withdrawal,70.7,3770,No
3795-GWTRD,Female,58,No,21739,63,Yes,6.33,Yes,Cable,30,Yes,Yes,Yes,Yes,Yes,Two Year,No,Credit Card,75.55,4707.85,No
1298-PHBTI,Male,40,Yes,33523,71,Yes,33.67,Yes,Fiber Optic,75,No,Yes,No,Yes,Yes,Two Year,Yes,Bank Withdrawal,84.8,6152.4,No
6223-DHJGV,Female,56,No,8115,42,Yes,23.25,No,None,0,No,No,No,No,No,One Year,Yes,Credit Card,20.65,958.1,No
6961-MJKBO,Male,27,No,44004,47,Yes,6.61,No,None,0,No,No,No,No,No,Two Year,No,Bank Withdrawal,20.45,943,No
8158-WPEZG,Male,20,No,24511,11,No,0,Yes,DSL,73,No,Yes,No,Yes,Yes,Month-to-Month,Yes,Bank Withdrawal,35.65,425.1,No
0727-BNRLG,Male,41,No,24505,69,Yes,49.35,Yes,Fiber Optic,30,No,Yes,Yes,Yes,Yes,Two Year,Yes,Credit Card,97.65,6743.55,No
6435-SRWBJ,Female,21,No,21728,5,Yes,29.74,Yes,Fiber Optic,42,No,No,Yes,Yes,Yes,Month-to-Month,Yes,Bank Withdrawal,82.75,417.75,No
9964-WBQDJ,Female,19,No,20408,71,Yes,24.72,No,None,0,No,No,No,No,No,Two Year,Yes,Credit Card,24.4,1725.4,No
6303-KFWSL,Female,28,No,21,29,Yes,39.35,Yes,DSL,69,No,Yes,No,No,Yes,One Year,Yes,Bank Withdrawal,55.25,1620.2,No
1702-CCFNJ,Male,39,No,10470,52,Yes,44.65,Yes,Cable,3,No,Yes,No,Yes,Yes,Month-to-Month,No,Bank Withdrawal,61.35,3169.55,No
8932-CZHRQ,Male,40,No,105285,68,Yes,20.29,Yes,DSL,29,Yes,Yes,Yes,No,Yes,One Year,No,Credit Card,76.75,5233.25,No
0386-CWRGM,Female,61,Yes,21397,46,Yes,47.5,No,None,0,No,No,No,No,No,Two Year,No,Credit Card,19.4,967.85,No
5515-RUGKN,Male,63,No,8321,8,Yes,30.53,Yes,DSL,26,No,No,No,No,Yes,Month-to-Month,Yes,Credit Card,54.75,438.05,No
0404-AHASP,Male,23,No,11355,72,Yes,27.97,No,None,0,No,No,No,No,No,Two Year,No,Credit Card,19.7,1421.9,No
7279-NMVJC,Female,38,No,47305,17,Yes,25.62,No,None,0,No,No,No,No,No,One Year,No,Bank Withdrawal,19.9,323.15,No
2081-VEYEH,Male,42,No,51387,3,Yes,12.66,Yes,Fiber Optic,28,No,Yes,Yes,Yes,Yes,Month-to-Month,Yes,Bank Withdrawal,107.95,318.6,No
9060-HJJRW,Female,52,No,15195,51,No,0,Yes,DSL,24,No,Yes,Yes,No,Yes,One Year,Yes,Credit Card,56.4,2928.5,No
2587-YNLES,Female,52,Yes,24908,6,Yes,25.05,No,None,0,No,No,No,No,No,Two Year,No,Credit Card,20.1,100.35,No
7398-SKNQZ,Female,51,No,40152,3,Yes,2.97,Yes,Fiber Optic,7,No,No,No,No,Yes,Month-to-Month,No,Bank Withdrawal,94.9,273.2,No
1958-RNRKS,Male,62,No,16041,30,Yes,5.56,Yes,DSL,8,No,No,No,No,No,Month-to-Month,No,Bank Withdrawal,49.9,1441.95,No
5136-RGMZO,Male,39,No,47758,31,Yes,6.4,Yes,Cable,24,No,Yes,No,Yes,Yes,Month-to-Month,Yes,Bank Withdrawal,71.05,2168.15,No
8345-MVDYC,Female,57,No,9960,45,Yes,37.39,Yes,DSL,30,Yes,No,Yes,Yes,Yes,Two Year,No,Bank Withdrawal,81.65,3618.7,No
8226-BXGES,Male,30,No,26442,64,Yes,13.8,Yes,Fiber Optic,48,Yes,Yes,Yes,No,Yes,One Year,No,Bank Withdrawal,89.45,5692.65,No
1015-OWJKI,Male,46,No,33300,1,Yes,5.02,No,None,0,No,No,No,No,No,Month-to-Month,No,Credit Card,19.05,19.05,No
2040-XBAVJ,Male,51,Yes,11,72,Yes,24.95,Yes,Fiber Optic,13,Yes,Yes,Yes,Yes,Yes,Two Year,No,Bank Withdrawal,114.45,8100.55,No
8887-IPQNC,Female,61,No,33758,7,Yes,31.43,Yes,DSL,24,No,No,No,No,No,Month-to-Month,Yes,Credit Card,44.25,313.45,No
8646-JCOMS,Female,43,No,28094,66,Yes,11.72,Yes,Fiber Optic,20,No,Yes,Yes,Yes,Yes,One Year,Yes,Bank Withdrawal,90.55,6130.95,No
1222-KJNZD,Male,61,Yes,24979,40,Yes,1.89,No,None,0,No,No,No,No,No,Month-to-Month,Yes,Bank Withdrawal,20.4,745.3,No
0106-GHRQR,Male,24,No,41263,16,Yes,25.71,Yes,DSL,48,No,Yes,Yes,No,Yes,Month-to-Month,Yes,Bank Withdrawal,71.4,1212.1,No
3768-VHXQO,Male,19,No,37322,67,Yes,3.28,No,None,0,No,No,No,No,No,Two Year,No,Credit Card,24.85,1583.5,No
8952-WCVCD,Female,45,No,96267,41,Yes,9.85,Yes,Fiber Optic,14,Yes,Yes,Yes,No,Yes,One Year,Yes,Bank Withdrawal,104.45,4162.05,No
2418-TPEUN,Female,58,Yes,5451,56,Yes,48.56,No,None,0,No,No,No,No,No,Two Year,Yes,Credit Card,19.8,1119.9,No
3963-RYFNS,Female,25,No,31021,72,Yes,48.52,Yes,Fiber Optic,51,Yes,Yes,Yes,Yes,No,Two Year,Yes,Bank Withdrawal,116.45,8013.55,No
8540-ZQGEA,Female,58,No,11264,54,Yes,32.72,No,None,0,No,No,No,No,No,Two Year,No,Credit Card,20.05,1102.4,No
4137-JOPHL,Female,63,No,30779,50,Yes,29.8,Yes,Fiber Optic,26,No,No,Yes,Yes,Yes,Two Year,Yes,Bank Withdrawal,89.7,4304.5,No
7801-CEDNV,Male,33,No,28680,27,Yes,9.01,Yes,DSL,5,Yes,No,No,No,Yes,One Year,No,Credit Card,48.7,1421.75,No
3658-QQJYD,Male,56,No,5221,62,Yes,38.33,Yes,Cable,30,Yes,Yes,No,No,Yes,One Year,Yes,Credit Card,74.3,4698.05,No
1803-BGNBD,Female,59,No,11509,12,Yes,37.63,Yes,DSL,26,No,Yes,No,Yes,No,Month-to-Month,Yes,Bank Withdrawal,54.3,654.5,No
6950-TWMYB,Male,31,Yes,19975,54,Yes,46.7,Yes,Fiber Optic,75,No,Yes,No,Yes,Yes,Two Year,Yes,Bank Withdrawal,79.95,4362.05,No
5848-FHRFC,Female,49,No,26099,68,Yes,2.83,No,None,0,No,No,No,No,No,Two Year,No,Bank Withdrawal,20.05,1386.9,No
2243-FNMMI,Male,20,No,40705,20,Yes,31.02,No,None,0,No,No,No,No,No,Month-to-Month,No,Credit Card,19.4,415.4,No
2511-MORQY,Male,46,No,17058,50,Yes,10.33,Yes,DSL,6,No,No,Yes,No,Yes,One Year,No,Bank Withdrawal,54.9,2614.1,No
5356-KZCKT,Male,42,No,41979,58,Yes,2.38,No,None,0,No,No,No,No,No,Two Year,Yes,Credit Card,24.45,1513.6,No
9470-XCCEM,Male,41,Yes,31678,35,Yes,48.08,Yes,Fiber Optic,53,No,Yes,No,No,No,Month-to-Month,Yes,Bank Withdrawal,89.65,3161.6,No
6519-CFDBX,Female,31,No,34873,2,Yes,10.81,Yes,Cable,13,No,No,No,No,Yes,Month-to-Month,Yes,Bank Withdrawal,45.4,80.95,No
3902-MIVLE,Male,35,No,32050,63,Yes,12.15,Yes,DSL,21,Yes,No,Yes,Yes,Yes,Two Year,No,Credit Card,75.7,4676.7,No
0409-WTMPL,Female,35,No,26265,58,Yes,37.95,Yes,Fiber Optic,18,Yes,Yes,Yes,No,Yes,One Year,Yes,Credit Card,110.65,6526.65,No
8763-KIAFH,Female,37,No,19109,27,Yes,20.96,No,None,0,No,No,No,No,No,One Year,Yes,Credit Card,20.55,583.3,No
3669-WHAFY,Female,57,No,37887,71,Yes,9.44,Yes,Fiber Optic,9,Yes,Yes,Yes,Yes,Yes,Two Year,Yes,Credit Card,115.15,8078.1,No
3055-VTCGS,Female,35,No,38181,63,Yes,27.38,Yes,DSL,9,No,No,Yes,No,Yes,One Year,No,Credit Card,58.55,3503.5,No
3144-KMTWZ,Male,40,No,32148,71,Yes,26.56,Yes,Fiber Optic,7,No,Yes,Yes,No,No,Month-to-Month,Yes,Bank Withdrawal,93.25,6669.45,No
2007-QVGAW,Female,51,Yes,47344,68,Yes,46.61,No,None,0,No,No,No,No,No,Two Year,Yes,Bank Withdrawal,19.35,1292.65,No
5207-PLSTK,Male,32,Yes,67354,1,Yes,26.26,Yes,DSL,22,Yes,No,No,No,Yes,Month-to-Month,Yes,Credit Card,48.75,48.75,No
2155-AMQRX,Female,37,No,103214,28,Yes,3.25,Yes,Cable,11,No,No,No,Yes,Yes,Month-to-Month,Yes,Credit Card,54.9,1505.15,No
6181-AXXYF,Male,54,Yes,63288,72,Yes,47.69,No,None,0,No,No,No,No,No,Two Year,No,Credit Card,24.75,1859.1,No
5091-HFAZW,Female,36,No,16271,2,Yes,46.78,Yes,Fiber Optic,12,Yes,Yes,No,No,No,Month-to-Month,Yes,Bank Withdrawal,91.15,168.5,No
1568-LJSZU,Male,39,No,24660,68,Yes,38.38,Yes,DSL,20,Yes,Yes,Yes,Yes,Yes,Two Year,Yes,Credit Card,92.2,6392.85,No
7416-CKTEP,Female,54,No,20890,57,Yes,23.28,No,None,0,No,No,No,No,No,Two Year,Yes,Bank Withdrawal,19.6,1134.25,No
2586-CWXVV,Male,45,No,14852,54,No,0,Yes,Cable,9,No,Yes,No,No,Yes,Month-to-Month,No,Bank Withdrawal,30.4,1621.35,No
2348-KCJLT,Female,60,No,21343,44,Yes,44.87,Yes,Cable,20,Yes,Yes,Yes,No,No,One Year,Yes,Credit Card,61.5,2722.2,No
8401-EMUWF,Male,64,Yes,55306,42,Yes,16.67,Yes,Cable,17,Yes,Yes,No,No,Yes,Month-to-Month,Yes,Bank Withdrawal,69.4,3058.3,No
4193-IBKSW,Male,27,Yes,58639,72,Yes,35.33,No,None,0,No,No,No,No,No,Two Year,No,Bank Withdrawal,24.75,1769.6,No
5377-NDTOU,Female,26,No,21279,71,Yes,9.5,Yes,Cable,76,Yes,Yes,Yes,Yes,Yes,Two Year,No,Credit Card,91.05,6293.75,No
2474-LCNUE,Female,20,No,1107,23,Yes,14.53,Yes,Cable,48,No,No,No,Yes,Yes,Month-to-Month,Yes,Credit Card,73.65,1642.75,No
0839-QNXME,Female,35,No,174,30,Yes,9.27,No,None,0,No,No,No,No,No,Two Year,No,Credit Card,19.4,578.5,No
3506-OVLKD,Male,40,No,53323,35,Yes,49.13,No,None,0,No,No,No,No,No,One Year,No,Bank Withdrawal,26.2,954.9,No
6650-VJONK,Male,54,No,25566,1,Yes,15.9,Yes,Cable,27,No,No,No,No,No,Month-to-Month,Yes,Bank Withdrawal,43.85,43.85,No
2178-PMGCJ,Male,22,No,38427,22,Yes,15.77,Yes,Fiber Optic,42,No,No,No,No,Yes,Month-to-Month,Yes,Credit Card,69.7,1490.4,No
7492-TAFJD,Male,26,No,31352,7,No,0,Yes,Cable,58,Yes,Yes,Yes,No,Yes,Two Year,No,Credit Card,38.55,280,No
2773-MADBQ,Female,46,No,43467,36,No,0,Yes,Cable,9,Yes,Yes,Yes,Yes,Yes,Two Year,Yes,Credit Card,53.1,1901.25,No
6016-LVTJQ,Female,39,Yes,91664,34,Yes,9.66,No,None,0,No,No,No,No,No,Month-to-Month,No,Credit Card,20.65,716.4,No
7860-KSUGX,Male,25,No,49647,72,Yes,32.67,Yes,Cable,48,Yes,Yes,Yes,No,Yes,Two Year,No,Credit Card,64.45,4720,No
8966-KZXXA,Male,48,Yes,31556,36,Yes,34.79,No,None,0,No,No,No,No,No,Two Year,No,Credit Card,25.1,930.95,No
5149-QYTTU,Female,35,Yes,19034,71,Yes,34.53,Yes,Fiber Optic,19,Yes,Yes,Yes,Yes,No,One Year,Yes,Credit Card,95.15,6770.85,No
2085-BOJKI,Male,33,No,425,17,Yes,28.83,Yes,Fiber Optic,5,No,No,Yes,No,Yes,One Year,Yes,Bank Withdrawal,96.65,1588.25,No
0817-HSUSE,Male,26,No,36243,1,Yes,5.63,Yes,Cable,52,No,No,Yes,Yes,Yes,Month-to-Month,Yes,Bank Withdrawal,75.5,75.5,No
5442-PPTJY,Male,44,Yes,30028,12,Yes,4.71,No,None,0,No,No,No,No,No,Two Year,No,Credit Card,19.7,258.35,No
1927-QEWMY,Female,51,No,30933,72,Yes,43.91,No,None,0,No,No,No,No,No,Two Year,No,Credit Card,20.5,1502.25,No
1663-MHLHE,Male,33,No,27414,1,Yes,35.88,No,None,0,No,No,No,No,No,Month-to-Month,No,Credit Card,19.2,19.2,No
4450-MDZFX,Male,50,Yes,41067,60,Yes,38.44,Yes,Fiber Optic,57,No,No,No,No,Yes,Month-to-Month,No,Bank Withdrawal,74.35,4453.3,No
6701-DHKWQ,Female,38,No,7527,61,No,0,Yes,DSL,17,No,Yes,Yes,Yes,Yes,Two Year,No,Credit Card,51.35,3244.4,No
7554-AKDQF,Female,27,No,10558,6,Yes,5.69,Yes,DSL,27,No,No,No,No,Yes,Month-to-Month,No,Credit Card,45.65,323.45,No
0794-YVSGE,Male,29,Yes,16812,72,Yes,27.16,No,None,0,No,No,No,No,No,Two Year,No,Bank Withdrawal,20.3,1401.15,No
5423-BHIXO,Female,42,No,27891,32,Yes,32.02,Yes,DSL,3,No,Yes,No,No,Yes,Month-to-Month,Yes,Bank Withdrawal,54.2,1739.6,No
6908-VVYHM,Male,52,No,38460,65,Yes,19.84,Yes,Fiber Optic,2,No,Yes,No,No,No,Month-to-Month,Yes,Bank Withdrawal,90.65,5931,No
2959-EEXWB,Female,54,Yes,10253,45,No,0,Yes,DSL,18,Yes,No,No,No,Yes,Month-to-Month,Yes,Bank Withdrawal,50.9,2333.85,No
1839-UMACK,Male,20,No,23742,42,Yes,27.64,No,None,0,No,No,No,No,No,One Year,No,Bank Withdrawal,25.05,949.85,No
3030-YDNRM,Male,64,No,32369,8,Yes,11.58,Yes,Fiber Optic,7,No,No,No,No,Yes,Month-to-Month,Yes,Bank Withdrawal,74.85,572.45,No
7321-KKSDU,Male,38,Yes,13158,32,Yes,16.94,No,None,0,No,No,No,No,No,Two Year,No,Credit Card,20.5,696.8,No
8286-AFUYI,Male,33,No,14493,1,Yes,46.23,Yes,DSL,25,Yes,No,No,No,Yes,Month-to-Month,No,Bank Withdrawal,47.95,47.95,No
8356-WUAOJ,Female,25,No,41390,1,Yes,40.63,Yes,DSL,52,No,No,No,No,No,Month-to-Month,Yes,Bank Withdrawal,45,45,No
9350-ZXYJC,Female,24,No,29110,4,Yes,9.75,No,None,0,No,No,No,No,No,Two Year,Yes,Credit Card,25.3,116.95,No
8958-JPTRR,Female,23,No,23661,56,Yes,21.21,No,None,0,No,No,No,No,No,One Year,No,Bank Withdrawal,24.3,1261.7,No
6959-GQEGV,Male,61,No,23519,45,Yes,10.36,Yes,DSL,6,Yes,No,Yes,No,Yes,Month-to-Month,Yes,Bank Withdrawal,75.95,3273.8,No
3173-WSSUE,Female,22,Yes,49242,71,Yes,22.36,No,None,0,No,No,No,No,No,Two Year,No,Credit Card,19.7,1415.85,No
1265-HVPZB,Male,49,No,43857,59,Yes,16.06,Yes,DSL,4,Yes,Yes,Yes,No,Yes,One Year,No,Credit Card,66.4,3958.2,No
4115-UMJFQ,Male,37,No,23637,69,No,0,Yes,DSL,19,No,Yes,Yes,No,No,One Year,Yes,Bank Withdrawal,35.75,2492.25,No
7369-TRPFD,Male,62,No,35325,19,Yes,17.17,No,None,0,No,No,No,No,No,One Year,No,Credit Card,18.8,279.2,No
1098-KFQEC,Female,24,Yes,27614,55,Yes,27.75,No,None,0,No,No,No,No,No,Two Year,No,Credit Card,19.4,1083,No
7190-XHTWJ,Female,48,No,37779,38,Yes,32.63,No,None,0,No,No,No,No,No,One Year,No,Mailed Check,19.3,755.5,No
5296-BFCYD,Male,35,Yes,33389,46,Yes,14.91,No,None,0,No,No,No,No,No,Two Year,Yes,Mailed Check,20.1,936.85,No
9359-JANWS,Female,22,No,57017,65,Yes,34.31,Yes,DSL,71,Yes,No,Yes,Yes,Yes,Two Year,No,Credit Card,58.9,3857.1,No
3279-DYZQM,Male,21,Yes,40077,71,Yes,11.3,No,None,0,No,No,No,No,No,Two Year,No,Mailed Check,19.45,1378.45,No
9575-IWCAZ,Male,37,No,17846,6,Yes,47.29,No,None,0,No,No,No,No,No,One Year,No,Mailed Check,25.1,171,No
7940-UQQUG,Female,42,Yes,42526,64,Yes,13.95,Yes,Fiber Optic,11,Yes,No,No,Yes,Yes,One Year,Yes,Bank Withdrawal,104.4,6721.6,No
3961-SXAXY,Male,49,No,33057,1,Yes,30.73,Yes,Cable,10,No,No,No,No,Yes,Month-to-Month,Yes,Bank Withdrawal,44.05,44.05,No
7010-BRBUU,Male,48,Yes,25988,72,Yes,19.64,No,None,0,No,No,No,No,No,Two Year,No,Credit Card,24.1,1734.65,No
3566-HJGPK,Male,50,No,36123,1,Yes,16.34,Yes,DSL,4,No,No,No,No,Yes,Month-to-Month,Yes,Mailed Check,45.55,45.55,No
3062-ICYZQ,Female,41,Yes,14814,51,Yes,27.23,Yes,Fiber Optic,75,Yes,Yes,No,No,Yes,Month-to-Month,Yes,Bank Withdrawal,93.8,4539.35,No
9938-PRCVK,Female,45,Yes,9937,41,Yes,23.95,No,None,0,No,No,No,No,No,Two Year,No,Bank Withdrawal,19.7,804.25,No
0973-KYVNF,Female,59,No,22177,72,Yes,43.12,Yes,Cable,22,Yes,Yes,Yes,No,Yes,Two Year,Yes,Credit Card,70.65,5011.15,No
5129-HHMZC,Female,64,No,40376,43,Yes,21.08,Yes,Cable,14,Yes,Yes,No,Yes,Yes,Two Year,No,Credit Card,86.45,3574.5,No
9637-CDTKZ,Male,64,No,42239,72,Yes,23.27,Yes,Fiber Optic,3,Yes,Yes,Yes,Yes,Yes,Two Year,Yes,Credit Card,114.1,8086.4,No
3946-JEWRQ,Male,21,No,22085,47,Yes,20.93,Yes,Fiber Optic,85,No,No,No,No,No,One Year,Yes,Credit Card,95.2,4563,No
7873-CVMAW,Male,61,No,51348,72,Yes,46.1,Yes,DSL,27,Yes,Yes,Yes,Yes,Yes,Two Year,No,Credit Card,88.55,6362.35,No
0463-WZZKO,Male,23,No,50047,3,Yes,16.39,No,None,0,No,No,No,No,No,Month-to-Month,Yes,Credit Card,20.75,67.1,No
4524-QCSSM,Male,39,No,13129,26,No,0,Yes,DSL,6,Yes,Yes,No,No,Yes,Month-to-Month,Yes,Bank Withdrawal,44.65,1156.55,No
5832-EXGTT,Male,28,Yes,18112,29,Yes,1.41,Yes,DSL,73,Yes,No,No,No,Yes,Month-to-Month,Yes,Credit Card,60.2,1834.15,No
2039-JONDJ,Male,50,No,25882,27,Yes,20.29,Yes,DSL,21,Yes,Yes,No,No,Yes,One Year,No,Bank Withdrawal,55.45,1477.65,No
7217-JYHOQ,Male,30,Yes,29245,24,Yes,44.57,Yes,Cable,26,Yes,Yes,No,Yes,Yes,Month-to-Month,Yes,Credit Card,70.3,1706.45,No
6695-FRVEC,Male,60,No,18539,67,Yes,21.17,Yes,Cable,13,Yes,No,Yes,Yes,No,Two Year,Yes,Bank Withdrawal,60.4,3953.7,No
9894-QMIMJ,Female,55,No,16996,23,Yes,9.04,Yes,DSL,8,No,Yes,Yes,No,Yes,One Year,No,Bank Withdrawal,55.8,1327.85,No
8069-YQQAJ,Male,63,No,26157,14,No,0,Yes,Cable,12,No,Yes,No,No,Yes,Month-to-Month,Yes,Mailed Check,31.1,419.7,No
3466-WAESX,Male,46,Yes,39064,16,Yes,13.99,Yes,DSL,18,Yes,Yes,No,No,Yes,Month-to-Month,Yes,Bank Withdrawal,69.1,1083.7,No
9281-PKKZE,Female,47,No,57775,46,No,0,Yes,DSL,8,No,No,No,No,Yes,Month-to-Month,Yes,Bank Withdrawal,43.95,2007.85,No
3638-VBZTA,Male,62,No,76890,68,Yes,11.5,Yes,DSL,29,Yes,Yes,No,Yes,Yes,Two Year,Yes,Bank Withdrawal,86.5,5882.75,No
7459-IMVYU,Male,51,No,66754,38,Yes,28,Yes,DSL,22,Yes,Yes,Yes,Yes,No,Month-to-Month,No,Bank Withdrawal,69.95,2657.55,No
8563-OYMQY,Male,49,No,33817,17,Yes,34.98,Yes,Fiber Optic,21,No,Yes,Yes,No,Yes,Month-to-Month,Yes,Credit Card,90.95,1612.2,No
0754-EEBDC,Male,25,Yes,17554,4,Yes,24.57,No,None,0,No,No,No,No,No,Two Year,No,Mailed Check,19.9,76.65,No
5777-ZPQNC,Female,35,No,25068,12,Yes,26.67,No,None,0,No,No,No,No,No,One Year,No,Bank Withdrawal,20.15,260.7,No
1951-IEYXM,Male,57,No,51970,72,Yes,34.97,Yes,Cable,11,Yes,Yes,Yes,Yes,Yes,Two Year,Yes,Credit Card,90.6,6441.85,No
3318-NMQXL,Male,58,No,30211,3,Yes,15.6,Yes,Fiber Optic,9,No,No,No,No,Yes,Month-to-Month,Yes,Bank Withdrawal,92,266.8,No
1022-RKXDR,Female,38,No,45645,41,Yes,32.66,No,None,0,No,No,No,No,No,One Year,Yes,Mailed Check,24.85,962.25,No
2361-FJWNO,Male,55,No,23079,40,No,0,Yes,Cable,12,No,Yes,No,Yes,No,One Year,No,Credit Card,36,1382.9,No
2272-UOINI,Female,44,No,12937,7,Yes,3.34,Yes,Cable,13,Yes,Yes,No,Yes,Yes,Month-to-Month,Yes,Bank Withdrawal,78.5,571.05,No
8232-UTFOZ,Male,24,No,25135,69,Yes,7.18,No,None,0,No,No,No,No,No,Two Year,No,Credit Card,19.95,1399.35,No
3750-YHRYO,Male,64,No,24973,7,Yes,21.09,No,None,0,No,No,No,No,No,One Year,No,Mailed Check,20.65,150,No
6637-KYRCV,Female,22,Yes,84965,5,No,0,Yes,DSL,59,No,Yes,No,No,Yes,Month-to-Month,Yes,Bank Withdrawal,30.5,167.2,No
5668-MEISB,Female,57,Yes,53686,72,Yes,6.41,Yes,Fiber Optic,14,Yes,Yes,Yes,Yes,Yes,Two Year,No,Credit Card,106.1,7657.4,No
0129-QMPDR,Male,64,No,30802,44,Yes,27.4,No,None,0,No,No,No,No,No,One Year,Yes,Bank Withdrawal,20.5,865.05,No
7188-CBBBA,Female,59,No,46342,65,Yes,27.68,Yes,Fiber Optic,6,No,Yes,Yes,No,No,One Year,Yes,Bank Withdrawal,95.5,6153.85,No
5356-CSVSQ,Female,20,No,35530,3,Yes,40.99,Yes,Cable,48,No,No,No,Yes,Yes,Month-to-Month,No,Bank Withdrawal,64.6,174.2,No
3221-CJMSG,Male,45,No,18980,24,Yes,2.33,Yes,DSL,2,No,No,No,Yes,Yes,Month-to-Month,Yes,Credit Card,51.1,1269.6,No
2801-NISEI,Male,28,No,47,24,Yes,30.07,Yes,DSL,69,Yes,No,No,Yes,Yes,Month-to-Month,No,Bank Withdrawal,54.95,1348.5,No
4623-ZKHLY,Male,43,No,54254,22,Yes,20.78,No,None,0,No,No,No,No,No,Month-to-Month,Yes,Bank Withdrawal,20.45,471.55,No
6732-VAILE,Male,33,No,34447,70,Yes,30.06,Yes,Cable,24,No,Yes,Yes,Yes,Yes,Two Year,Yes,Credit Card,85.95,5931.75,No
8201-AAXCB,Male,55,Yes,49474,25,Yes,25.87,Yes,Cable,76,No,No,No,No,No,Month-to-Month,No,Bank Withdrawal,60.35,1404.65,No
7696-CFTAT,Male,24,Yes,46532,37,Yes,8.21,No,None,0,No,No,No,No,No,Two Year,No,Bank Withdrawal,19.8,726.1,No
2123-VSCOT,Female,39,No,46626,59,Yes,24.81,Yes,Cable,24,No,No,Yes,Yes,Yes,Two Year,Yes,Bank Withdrawal,72.1,4194.85,No
2018-QKYGT,Male,19,Yes,23444,1,Yes,36.32,Yes,Fiber Optic,85,No,No,No,No,Yes,Month-to-Month,Yes,Bank Withdrawal,81.05,81.05,No
2792-VPPET,Male,28,No,38041,3,Yes,37.01,No,None,0,No,No,No,No,No,Month-to-Month,Yes,Bank Withdrawal,20.5,76.95,No
7409-JURKQ,Female,29,No,32718,53,Yes,41.82,Yes,Fiber Optic,69,No,Yes,Yes,Yes,Yes,One Year,Yes,Bank Withdrawal,111.8,5809.75,No
3247-MHJKM,Male,27,No,23331,1,Yes,42.15,No,None,0,No,No,No,No,No,Month-to-Month,No,Mailed Check,20.2,20.2,No
1964-SVLEA,Male,59,No,48827,20,Yes,30.13,No,None,0,No,No,No,No,No,One Year,Yes,Mailed Check,19.7,415.9,No
7297-DVYGA,Female,61,No,44099,51,Yes,29.87,No,None,0,No,No,No,No,No,One Year,Yes,Bank Withdrawal,19.85,996.95,No
2239-CGBUZ,Female,56,No,30458,51,Yes,47.18,Yes,Cable,12,Yes,Yes,No,Yes,Yes,One Year,Yes,Bank Withdrawal,60.5,3145.15,No
0854-UYHZD,Female,21,Yes,31622,13,Yes,42.23,No,None,0,No,No,No,No,No,Two Year,No,Mailed Check,19.55,265.3,No
7243-LCGGZ,Female,28,No,54382,1,Yes,10.21,No,None,0,No,No,No,No,No,Month-to-Month,No,Mailed Check,20.9,20.9,No
8267-KFGYD,Male,53,Yes,30635,1,Yes,10.14,No,None,0,No,No,No,No,No,Month-to-Month,Yes,Mailed Check,21.05,21.05,No
4890-VMUAV,Male,46,No,16486,63,Yes,18.05,Yes,DSL,11,Yes,Yes,Yes,Yes,No,One Year,No,Bank Withdrawal,71.5,4576.3,No
9261-WDCAF,Male,64,No,17389,3,Yes,33.53,Yes,DSL,30,No,No,No,No,Yes,Month-to-Month,No,Mailed Check,54.65,189.1,No
3764-MNMOI,Male,49,No,1509,46,Yes,30.99,No,None,0,No,No,No,No,No,Two Year,No,Credit Card,19.2,908.15,No
7442-YGZFK,Male,31,No,3133,1,Yes,3.97,Yes,DSL,11,No,No,No,No,Yes,Month-to-Month,Yes,Credit Card,49.8,49.8,No
8229-BUJHX,Female,60,Yes,71126,71,Yes,11.13,No,None,0,No,No,No,No,No,Two Year,No,Bank Withdrawal,20.5,1500.95,No
7449-HVPIV,Male,38,Yes,12884,55,Yes,22.56,Yes,Fiber Optic,56,No,No,Yes,No,Yes,Month-to-Month,Yes,Credit Card,90.4,5099.15,No
5504-WSIUR,Female,38,No,2606,70,Yes,13.4,Yes,Fiber Optic,3,No,Yes,Yes,Yes,No,One Year,Yes,Bank Withdrawal,90.25,6385.95,No
8466-PZBLH,Male,32,Yes,1587,67,Yes,11.31,Yes,Fiber Optic,57,Yes,No,No,Yes,Yes,Two Year,No,Bank Withdrawal,104.6,6885.75,No
8735-IJJEG,Male,27,No,796,14,Yes,4.05,Yes,DSL,59,No,No,Yes,No,Yes,Month-to-Month,No,Credit Card,50.2,668.85,No
0564-MUUQK,Female,28,Yes,26662,20,Yes,38.71,Yes,Fiber Optic,48,No,No,Yes,Yes,Yes,Month-to-Month,Yes,Bank Withdrawal,95.5,1916.2,No
0701-RFGFI,Female,56,Yes,44652,49,Yes,8.18,Yes,Fiber Optic,53,No,No,No,No,Yes,Month-to-Month,Yes,Bank Withdrawal,95.4,4613.95,No
0019-EFAEP,Female,32,No,24005,72,Yes,2.25,Yes,Fiber Optic,16,Yes,Yes,Yes,No,Yes,Two Year,Yes,Bank Withdrawal,101.3,7261.25,No
5619-PTMIK,Female,25,No,24961,46,Yes,44.74,Yes,DSL,82,Yes,No,No,No,Yes,Month-to-Month,No,Bank Withdrawal,53.1,2459.8,No
3737-XBQDD,Male,57,No,81,24,Yes,13.13,Yes,Fiber Optic,14,No,Yes,Yes,No,No,Month-to-Month,Yes,Bank Withdrawal,84.85,2048.8,No
5882-CMAZQ,Female,52,Yes,62355,5,No,0,Yes,DSL,19,No,Yes,No,Yes,Yes,Month-to-Month,No,Bank Withdrawal,34.25,163.55,No
5846-QFDFI,Female,21,Yes,1604,33,Yes,11.01,Yes,Fiber Optic,73,No,Yes,Yes,Yes,Yes,Month-to-Month,No,Credit Card,88.6,2888.7,No
4445-KWOKW,Female,23,No,905,42,Yes,29.44,Yes,Cable,41,Yes,Yes,No,No,Yes,One Year,Yes,Bank Withdrawal,60.15,2421.6,No
3511-APPBJ,Male,21,No,56100,23,Yes,41.94,Yes,Fiber Optic,30,Yes,No,Yes,No,Yes,One Year,Yes,Credit Card,99.95,2292.75,No
7967-HYCDE,Male,26,No,7863,8,Yes,41.93,Yes,Fiber Optic,59,No,No,No,No,Yes,Month-to-Month,No,Bank Withdrawal,70.7,553.4,No
2430-RRYUW,Male,32,No,91,66,Yes,11.56,Yes,DSL,30,Yes,Yes,No,No,Yes,One Year,Yes,Mailed Check,54.8,3465.7,No
5447-WZAFP,Female,22,No,35582,53,Yes,8.33,Yes,Fiber Optic,73,No,Yes,Yes,No,Yes,One Year,Yes,Mailed Check,100.3,5200.8,No
5110-CHOPY,Female,61,No,43161,60,No,0,Yes,Cable,4,Yes,No,Yes,No,Yes,Two Year,No,Bank Withdrawal,53.6,3237.05,No
4425-OWHWB,Female,32,No,40995,20,Yes,10.9,No,None,0,No,No,No,No,No,One Year,Yes,Credit Card,19.35,433.75,No
7892-QVYKW,Female,25,Yes,55277,23,Yes,9.84,Yes,Fiber Optic,71,No,No,No,No,Yes,Month-to-Month,No,Bank Withdrawal,85.6,1868.4,No
9675-ICXCT,Male,23,No,61872,72,Yes,35.07,Yes,Cable,53,Yes,No,Yes,Yes,Yes,Two Year,Yes,Bank Withdrawal,80.8,5728.55,No
4703-MQYKT,Male,43,No,49281,21,Yes,16.81,No,None,0,No,No,No,No,No,Two Year,No,Mailed Check,19.6,390.4,No
0602-DDUML,Female,21,No,42239,57,Yes,36.14,Yes,Cable,48,No,Yes,Yes,Yes,Yes,Two Year,No,Mailed Check,69.75,3894.4,No
2208-MPXIO,Female,42,Yes,17944,45,Yes,21.73,No,None,0,No,No,No,No,No,Two Year,Yes,Bank Withdrawal,20,886.4,No
1960-UYCNN,Male,35,No,3577,10,Yes,26.43,Yes,Fiber Optic,13,No,Yes,Yes,No,Yes,Month-to-Month,Yes,Bank Withdrawal,95.25,1021.55,No
3190-FZATL,Male,49,Yes,42277,14,Yes,40.66,No,None,0,No,No,No,No,No,Month-to-Month,No,Credit Card,19.95,268.4,No
7336-RLLRH,Male,42,No,98239,27,Yes,11.83,Yes,DSL,14,Yes,No,No,Yes,Yes,One Year,No,Credit Card,80.85,2204.35,No
7710-JSYOA,Female,59,Yes,1831,69,Yes,28.53,Yes,Fiber Optic,24,No,Yes,No,Yes,Yes,Two Year,Yes,Bank Withdrawal,93.3,6398.05,No
9885-MFVSU,Female,59,No,47969,35,No,0,Yes,DSL,24,Yes,No,No,Yes,No,Two Year,Yes,Credit Card,46.35,1662.05,No
0607-MVMGC,Male,33,No,339,45,Yes,39.82,Yes,DSL,13,No,Yes,Yes,No,Yes,One Year,No,Credit Card,78.75,3600.65,No
3365-SAIGS,Female,60,No,7615,17,Yes,22.61,Yes,Fiber Optic,19,No,Yes,No,No,Yes,Month-to-Month,Yes,Bank Withdrawal,83.55,1329.15,No
8022-BECSI,Male,62,No,1143,22,Yes,20.46,No,None,0,No,No,No,No,No,One Year,No,Credit Card,19.6,422.5,No
9993-LHIEB,Male,21,No,12173,67,Yes,2.12,Yes,Cable,58,Yes,No,Yes,Yes,Yes,Two Year,No,Credit Card,67.85,4627.65,No
0266-CLZKZ,Female,45,Yes,6760,67,Yes,17.79,Yes,Fiber Optic,22,No,No,Yes,Yes,Yes,Two Year,Yes,Bank Withdrawal,105.65,6717.9,No
3977-QCRSL,Female,30,No,1205,5,Yes,3.37,No,None,0,No,No,No,No,No,Month-to-Month,No,Credit Card,20.15,117.95,No
0017-DINOC,Male,47,No,1072,54,No,0,Yes,Cable,10,Yes,No,No,Yes,Yes,Two Year,No,Credit Card,45.2,2460.55,No
7639-OPLNG,Male,56,No,27959,70,Yes,27.97,Yes,Cable,2,Yes,Yes,Yes,Yes,Yes,Two Year,Yes,Bank Withdrawal,79.25,5731.85,No
1492-QGCLU,Male,51,Yes,46086,53,Yes,26.84,Yes,Cable,12,Yes,No,Yes,Yes,Yes,Month-to-Month,No,Bank Withdrawal,85.7,4616.1,No
7328-OWMOM,Female,63,No,46828,31,Yes,33.71,No,None,0,No,No,No,No,No,One Year,No,Credit Card,20.1,589.25,No
4418-LZMSV,Male,56,Yes,47431,13,Yes,28.15,Yes,Cable,56,No,Yes,Yes,Yes,Yes,Month-to-Month,No,Bank Withdrawal,61.8,750.1,No
5155-AZQPB,Female,33,Yes,66838,28,Yes,41.41,Yes,DSL,30,No,No,No,No,Yes,Month-to-Month,No,Credit Card,49.9,1410.25,No
1087-GRUYI,Male,62,No,33083,38,Yes,6.97,No,None,0,No,No,No,No,No,Two Year,No,Bank Withdrawal,20.4,743.5,No
2546-KZAAT,Male,28,No,21866,52,Yes,10.4,Yes,DSL,85,Yes,Yes,No,No,Yes,One Year,Yes,Credit Card,75.4,3865.45,No
0181-RITDD,Male,42,Yes,25569,62,Yes,1.76,Yes,Fiber Optic,20,Yes,Yes,Yes,Yes,Yes,Two Year,No,Credit Card,108.15,6825.65,No
5989-PGKJB,Female,40,No,4258,16,Yes,22.3,Yes,Fiber Optic,28,No,Yes,No,No,Yes,Month-to-Month,Yes,Bank Withdrawal,86.25,1340.1,No
8272-ONJLV,Male,57,No,25232,12,Yes,49,Yes,Fiber Optic,23,No,No,Yes,No,Yes,One Year,No,Bank Withdrawal,95.7,1184,No
1488-PBLJN,Female,63,Yes,30206,72,Yes,31.83,Yes,Fiber Optic,14,Yes,Yes,Yes,Yes,Yes,Two Year,Yes,Bank Withdrawal,116.85,8477.7,No
3778-FOAQW,Female,33,No,20046,24,Yes,32.86,No,None,0,No,No,No,No,No,One Year,No,Credit Card,20.15,456.85,No
4452-ROHMO,Female,64,No,42733,15,Yes,39.49,No,None,0,No,No,No,No,No,Two Year,No,Credit Card,19.6,331.6,No
3090-LETTY,Male,54,Yes,28201,2,Yes,14.88,Yes,DSL,12,Yes,Yes,No,No,Yes,Month-to-Month,No,Bank Withdrawal,60.95,134.6,No
5349-AZPEW,Female,40,Yes,29283,5,No,0,Yes,DSL,53,No,No,No,No,Yes,Month-to-Month,No,Credit Card,25.05,125.5,No
9720-JJJOR,Male,20,No,28488,41,Yes,2.43,Yes,DSL,69,Yes,Yes,Yes,No,Yes,One Year,Yes,Bank Withdrawal,60.3,2511.3,No
8100-HZZLJ,Female,26,Yes,56307,43,Yes,5.6,Yes,Cable,30,Yes,Yes,No,No,Yes,Month-to-Month,Yes,Bank Withdrawal,63.95,2737.05,No
7398-HPYZQ,Male,30,No,17721,71,Yes,28.58,Yes,Cable,30,Yes,Yes,Yes,Yes,Yes,Two Year,No,Bank Withdrawal,90.55,6404,No
3546-GHEAE,Male,29,No,24659,7,Yes,9.43,No,None,0,No,No,No,No,No,Two Year,No,Credit Card,19.45,165.35,No
2550-QHZGP,Male,48,No,27804,7,Yes,30.58,No,None,0,No,No,No,No,No,One Year,No,Credit Card,19.5,128.6,No
7519-JTWQH,Female,30,No,7857,69,Yes,23.92,Yes,Fiber Optic,42,No,Yes,Yes,Yes,Yes,Two Year,Yes,Bank Withdrawal,110.5,7455.45,No
2538-OIMXF,Female,29,Yes,43141,1,No,0,Yes,Cable,48,No,No,No,No,No,Month-to-Month,No,Credit Card,24.7,24.7,No
8543-MSDMF,Male,36,No,23170,3,Yes,44.42,Yes,Cable,6,Yes,No,Yes,No,Yes,Month-to-Month,Yes,Bank Withdrawal,77.4,206.15,No
1170-SASML,Female,33,No,22796,69,Yes,34.49,Yes,Fiber Optic,29,No,Yes,Yes,No,Yes,Month-to-Month,Yes,Bank Withdrawal,85.4,5869.4,No
4872-JCVCA,Female,44,No,5529,71,No,0,Yes,DSL,16,Yes,Yes,Yes,Yes,Yes,Two Year,Yes,Bank Withdrawal,47.6,3377.8,No
5346-BZCHP,Female,19,Yes,1564,69,Yes,25.18,No,None,0,No,No,No,No,No,Two Year,No,Credit Card,19.4,1346.2,No
2038-LLMLM,Female,35,No,43712,48,Yes,10.5,Yes,Fiber Optic,12,No,No,Yes,Yes,Yes,Month-to-Month,Yes,Bank Withdrawal,103.85,4946.05,No
1216-BGTSP,Male,30,No,14546,45,Yes,5.97,Yes,Fiber Optic,73,Yes,No,Yes,Yes,Yes,Month-to-Month,Yes,Credit Card,108.45,4964.7,No
4138-NAXED,Male,54,No,8141,51,Yes,42.93,Yes,Fiber Optic,11,No,Yes,No,No,No,Month-to-Month,No,Bank Withdrawal,81,4085.75,No
0744-BIKKF,Male,39,No,8768,72,Yes,11.41,Yes,DSL,17,Yes,Yes,Yes,Yes,Yes,Two Year,No,Bank Withdrawal,86.65,6224.8,No
7483-IQWIB,Male,33,Yes,3499,37,Yes,38.89,Yes,Fiber Optic,29,No,Yes,Yes,No,Yes,Month-to-Month,Yes,Bank Withdrawal,92.95,3415.25,No
5248-KWLAR,Male,31,No,2753,71,Yes,18.42,Yes,DSL,29,Yes,Yes,Yes,Yes,Yes,Two Year,No,Bank Withdrawal,90.35,6325.25,No
7996-MHXLW,Female,51,No,471,66,Yes,20.77,No,None,0,No,No,No,No,No,Two Year,Yes,Credit Card,25.15,1683.6,No
7833-PKIHD,Male,59,No,29340,51,Yes,31.66,Yes,Cable,3,Yes,No,No,Yes,Yes,One Year,Yes,Bank Withdrawal,76.4,3966.3,No
7061-OVMIM,Female,57,No,24924,30,Yes,21.14,No,None,0,No,No,No,No,No,One Year,No,Bank Withdrawal,19.55,608.5,No
5153-RTHKF,Female,26,No,18884,34,Yes,23.54,Yes,Fiber Optic,76,No,No,No,No,No,Month-to-Month,No,Bank Withdrawal,85.35,2896.6,No
1852-QSWCD,Male,62,Yes,291,64,Yes,35.25,No,None,0,No,No,No,No,No,Two Year,Yes,Credit Card,24.8,1514.85,No
9079-LWTFD,Male,50,No,354,47,Yes,47.73,Yes,Fiber Optic,25,Yes,Yes,No,Yes,Yes,Month-to-Month,No,Credit Card,100.75,4669.2,No
3392-EHMNK,Female,53,Yes,17018,67,Yes,11.4,Yes,Fiber Optic,27,No,Yes,No,Yes,Yes,Two Year,No,Credit Card,94.1,6302.8,No
5986-WWXDV,Male,42,No,799,39,Yes,48.61,No,None,0,No,No,No,No,No,One Year,No,Bank Withdrawal,19.35,779.2,No
3061-BCKYI,Male,27,No,6242,14,Yes,43.5,No,None,0,No,No,No,No,No,Month-to-Month,No,Credit Card,19.9,283.75,No
7228-PAQPD,Female,19,No,48690,14,Yes,34.01,Yes,Cable,69,No,No,No,Yes,Yes,One Year,No,Credit Card,59.1,772.85,No
7746-QYVCO,Male,57,No,805,16,Yes,21.04,Yes,Cable,17,Yes,Yes,No,No,Yes,One Year,Yes,Credit Card,55.85,857.8,No
5804-HYIEZ,Male,40,Yes,3663,70,Yes,40.28,Yes,Fiber Optic,13,Yes,Yes,No,No,Yes,Month-to-Month,Yes,Bank Withdrawal,106.05,7554.05,No
5934-TSSAU,Female,51,Yes,2182,23,Yes,48.73,Yes,Fiber Optic,75,No,No,Yes,No,Yes,Month-to-Month,Yes,Credit Card,75.3,1702.9,No
3486-KHMLI,Male,53,Yes,18980,21,Yes,31.26,No,None,0,No,No,No,No,No,Month-to-Month,No,Credit Card,24.7,467.15,No
6784-XYJAE,Female,38,No,9465,36,Yes,46.92,Yes,DSL,5,No,No,Yes,No,No,One Year,No,Bank Withdrawal,55.8,1941.5,No
3933-DQPWX,Female,48,No,31293,50,No,0,Yes,DSL,6,No,Yes,Yes,Yes,Yes,Two Year,No,Credit Card,39.7,1932.75,No
6661-EIPZC,Female,38,Yes,11024,48,No,0,Yes,DSL,16,No,No,No,Yes,Yes,Month-to-Month,Yes,Credit Card,29.5,1423.05,No
8957-THMOA,Female,40,Yes,9899,50,Yes,18.95,No,None,0,No,No,No,No,No,Two Year,No,Credit Card,20.15,970.85,No
2251-PYLPB,Male,34,No,5447,72,Yes,45.05,Yes,Cable,9,Yes,Yes,Yes,Yes,Yes,Two Year,No,Credit Card,79.55,5810.9,No
5555-RNPGT,Male,61,Yes,25995,10,Yes,34.47,No,None,0,No,No,No,No,No,Month-to-Month,No,Credit Card,24.8,223.9,No
1057-FOGLZ,Female,44,No,7334,18,Yes,18.2,No,None,0,No,No,No,No,No,Month-to-Month,No,Credit Card,19.65,391.7,No
8087-LGYHQ,Male,40,No,10484,9,Yes,15.53,Yes,Fiber Optic,14,No,No,Yes,No,Yes,Month-to-Month,Yes,Bank Withdrawal,94.05,811.65,No
4137-BTIKL,Male,55,No,678,2,Yes,27.17,Yes,Fiber Optic,23,Yes,No,No,No,Yes,Month-to-Month,No,Credit Card,90.75,174.75,No
2190-BCXEC,Female,61,No,443,40,Yes,39.97,Yes,Fiber Optic,17,No,No,No,Yes,Yes,Month-to-Month,Yes,Credit Card,78.85,3126.85,No
6227-FBDXH,Male,50,No,115,69,Yes,3.81,Yes,Fiber Optic,4,No,No,Yes,No,Yes,One Year,No,Bank Withdrawal,99.5,6841.45,No
2911-WDXMV,Male,29,Yes,82630,18,Yes,41.08,Yes,Fiber Optic,48,No,No,Yes,No,Yes,Month-to-Month,Yes,Credit Card,80.55,1406.65,No
4547-FZJWE,Male,24,No,958,55,Yes,36.17,Yes,DSL,69,Yes,No,No,No,No,One Year,No,Credit Card,59.45,3157,No
7422-WNBTY,Male,35,No,317,33,Yes,31.76,Yes,Fiber Optic,7,No,Yes,Yes,No,Yes,Month-to-Month,Yes,Bank Withdrawal,93.35,3092,No
0842-IWYCP,Female,19,No,4948,46,Yes,40.32,Yes,Cable,51,No,No,No,No,Yes,Month-to-Month,No,Bank Withdrawal,44.95,2168.9,No
3521-HTQTV,Male,54,No,68515,34,Yes,20.47,No,None,0,No,No,No,No,No,Two Year,No,Bank Withdrawal,26.1,980.35,No
3744-ZBHON,Female,64,No,48245,3,Yes,31.81,No,None,0,No,No,No,No,No,Month-to-Month,No,Bank Withdrawal,20.2,65.95,No
3373-DIUUN,Male,58,Yes,1933,30,Yes,40,No,None,0,No,No,No,No,No,Two Year,No,Credit Card,21.25,711.9,No
8383-SGHJU,Female,41,No,9793,33,Yes,10.28,Yes,Cable,7,Yes,No,No,Yes,Yes,One Year,No,Bank Withdrawal,59.4,1952.8,No
7607-QKKTJ,Male,25,Yes,18068,45,Yes,33.45,Yes,Fiber Optic,69,No,Yes,Yes,No,No,One Year,Yes,Credit Card,95,4368.85,No
7707-PYBBH,Male,49,No,5256,40,Yes,36.98,Yes,DSL,21,Yes,Yes,No,Yes,Yes,Month-to-Month,Yes,Credit Card,61.9,2647.1,No
8984-HPEMB,Female,58,No,1090,71,Yes,17.9,Yes,Fiber Optic,21,Yes,Yes,Yes,Yes,Yes,Two Year,Yes,Bank Withdrawal,118.65,8477.6,No
4139-DETXS,Female,53,No,5488,72,No,0,Yes,DSL,6,Yes,Yes,Yes,Yes,Yes,Two Year,No,Bank Withdrawal,64.45,4528,No
9779-DPNEJ,Female,59,Yes,162,22,Yes,33.46,Yes,Fiber Optic,29,No,No,No,No,Yes,Month-to-Month,Yes,Bank Withdrawal,80.15,1790.65,No
9805-FILKB,Male,44,No,46171,46,Yes,4.72,No,None,0,No,No,No,No,No,One Year,Yes,Bank Withdrawal,20.2,845.6,No
5793-YOLJN,Female,53,Yes,909,55,Yes,38.51,No,None,0,No,No,No,No,No,Two Year,No,Credit Card,21,1210.3,No
0673-IGUQO,Male,26,No,12463,1,Yes,30.09,No,None,0,No,No,No,No,No,Month-to-Month,No,Credit Card,20.45,20.45,No
4123-FCVCB,Female,23,No,4280,12,Yes,49.25,Yes,DSL,47,No,No,No,Yes,Yes,One Year,Yes,Credit Card,75.85,854.45,No
8819-IMISP,Male,43,No,31230,31,Yes,37.07,Yes,Fiber Optic,23,No,Yes,No,No,Yes,Month-to-Month,Yes,Bank Withdrawal,80.45,2429.1,No
8311-UEUAB,Female,24,No,75882,67,Yes,1.36,Yes,DSL,82,Yes,No,No,No,Yes,Two Year,Yes,Bank Withdrawal,75.5,5229.45,No
5858-EAFCZ,Male,45,No,18518,1,Yes,23.34,Yes,DSL,16,No,No,No,No,Yes,Month-to-Month,No,Credit Card,44.45,44.45,No
1163-ONYEY,Male,61,Yes,87,41,Yes,28.55,Yes,Cable,20,Yes,Yes,Yes,No,Yes,Month-to-Month,Yes,Credit Card,74.55,3023.55,No
5656-MJEFC,Male,48,No,63235,42,No,0,Yes,Cable,8,Yes,No,Yes,Yes,Yes,Two Year,No,Credit Card,48.15,2032.3,No
6082-OQFBA,Male,62,No,12083,23,Yes,24.88,No,None,0,No,No,No,No,No,One Year,No,Mailed Check,19.65,436.9,No
8974-OVACP,Female,40,No,1195,1,Yes,27.59,No,None,0,No,No,No,No,No,Month-to-Month,No,Mailed Check,20.15,20.15,No
4010-YLMVT,Female,25,No,41575,56,Yes,24.77,Yes,Fiber Optic,51,Yes,Yes,No,No,Yes,Month-to-Month,Yes,Credit Card,106.6,5893.95,No
1379-FRVEB,Male,31,Yes,1779,15,Yes,30.22,Yes,Fiber Optic,12,No,Yes,No,No,Yes,Month-to-Month,Yes,Bank Withdrawal,91,1430.05,No
8612-GXIDD,Male,55,Yes,53636,12,Yes,44.12,No,None,0,No,No,No,No,No,Two Year,Yes,Bank Withdrawal,25.4,313,No
6288-CHQJB,Female,21,No,24644,54,Yes,28.17,Yes,DSL,76,Yes,No,Yes,Yes,Yes,Two Year,No,Bank Withdrawal,69.95,3871.85,No
8160-HOWOX,Female,30,No,49355,7,Yes,48.16,Yes,DSL,85,No,No,No,No,Yes,Month-to-Month,Yes,Bank Withdrawal,66.85,458.1,No
6648-INWPS,Male,30,Yes,44556,16,Yes,38.55,No,None,0,No,No,No,No,No,Month-to-Month,No,Bank Withdrawal,20.15,341.35,No
4223-BKEOR,Female,55,No,23146,21,Yes,30.88,Yes,DSL,15,Yes,No,Yes,No,Yes,One Year,No,Mailed Check,64.85,1336.8,No
1763-WQFUK,Male,45,No,71678,3,Yes,26.38,Yes,DSL,25,No,No,No,Yes,Yes,Month-to-Month,Yes,Mailed Check,50.5,147.75,No
1391-UBDAR,Male,27,No,46550,11,Yes,18.33,Yes,Fiber Optic,76,No,No,Yes,No,Yes,Month-to-Month,No,Bank Withdrawal,72.9,818.45,No
8894-JVDCV,Female,39,No,38446,62,Yes,36.84,Yes,Fiber Optic,13,Yes,Yes,Yes,Yes,Yes,One Year,Yes,Credit Card,115.05,7133.45,No
2023-VQFDL,Male,42,No,42425,18,Yes,33.16,No,None,0,No,No,No,No,No,Month-to-Month,No,Bank Withdrawal,19,348.8,No
1345-GKDZZ,Male,20,Yes,48649,6,Yes,17.53,No,None,0,No,No,No,No,No,Month-to-Month,No,Credit Card,19.55,128.6,No
2014-MKGMH,Female,45,No,17147,46,Yes,27.97,Yes,Fiber Optic,22,No,No,Yes,No,Yes,One Year,Yes,Bank Withdrawal,101.1,4674.4,No
5628-FCGYG,Male,46,No,63999,21,Yes,49.05,Yes,Fiber Optic,9,No,No,No,No,Yes,Month-to-Month,Yes,Bank Withdrawal,84.1,1737.45,No
2560-WBWXF,Male,45,No,1005,68,Yes,37.79,No,None,0,No,No,No,No,No,Two Year,Yes,Bank Withdrawal,24.15,1498.85,No
0248-IPDFW,Female,19,No,38519,1,Yes,29.13,Yes,Cable,51,No,No,No,No,Yes,Month-to-Month,Yes,Bank Withdrawal,50.1,50.1,No
7978-DKUQH,Female,26,No,4546,25,Yes,37.1,Yes,Fiber Optic,82,No,No,Yes,No,Yes,Month-to-Month,Yes,Bank Withdrawal,74.6,1797.75,No
4335-UPJSI,Female,57,Yes,2433,24,Yes,34.24,No,None,0,No,No,No,No,No,Two Year,No,Mailed Check,19.75,498.1,No
1784-EZDKJ,Male,31,No,39264,51,Yes,29.4,Yes,Fiber Optic,21,No,Yes,Yes,No,No,One Year,Yes,Bank Withdrawal,106.8,5498.8,No
9297-FVVDH,Female,33,No,25694,57,Yes,10.05,Yes,DSL,16,Yes,No,Yes,Yes,Yes,Two Year,Yes,Bank Withdrawal,84.5,4845.4,No
8007-YYPWD,Female,52,No,4283,15,Yes,40.97,No,None,0,No,No,No,No,No,Two Year,No,Bank Withdrawal,25.05,369.1,No
7101-HRBLJ,Female,25,No,3588,72,Yes,16.05,Yes,Cable,46,Yes,Yes,Yes,Yes,Yes,Two Year,Yes,Bank Withdrawal,83.7,6096.9,No
6635-CPNUN,Male,25,No,61205,28,Yes,33.57,Yes,Fiber Optic,52,No,Yes,Yes,No,Yes,Month-to-Month,No,Credit Card,96.6,2684.35,No
5453-YBTWV,Male,52,Yes,46214,70,Yes,49.67,Yes,Fiber Optic,19,Yes,Yes,Yes,Yes,Yes,Two Year,Yes,Credit Card,101.1,6994.8,No
5039-LZRQT,Female,52,No,1500,13,Yes,26.57,No,None,0,No,No,No,No,No,One Year,No,Mailed Check,20.2,273.25,No
6418-PIQSP,Female,49,No,36817,62,Yes,13.32,Yes,Cable,22,Yes,No,Yes,Yes,Yes,Two Year,No,Mailed Check,81,4985.9,No
8220-OCUFY,Female,30,No,26357,21,Yes,7.41,Yes,DSL,51,Yes,No,Yes,Yes,Yes,One Year,Yes,Bank Withdrawal,60.25,1258.35,No
3995-WFCSM,Female,28,No,4456,2,Yes,15.25,Yes,DSL,82,No,No,Yes,No,Yes,Month-to-Month,No,Bank Withdrawal,60.85,111.4,No
1895-QTKDO,Female,38,No,21349,1,Yes,45.59,Yes,DSL,5,No,No,No,No,Yes,Month-to-Month,No,Credit Card,43.95,43.95,No
2038-OEQZH,Male,63,No,14068,4,Yes,44.36,Yes,Fiber Optic,20,No,No,Yes,No,Yes,Month-to-Month,No,Bank Withdrawal,86.05,308.1,No
1178-PZGAB,Female,45,No,8692,19,Yes,18.57,No,None,0,No,No,No,No,No,One Year,No,Credit Card,20.25,383.65,No
2626-VEEWG,Male,48,Yes,13151,67,Yes,5.48,No,None,0,No,No,No,No,No,Two Year,Yes,Credit Card,19.4,1284.2,No
1657-DYMBM,Male,35,No,25655,53,Yes,34.46,No,None,0,No,No,No,No,No,Two Year,No,Credit Card,19.9,1110.05,No
7311-MQJCH,Female,54,No,46171,5,Yes,37.97,No,None,0,No,No,No,No,No,One Year,No,Bank Withdrawal,19.55,99.6,No
1136-XGEQU,Female,53,No,4093,50,Yes,46.49,Yes,DSL,11,No,Yes,Yes,Yes,Yes,One Year,Yes,Credit Card,84.15,4164.4,No
2530-FMFXO,Male,38,Yes,2762,56,Yes,42.16,Yes,Fiber Optic,19,No,No,Yes,Yes,Yes,Two Year,Yes,Bank Withdrawal,103.2,5873.75,No
6844-DZKRF,Male,61,No,27369,2,Yes,6.34,Yes,Cable,28,No,No,No,Yes,No,Month-to-Month,Yes,Credit Card,50.2,109.25,No
5970-GHJAW,Male,40,Yes,41062,46,Yes,26.12,No,None,0,No,No,No,No,No,Two Year,No,Credit Card,19.95,862.4,No
8879-XUAHX,Male,42,No,22499,71,Yes,6.19,Yes,Fiber Optic,9,Yes,Yes,Yes,Yes,Yes,Two Year,Yes,Bank Withdrawal,116.25,8564.75,No
3689-MOZGR,Female,30,No,6301,29,No,0,Yes,Cable,59,No,No,No,Yes,Yes,Month-to-Month,Yes,Bank Withdrawal,31.2,926.2,No
4195-PNGZS,Male,23,Yes,26419,69,Yes,33.09,No,None,0,No,No,No,No,No,Two Year,No,Bank Withdrawal,24.45,1718.2,No
5003-XZWWO,Male,32,No,7465,71,Yes,15.12,Yes,DSL,30,No,Yes,Yes,Yes,Yes,Two Year,No,Credit Card,84.2,5956.85,No
6922-NCEDI,Male,38,No,62069,56,Yes,48.63,No,None,0,No,No,No,No,No,One Year,Yes,Mailed Check,21.2,1238.65,No
9891-NQDBD,Female,22,No,59176,28,Yes,43.36,No,None,0,No,No,No,No,No,One Year,No,Mailed Check,25.55,672.2,No
6131-IUNXN,Female,47,Yes,56517,19,Yes,46.91,No,None,0,No,No,No,No,No,Month-to-Month,No,Mailed Check,20.2,382.2,No
8548-AWOFC,Male,21,No,58764,66,Yes,7.67,Yes,DSL,69,No,No,No,Yes,Yes,Month-to-Month,No,Bank Withdrawal,63.85,4264.6,No
9798-DRYDS,Female,52,No,42663,17,Yes,47.59,Yes,DSL,25,No,No,Yes,Yes,Yes,One Year,Yes,Mailed Check,61.95,1070.7,No
8532-UEFWH,Male,61,Yes,32304,52,Yes,49.51,No,None,0,No,No,No,No,No,Two Year,No,Mailed Check,25.75,1345.85,No
6296-DDOOR,Female,19,No,25206,19,Yes,24.35,Yes,Cable,69,No,Yes,No,No,Yes,One Year,No,Bank Withdrawal,58.2,1045.25,No
7951-VRDVK,Female,26,No,48273,36,Yes,13.9,Yes,Cable,73,Yes,Yes,Yes,Yes,No,One Year,No,Bank Withdrawal,85.85,3003.55,No
4815-YOSUK,Male,22,Yes,41237,72,Yes,41.18,Yes,Fiber Optic,52,Yes,Yes,Yes,Yes,Yes,One Year,Yes,Credit Card,104.9,7537.5,No
4365-MSDYN,Male,38,No,34946,8,Yes,22.34,No,None,0,No,No,No,No,No,Month-to-Month,Yes,Bank Withdrawal,19.55,161.15,No
7036-TYDEC,Female,44,No,15297,69,Yes,1.85,Yes,Fiber Optic,13,No,No,Yes,Yes,Yes,Two Year,No,Bank Withdrawal,104,7028.5,No
5802-ADBRC,Female,57,No,34321,50,Yes,20.79,Yes,Fiber Optic,7,Yes,No,Yes,No,Yes,One Year,Yes,Mailed Check,104.4,5232.9,No
8076-FEZKJ,Male,58,No,1859,10,Yes,15.71,No,None,0,No,No,No,No,No,One Year,No,Credit Card,19.5,225.85,No
5197-YPYBZ,Female,39,Yes,62103,12,Yes,39.59,No,None,0,No,No,No,No,No,Two Year,No,Credit Card,25.25,274.7,No
4312-GVYNH,Female,46,No,88230,70,No,0,Yes,Cable,26,Yes,No,Yes,Yes,Yes,Two Year,Yes,Bank Withdrawal,49.85,3370.2,No
0839-JTCUD,Female,31,No,46371,66,Yes,36.36,Yes,Cable,3,Yes,Yes,Yes,Yes,Yes,Two Year,No,Credit Card,89.9,5958.85,No
5494-WOZRZ,Female,40,No,46227,71,Yes,38.22,Yes,DSL,23,Yes,No,Yes,Yes,Yes,Two Year,Yes,Credit Card,82,5999.85,No
2234-EOFPT,Male,48,No,58157,72,Yes,29.8,Yes,DSL,14,Yes,Yes,No,Yes,No,Two Year,Yes,Bank Withdrawal,79.35,5753.25,No
8619-IJNDK,Female,64,No,70011,71,Yes,4.71,Yes,DSL,29,Yes,Yes,Yes,Yes,Yes,Two Year,No,Credit Card,64.05,4492.9,No
8378-LKJAF,Male,34,Yes,91188,38,Yes,24.22,Yes,Fiber Optic,14,No,No,Yes,No,Yes,Month-to-Month,Yes,Credit Card,101.15,3956.7,No
1153-GNOLC,Male,62,No,62634,33,No,0,Yes,DSL,30,No,Yes,No,No,Yes,One Year,Yes,Bank Withdrawal,39.1,1309,No
3298-QEICA,Female,27,No,54548,23,No,0,Yes,DSL,42,Yes,No,No,Yes,Yes,Two Year,No,Credit Card,34.6,813.45,No
0788-DXBFY,Male,54,No,55062,58,Yes,27.93,No,None,0,No,No,No,No,No,One Year,Yes,Bank Withdrawal,19.55,1108.8,No
3496-LFSZU,Male,40,No,60553,4,Yes,28.47,Yes,Fiber Optic,5,No,No,No,No,No,Month-to-Month,No,Bank Withdrawal,70.5,294.2,No
5242-UOWHD,Male,24,Yes,45086,45,Yes,39.03,No,None,0,No,No,No,No,No,Two Year,No,Credit Card,20.35,929.2,No
6479-SZPLM,Male,26,Yes,68802,36,Yes,32.3,No,None,0,No,No,No,No,No,Two Year,No,Credit Card,19.45,754.5,No
8097-VBQTZ,Male,61,No,34398,54,Yes,27.62,Yes,Cable,24,Yes,Yes,No,Yes,Yes,Month-to-Month,Yes,Credit Card,69.9,3883.3,No
4500-HKANN,Male,33,No,36301,23,Yes,13.79,Yes,Cable,17,No,Yes,No,Yes,Yes,Two Year,No,Credit Card,59.7,1414.2,No
9917-KWRBE,Female,28,No,19629,41,Yes,18.84,Yes,Cable,26,Yes,Yes,Yes,No,Yes,One Year,Yes,Credit Card,78.35,3211.2,No
2212-LYASK,Male,25,No,1408,27,No,0,Yes,DSL,27,No,Yes,Yes,No,No,One Year,Yes,Credit Card,45.85,1246.4,No
1393-IMKZG,Female,50,No,34592,1,Yes,2.7,Yes,Fiber Optic,14,No,No,No,Yes,Yes,Month-to-Month,Yes,Bank Withdrawal,95.85,95.85,No
8069-RHUXK,Female,55,No,24502,67,No,0,Yes,Cable,30,Yes,No,No,Yes,Yes,Two Year,No,Credit Card,35.7,2545.7,No
2908-WGAXL,Female,40,Yes,21157,56,Yes,29.06,No,None,0,No,No,No,No,No,Two Year,Yes,Credit Card,24.95,1468.9,No
3378-AJRAO,Male,44,No,50641,44,Yes,32.22,No,None,0,No,No,No,No,No,One Year,No,Bank Withdrawal,24.85,1013.6,No
6050-FFXES,Female,51,No,23481,69,Yes,14.69,Yes,Fiber Optic,6,No,No,Yes,Yes,No,Two Year,No,Bank Withdrawal,105.35,7240.65,No
0362-RAOQO,Female,48,No,22443,40,Yes,26.03,No,None,0,No,No,No,No,No,Two Year,No,Credit Card,19.65,830.25,No
9554-DFKIC,Male,50,Yes,5935,30,Yes,12.49,Yes,DSL,19,Yes,No,No,No,Yes,Month-to-Month,Yes,Bank Withdrawal,54.45,1588.7,No
5527-ACHSO,Female,38,No,18058,11,Yes,47.61,Yes,DSL,12,No,No,No,Yes,Yes,Month-to-Month,No,Credit Card,70.5,829.3,No
0829-DDVLK,Female,58,No,15396,15,Yes,9.74,No,None,0,No,No,No,No,No,One Year,No,Credit Card,20.1,302.45,No
1399-UBQIU,Male,35,No,40915,11,Yes,16.14,Yes,DSL,8,No,No,Yes,No,Yes,Month-to-Month,Yes,Bank Withdrawal,69.35,712.25,No
1813-JLKWR,Female,47,No,23172,64,Yes,23.25,No,None,0,No,No,No,No,No,One Year,No,Bank Withdrawal,19.8,1336.65,No
9537-VHDTA,Female,42,Yes,44875,1,Yes,2.98,Yes,Cable,26,Yes,No,No,No,Yes,Month-to-Month,No,Credit Card,51.2,51.2,No
4957-TIALW,Female,26,No,16998,15,Yes,20.11,Yes,Cable,73,Yes,Yes,Yes,Yes,Yes,One Year,No,Credit Card,65.6,1010,No
2054-PJOCK,Female,32,No,21911,60,Yes,16.11,Yes,Cable,18,No,No,Yes,Yes,Yes,One Year,No,Credit Card,80.55,4847.05,No
9150-HEPMB,Male,57,No,60294,56,Yes,21.61,Yes,Cable,27,Yes,No,Yes,No,Yes,One Year,No,Credit Card,52.7,3019.7,No
9030-QGZNL,Female,31,No,13188,8,Yes,11.46,No,None,0,No,No,No,No,No,Two Year,No,Credit Card,20.85,161.65,No
3126-WQMGH,Female,19,No,20893,49,Yes,28.42,Yes,DSL,41,No,No,No,No,No,Month-to-Month,Yes,Credit Card,52.15,2583.75,No
7176-WRTNX,Male,51,No,27381,70,Yes,14.63,Yes,Fiber Optic,30,Yes,Yes,Yes,Yes,Yes,Two Year,Yes,Bank Withdrawal,114.95,7711.25,No
9239-GZHZE,Female,25,No,17409,72,Yes,24.85,Yes,Fiber Optic,47,Yes,Yes,Yes,Yes,Yes,Two Year,Yes,Credit Card,113.65,8124.2,No
7205-BAIAD,Female,42,No,16013,40,Yes,22.89,No,None,0,No,No,No,No,No,Two Year,Yes,Bank Withdrawal,20.6,827.3,No
8064-RAVOH,Male,44,Yes,79736,1,Yes,42.55,Yes,DSL,25,No,No,Yes,No,Yes,Month-to-Month,Yes,Bank Withdrawal,49.85,49.85,No
0219-QAERP,Male,33,No,77791,30,Yes,9.81,No,None,0,No,No,No,No,No,One Year,No,Credit Card,19.8,576.65,No
8963-JLGJT,Male,20,Yes,25771,3,Yes,33.28,Yes,Cable,69,Yes,No,Yes,No,Yes,Month-to-Month,No,Credit Card,55.9,157.55,No
2135-DQWAQ,Female,37,No,16477,5,Yes,45.74,Yes,Fiber Optic,30,No,Yes,No,No,No,Month-to-Month,Yes,Credit Card,85.3,420.45,No
4056-QHXHZ,Female,49,Yes,49975,72,Yes,2.71,Yes,Fiber Optic,20,Yes,No,Yes,Yes,Yes,Two Year,No,Credit Card,107.45,7576.7,No
7401-JIXNM,Female,27,No,16206,54,Yes,29.66,Yes,Cable,76,Yes,Yes,Yes,Yes,Yes,Two Year,No,Credit Card,91.3,4965,No
9339-FIIJL,Male,57,No,14697,72,Yes,10.97,Yes,DSL,30,No,Yes,Yes,Yes,Yes,Two Year,No,Bank Withdrawal,85.95,6151.9,No
6670-MFRPK,Male,53,Yes,18036,69,Yes,21.56,Yes,Fiber Optic,17,No,No,Yes,No,Yes,Two Year,Yes,Credit Card,79.2,5420.65,No
6177-PEVRA,Female,58,No,23506,48,Yes,13.03,Yes,DSL,5,Yes,Yes,No,No,Yes,Two Year,No,Credit Card,55.5,2627.35,No
4813-HQMGZ,Female,54,No,823,8,Yes,9.88,Yes,Fiber Optic,4,No,No,No,Yes,No,Month-to-Month,Yes,Bank Withdrawal,90.25,743.75,No
7579-KKLOE,Male,59,No,9318,71,Yes,46.53,Yes,DSL,3,Yes,Yes,Yes,Yes,Yes,Two Year,Yes,Credit Card,91.25,6589.6,No
8402-EIVQS,Male,40,No,1526,67,Yes,31.41,Yes,Fiber Optic,23,Yes,Yes,No,No,Yes,One Year,Yes,Credit Card,100.9,6733.15,No
4947-DSMXK,Male,28,Yes,8644,34,Yes,42.74,Yes,Fiber Optic,52,No,Yes,No,No,Yes,Month-to-Month,Yes,Bank Withdrawal,97.7,3410,No
7245-NIIWQ,Female,53,No,626,3,Yes,34.76,Yes,Fiber Optic,21,No,No,No,No,Yes,Month-to-Month,Yes,Bank Withdrawal,69.85,199.85,No
0002-ORFBO,Female,37,No,4498,9,Yes,42.39,Yes,Cable,16,No,Yes,No,Yes,Yes,One Year,Yes,Credit Card,65.6,593.3,No
3324-OIRTO,Male,23,Yes,296,71,Yes,14.14,Yes,Fiber Optic,59,Yes,Yes,Yes,No,Yes,One Year,Yes,Bank Withdrawal,104.65,7288.4,No
5414-OFQCB,Male,34,No,53204,57,Yes,30.77,Yes,Fiber Optic,10,No,No,No,Yes,No,Two Year,Yes,Credit Card,90.45,5229.8,No
4967-WPNCF,Male,36,No,6918,72,No,0,Yes,Cable,14,Yes,Yes,Yes,Yes,Yes,Two Year,Yes,Bank Withdrawal,63.7,4464.8,No
8499-BRXTD,Male,28,No,1873,18,Yes,38.73,No,None,0,No,No,No,No,No,One Year,No,Credit Card,20.1,401.85,No
9154-QDGTH,Male,20,Yes,1809,43,Yes,22.83,Yes,Fiber Optic,47,No,No,Yes,Yes,Yes,One Year,Yes,Credit Card,104.3,4451.85,No
8197-BFWVU,Female,62,No,5564,72,Yes,1.72,Yes,Cable,7,Yes,Yes,Yes,Yes,Yes,Two Year,Yes,Bank Withdrawal,93.25,6688.95,No
2577-GVSIL,Male,61,No,15364,35,Yes,13.39,Yes,DSL,20,No,No,No,Yes,Yes,One Year,Yes,Bank Withdrawal,73.45,2661.1,No
9367-OIUXP,Male,28,No,2900,4,Yes,45.37,No,None,0,No,No,No,No,No,Month-to-Month,No,Credit Card,20.7,73.05,No
6770-UAYGJ,Female,23,Yes,1247,49,Yes,33.65,No,None,0,No,No,No,No,No,Two Year,No,Credit Card,25.25,1211.65,No
6463-HHXJR,Female,61,Yes,293,71,Yes,36.5,Yes,Fiber Optic,19,Yes,Yes,Yes,No,Yes,Two Year,No,Bank Withdrawal,100.5,7030.65,No
7928-VJYAB,Male,44,Yes,30419,11,Yes,38.48,Yes,Fiber Optic,19,No,No,No,No,Yes,Month-to-Month,No,Bank Withdrawal,90.6,1020.2,No
1187-WILMM,Male,39,No,15508,63,Yes,44.55,Yes,DSL,29,Yes,Yes,Yes,Yes,Yes,Two Year,Yes,Credit Card,89.4,5597.65,No
1306-RPWXZ,Female,60,Yes,10781,49,Yes,31.7,No,None,0,No,No,No,No,No,Two Year,No,Credit Card,20.45,1024.65,No
3097-PYWXL,Female,30,Yes,798,4,Yes,28.55,No,None,0,No,No,No,No,No,Month-to-Month,Yes,Bank Withdrawal,19.95,82.9,No
2266-SJNAT,Female,21,No,46171,72,Yes,11.85,Yes,Fiber Optic,82,No,Yes,Yes,Yes,Yes,One Year,No,Credit Card,109.15,7789.6,No
2972-YDYUW,Female,47,No,266,57,Yes,38.94,Yes,Fiber Optic,7,No,Yes,No,Yes,Yes,One Year,No,Bank Withdrawal,94.7,5468.95,No
1104-FEJAM,Male,52,Yes,2956,28,Yes,9.31,Yes,DSL,19,No,Yes,No,No,Yes,Month-to-Month,No,Bank Withdrawal,64.4,1802.15,No
2809-ILCYT,Female,56,No,56,25,Yes,3.6,No,None,0,No,No,No,No,No,One Year,Yes,Credit Card,26.8,733.55,No
5499-ECUTN,Female,49,No,15177,47,Yes,6.56,Yes,DSL,11,Yes,No,Yes,No,No,One Year,Yes,Credit Card,66.05,3021.45,No
4981-FLTMF,Female,35,Yes,3546,57,Yes,1.54,Yes,DSL,15,Yes,Yes,No,Yes,Yes,Month-to-Month,No,Bank Withdrawal,65.2,3687.85,No
3113-IWHLC,Male,24,No,5689,5,Yes,41.29,Yes,DSL,51,Yes,No,Yes,No,Yes,Month-to-Month,Yes,Credit Card,55.8,274.35,No
4277-BWBML,Male,48,Yes,2318,72,Yes,8.53,No,None,0,No,No,No,No,No,Two Year,No,Bank Withdrawal,19.95,1322.85,No
0234-TEVTT,Female,43,Yes,56101,48,No,0,Yes,DSL,22,Yes,No,Yes,No,Yes,One Year,No,Credit Card,45,2196.3,No
4304-TSPVK,Female,46,No,236,68,Yes,23.14,Yes,Fiber Optic,21,Yes,Yes,Yes,Yes,Yes,Two Year,No,Bank Withdrawal,114.9,7843.55,No
1552-AAGRX,Female,22,No,44741,30,Yes,42.49,Yes,Fiber Optic,73,Yes,No,No,Yes,No,Month-to-Month,No,Bank Withdrawal,106.4,3211.9,No
2637-FKFSY,Female,61,No,22760,3,Yes,2.66,Yes,DSL,7,No,No,No,No,Yes,Month-to-Month,Yes,Mailed Check,46.1,130.15,No
7874-ECPQJ,Female,57,Yes,2515,4,Yes,27.37,No,None,0,No,No,No,No,No,Month-to-Month,Yes,Bank Withdrawal,20.05,85.5,No
0020-INWCK,Female,58,Yes,8870,71,Yes,27.26,Yes,Fiber Optic,12,No,Yes,Yes,No,Yes,Two Year,Yes,Credit Card,95.75,6849.4,No
7089-RKVSZ,Male,43,No,88,8,Yes,23.18,No,None,0,No,No,No,No,No,One Year,No,Mailed Check,24.4,203.95,No
2683-JXWQQ,Male,24,Yes,36718,61,No,0,Yes,DSL,76,Yes,No,Yes,No,No,Month-to-Month,No,Bank Withdrawal,33.6,2117.2,No
9548-ZMVTX,Male,31,Yes,30395,72,Yes,8.51,Yes,Fiber Optic,24,No,Yes,Yes,Yes,Yes,Two Year,No,Bank Withdrawal,90.45,6565.85,No
8739-XNIKG,Female,29,No,12963,5,Yes,48.49,Yes,Fiber Optic,85,No,No,No,No,Yes,Month-to-Month,Yes,Bank Withdrawal,84,424.75,No
9755-JHNMN,Female,37,No,44588,49,Yes,20.45,Yes,Cable,23,Yes,Yes,Yes,Yes,Yes,Two Year,No,Bank Withdrawal,67.4,3306.85,No
3981-QSVQI,Male,28,No,35643,8,Yes,22.15,No,None,0,No,No,No,No,No,Month-to-Month,Yes,Bank Withdrawal,19.7,168.9,No
2789-HQBOU,Male,60,No,53481,3,Yes,49.63,Yes,Fiber Optic,26,No,No,No,No,Yes,Month-to-Month,Yes,Bank Withdrawal,80.35,253.8,No
9424-CMPOG,Male,53,Yes,59195,9,Yes,2.68,No,None,0,No,No,No,No,No,Two Year,No,Mailed Check,19.6,197.4,No
5067-WJEUN,Male,42,Yes,44915,67,Yes,10.9,Yes,Cable,26,Yes,Yes,No,No,No,Two Year,Yes,Bank Withdrawal,54.2,3838.2,No
3450-WXOAT,Male,36,No,58632,46,Yes,24.13,Yes,Cable,16,No,No,No,No,Yes,Month-to-Month,Yes,Credit Card,45.2,2065.15,No
9251-WNSOD,Female,23,No,20440,67,Yes,4.71,Yes,DSL,58,Yes,Yes,Yes,No,Yes,One Year,No,Mailed Check,75.1,5064.45,No
6974-DAFLI,Female,54,No,40836,55,Yes,3.28,No,None,0,No,No,No,No,No,One Year,No,Bank Withdrawal,19.7,1140.05,No
2616-UUTFK,Male,54,No,25126,33,Yes,19.11,Yes,DSL,21,Yes,Yes,Yes,No,Yes,Month-to-Month,Yes,Bank Withdrawal,72.75,2447.45,No
7064-JHXCE,Male,64,Yes,27047,62,Yes,20.96,No,None,0,No,No,No,No,No,Two Year,No,Credit Card,20.05,1263.9,No
7989-AWGEH,Male,24,Yes,31982,49,No,0,Yes,DSL,47,Yes,No,No,No,Yes,Month-to-Month,Yes,Bank Withdrawal,39.2,1838.15,No
4373-VVHQL,Male,37,No,24499,1,Yes,18.57,Yes,DSL,26,No,No,No,No,No,Month-to-Month,Yes,Bank Withdrawal,44.75,44.75,No
4559-UWIHT,Male,37,No,29539,14,Yes,45.57,Yes,Fiber Optic,10,No,Yes,Yes,No,Yes,Month-to-Month,Yes,Bank Withdrawal,82.65,1185,No
6650-BWFRT,Female,43,No,6526,72,Yes,24.89,Yes,Fiber Optic,5,Yes,Yes,Yes,Yes,Yes,Two Year,Yes,Credit Card,117.15,8529.5,No
9570-KYEUA,Male,38,No,210,64,Yes,36.54,Yes,Fiber Optic,14,Yes,No,Yes,Yes,Yes,Two Year,No,Credit Card,99.25,6549.45,No
6993-YGFJV,Male,29,No,3220,69,Yes,3.41,Yes,Fiber Optic,41,Yes,Yes,Yes,Yes,Yes,Two Year,Yes,Bank Withdrawal,112.55,7806.5,No
2712-SYWAY,Female,30,No,1203,1,Yes,43.84,No,None,0,No,No,No,No,No,Month-to-Month,Yes,Bank Withdrawal,25.7,25.7,No
0730-BGQGF,Male,48,Yes,13106,71,Yes,15.71,Yes,DSL,57,Yes,Yes,Yes,Yes,No,Two Year,No,Credit Card,90.3,6287.3,No
5498-IBWPI,Female,34,Yes,5726,66,Yes,48.11,Yes,Cable,27,No,No,No,Yes,Yes,One Year,Yes,Credit Card,49.4,3251.85,No
9101-NTIXF,Male,32,No,51737,2,Yes,15.16,No,None,0,No,No,No,No,No,Month-to-Month,No,Credit Card,19.4,50.6,No
9314-QDMDW,Male,29,No,1328,11,Yes,27.84,Yes,Cable,59,No,Yes,No,No,Yes,One Year,Yes,Bank Withdrawal,61.25,729.95,No
9308-ANMVE,Male,52,Yes,1317,47,Yes,25.25,Yes,Cable,17,Yes,Yes,No,No,Yes,Month-to-Month,Yes,Bank Withdrawal,55.3,2654.05,No
3413-DHLPB,Male,57,Yes,7435,60,Yes,2.83,Yes,Fiber Optic,19,No,Yes,No,Yes,Yes,Month-to-Month,Yes,Bank Withdrawal,103.75,5969.95,No
7649-PHJVR,Male,22,No,35586,11,Yes,33.48,No,None,0,No,No,No,No,No,One Year,No,Mailed Check,19.5,226.8,No
6114-TCFID,Female,47,No,8564,29,No,0,Yes,Cable,28,Yes,Yes,No,Yes,Yes,One Year,No,Credit Card,39.5,1082.75,No
3787-TRIAL,Male,23,Yes,670,21,No,0,Yes,DSL,59,No,No,No,No,Yes,Month-to-Month,Yes,Bank Withdrawal,26.05,565.75,No
5156-UMKOW,Female,44,Yes,471,3,No,0,Yes,DSL,53,No,Yes,No,No,Yes,Month-to-Month,No,Mailed Check,29.65,90.05,No
1247-QBVSH,Female,41,Yes,2687,43,Yes,14.64,Yes,DSL,19,No,Yes,No,No,Yes,Month-to-Month,No,Mailed Check,50.2,2169.4,No
6734-GMPVK,Male,34,No,30540,5,Yes,44.65,Yes,Fiber Optic,30,No,Yes,Yes,No,Yes,Month-to-Month,No,Bank Withdrawal,105.3,550.6,No
9822-OAOVB,Female,63,No,37364,1,Yes,6.43,Yes,DSL,27,No,No,No,No,No,Month-to-Month,Yes,Bank Withdrawal,55.45,55.45,No
6161-ERDGD,Male,57,Yes,43684,71,Yes,23.41,Yes,DSL,53,Yes,No,Yes,Yes,Yes,One Year,No,Bank Withdrawal,85.45,6300.85,No
1226-JZNKR,Female,20,No,5710,8,Yes,28.37,No,None,0,No,No,No,No,No,One Year,No,Bank Withdrawal,19.8,160.05,No
7318-EIVKO,Male,38,No,1255,8,Yes,48.2,Yes,DSL,22,No,No,No,No,Yes,Month-to-Month,Yes,Bank Withdrawal,59.25,436.6,No
3771-PZOBW,Male,38,No,7958,20,Yes,25.41,Yes,Fiber Optic,27,No,No,Yes,No,Yes,Month-to-Month,Yes,Credit Card,90.7,1781.35,No
8231-BSWXX,Male,44,No,4882,71,Yes,41.34,Yes,Fiber Optic,10,No,Yes,No,No,Yes,One Year,Yes,Credit Card,79.05,5552.5,No
7389-KBFIT,Female,31,Yes,1826,2,No,0,Yes,DSL,20,No,Yes,No,No,Yes,Month-to-Month,Yes,Mailed Check,30.25,63.75,No
7176-WIONM,Female,24,No,13309,12,No,0,Yes,Cable,82,No,No,Yes,No,Yes,Month-to-Month,Yes,Bank Withdrawal,49.85,617.15,No
5141-ZUVBH,Female,46,Yes,2241,9,Yes,42.1,Yes,Fiber Optic,16,Yes,No,Yes,Yes,Yes,Month-to-Month,No,Bank Withdrawal,93,870.25,No
7623-HKYRK,Male,46,Yes,1022,6,Yes,27.78,No,None,0,No,No,No,No,No,Month-to-Month,No,Mailed Check,19.7,111.65,No
0310-SUCIN,Female,50,No,64,71,Yes,23.06,Yes,Cable,6,Yes,Yes,Yes,Yes,Yes,One Year,Yes,Bank Withdrawal,84.8,6046.1,No
5197-PYEPU,Female,21,Yes,7685,42,Yes,6.37,Yes,Fiber Optic,69,Yes,Yes,No,No,No,One Year,Yes,Credit Card,94.45,3923.8,No
6619-RPLQZ,Female,24,Yes,618,45,Yes,40.19,No,None,0,No,No,No,No,No,Two Year,No,Mailed Check,20.85,892.15,No
3275-RHRNE,Male,58,Yes,71,28,No,0,Yes,DSL,52,No,Yes,Yes,Yes,Yes,One Year,Yes,Credit Card,60,1682.05,No
3503-TYDAY,Female,41,No,1436,43,Yes,41.83,Yes,Fiber Optic,15,No,Yes,No,No,Yes,Month-to-Month,No,Bank Withdrawal,80.45,3398.9,No
6901-GOGZG,Male,28,Yes,2771,60,Yes,49.96,Yes,DSL,85,Yes,No,Yes,Yes,Yes,Two Year,Yes,Bank Withdrawal,84.95,4984.85,No
7021-XSNYE,Male,46,Yes,57794,7,No,0,Yes,DSL,28,Yes,No,Yes,Yes,Yes,Two Year,No,Credit Card,49.65,305.55,No
9621-OUPYD,Female,21,No,49309,25,Yes,10.49,No,None,0,No,No,No,No,No,One Year,Yes,Bank Withdrawal,20.2,507.9,No
8982-NHAVY,Male,23,No,11198,27,Yes,8.86,Yes,Fiber Optic,73,No,No,Yes,No,No,One Year,Yes,Bank Withdrawal,100.5,2673.45,No
4307-KWMXE,Male,53,No,1220,10,No,0,Yes,DSL,22,No,Yes,No,Yes,Yes,Month-to-Month,No,Bank Withdrawal,35.75,389.8,No
2450-ZKEED,Female,33,No,8217,11,Yes,7.42,Yes,DSL,17,No,No,Yes,Yes,Yes,One Year,No,Bank Withdrawal,53.8,651.55,No
3694-DELSO,Male,56,Yes,318,4,No,0,Yes,DSL,53,Yes,No,No,No,Yes,Month-to-Month,No,Credit Card,38.55,156.1,No
3893-JRNFS,Male,19,No,67232,68,No,0,Yes,DSL,58,No,No,Yes,No,Yes,Month-to-Month,Yes,Bank Withdrawal,39.9,2796.35,No
1133-KXCGE,Female,38,No,25370,18,Yes,18.8,No,None,0,No,No,No,No,No,One Year,No,Mailed Check,20.1,407.05,No
0142-GVYSN,Male,57,No,117,26,Yes,13.34,No,None,0,No,No,No,No,No,Month-to-Month,Yes,Bank Withdrawal,20.3,511.25,No
1049-FYSYG,Female,48,No,46171,17,No,0,Yes,DSL,23,No,Yes,Yes,No,Yes,Month-to-Month,Yes,Credit Card,35.65,646.05,No
1821-BUCWY,Male,35,No,413,30,Yes,47.06,Yes,Cable,24,Yes,No,Yes,No,Yes,Two Year,Yes,Mailed Check,55.65,1653.85,No
8314-DPQHL,Male,61,No,3464,9,No,0,Yes,DSL,14,Yes,No,Yes,Yes,Yes,One Year,No,Mailed Check,50.8,463.6,No
1465-WCZVT,Female,44,Yes,273,3,Yes,30.34,No,None,0,No,No,No,No,No,Month-to-Month,No,Credit Card,19.65,60.65,No
9481-SFCQY,Female,44,Yes,613,14,Yes,44.14,Yes,DSL,24,No,No,Yes,No,Yes,Month-to-Month,Yes,Credit Card,59.8,824.85,No
0567-GGCAC,Female,38,No,807,7,Yes,15.84,Yes,DSL,14,Yes,Yes,Yes,No,Yes,Month-to-Month,No,Bank Withdrawal,61.4,438.9,No
8884-MRNSU,Male,61,No,5446,17,Yes,14.69,No,None,0,No,No,No,No,No,One Year,No,Bank Withdrawal,19.9,329.75,No
2171-UDMFD,Male,22,Yes,19391,32,Yes,35.05,No,None,0,No,No,No,No,No,Month-to-Month,Yes,Credit Card,19.45,674.55,No
9802-CAQUT,Female,27,Yes,9395,72,Yes,33.39,Yes,Fiber Optic,52,Yes,Yes,Yes,No,No,Two Year,No,Credit Card,109.55,7887.25,No
0187-WZNAB,Female,56,Yes,1965,27,Yes,46.66,Yes,Fiber Optic,28,Yes,No,No,No,Yes,Month-to-Month,No,Credit Card,74.4,1972.35,No
1475-VWVDO,Male,55,No,9388,7,Yes,34.59,Yes,Fiber Optic,12,No,No,Yes,No,Yes,Month-to-Month,Yes,Bank Withdrawal,74.9,490.55,No
1357-MVDOZ,Male,25,Yes,9491,11,Yes,21.14,Yes,DSL,47,No,No,Yes,No,Yes,Month-to-Month,Yes,Bank Withdrawal,59.65,683.25,No
7602-MVRMB,Female,62,Yes,77,72,Yes,46.63,Yes,Fiber Optic,14,Yes,No,Yes,Yes,Yes,Two Year,Yes,Bank Withdrawal,110.45,8058.85,No
5406-KGRMX,Female,30,No,152,71,Yes,2.66,No,None,0,No,No,No,No,No,Two Year,No,Bank Withdrawal,24.55,1719.15,No
5968-HYJRZ,Male,28,Yes,14062,47,Yes,15.68,No,None,0,No,No,No,No,No,Two Year,No,Credit Card,24.55,1160.45,No
7140-ADSMJ,Male,23,No,29124,8,Yes,35.21,No,None,0,No,No,No,No,No,Month-to-Month,Yes,Credit Card,20.45,162.3,No
2230-XTUWL,Female,20,Yes,28434,48,Yes,13.26,No,None,0,No,No,No,No,No,Two Year,No,Credit Card,19.55,883.35,No
7706-YLMQA,Female,30,No,49247,70,Yes,10,No,None,0,No,No,No,No,No,One Year,No,Bank Withdrawal,19.7,1341.5,No
2585-KTFRE,Male,61,Yes,48690,1,Yes,20.1,Yes,Cable,21,Yes,Yes,No,Yes,Yes,Month-to-Month,Yes,Bank Withdrawal,70.45,70.45,No
7994-UYIVZ,Male,62,No,571,8,Yes,39.59,Yes,Fiber Optic,16,No,No,No,No,No,Month-to-Month,Yes,Bank Withdrawal,85.65,659.45,No
7717-BICXI,Male,37,Yes,173,60,Yes,15.65,No,None,0,No,No,No,No,No,Two Year,No,Credit Card,20.55,1205.05,No
6559-RAKOZ,Male,61,Yes,8449,49,Yes,16.02,Yes,Fiber Optic,18,No,No,No,Yes,Yes,One Year,Yes,Bank Withdrawal,97.95,4917.9,No
4716-MRVEN,Female,30,No,12587,29,Yes,32.43,No,None,0,No,No,No,No,No,One Year,No,Credit Card,20,599.3,No
2143-LJULT,Female,55,No,3258,67,Yes,35.34,No,None,0,No,No,No,No,No,Two Year,Yes,Credit Card,25.25,1733.15,No
3200-MNQTF,Male,38,No,265,67,Yes,28.06,Yes,DSL,15,Yes,Yes,Yes,Yes,Yes,Two Year,No,Credit Card,70.9,4677.1,No
6164-HXUGH,Female,40,Yes,972,6,Yes,6.48,No,None,0,No,No,No,No,No,Month-to-Month,No,Credit Card,19.85,119.3,No
5630-IXDXV,Female,51,No,25923,47,Yes,14.54,Yes,Fiber Optic,10,No,Yes,Yes,No,Yes,Month-to-Month,Yes,Bank Withdrawal,106.35,4849.1,No
0320-DWVTU,Female,46,No,5729,53,Yes,43.57,Yes,Fiber Optic,13,Yes,Yes,Yes,Yes,Yes,Two Year,No,Credit Card,99.5,5424.25,No
9135-MGVPY,Male,41,No,28991,69,Yes,48.37,Yes,DSL,7,Yes,Yes,Yes,Yes,Yes,Two Year,Yes,Credit Card,84.7,5878.9,No
1212-GLHMD,Male,54,No,4318,3,Yes,18.26,Yes,Fiber Optic,29,Yes,No,No,No,Yes,Month-to-Month,Yes,Credit Card,86.05,244.85,No
7878-JGDKK,Male,38,No,26213,4,Yes,30.07,Yes,Cable,29,No,No,No,No,Yes,Month-to-Month,No,Credit Card,44.55,220.75,No
1088-AUUZZ,Male,33,Yes,642,56,Yes,37.58,Yes,DSL,26,Yes,Yes,No,Yes,Yes,Two Year,Yes,Credit Card,75.85,4261.2,No
9588-OZDMQ,Female,38,No,2633,2,Yes,15.5,Yes,DSL,12,No,No,No,No,Yes,Month-to-Month,Yes,Bank Withdrawal,45,89.75,No
6476-EPYZR,Male,57,Yes,327,12,Yes,46.06,No,None,0,No,No,No,No,No,Month-to-Month,No,Credit Card,20.5,255.5,No
1174-FGIFN,Female,44,Yes,3146,28,Yes,26.28,Yes,Fiber Optic,19,No,No,No,Yes,Yes,One Year,Yes,Bank Withdrawal,90.45,2509.25,No
6620-HVDUJ,Male,50,No,13858,24,Yes,23.71,Yes,DSL,4,Yes,Yes,No,Yes,Yes,Month-to-Month,No,Bank Withdrawal,60.45,1440.75,No
1032-MAELW,Female,57,Yes,31180,68,Yes,7.47,Yes,DSL,29,Yes,Yes,Yes,Yes,Yes,One Year,Yes,Bank Withdrawal,78.45,5333.35,No
7641-TQFHN,Male,21,Yes,26580,39,Yes,14.72,Yes,Fiber Optic,85,No,No,No,Yes,Yes,Two Year,No,Credit Card,100.55,3895.35,No
1552-TKMXS,Female,37,No,35451,42,Yes,5.95,No,None,0,No,No,No,No,No,Month-to-Month,No,Credit Card,20.35,869.9,No
8622-ZLFKO,Female,56,No,29337,6,Yes,23.35,Yes,Fiber Optic,8,No,Yes,No,No,Yes,Month-to-Month,Yes,Bank Withdrawal,90.75,512.25,No
6188-UXBBR,Female,47,No,45087,38,Yes,10.54,No,None,0,No,No,No,No,No,One Year,Yes,Credit Card,20.25,814.75,No
2333-KWEWW,Male,64,No,6848,18,Yes,26.26,No,None,0,No,No,No,No,No,Two Year,No,Credit Card,20.05,388.6,No
5702-SKUOB,Female,34,No,60889,4,Yes,29.14,No,None,0,No,No,No,No,No,Month-to-Month,No,Credit Card,19.6,93.45,No
1134-YWTYF,Male,32,No,21010,27,Yes,41.48,Yes,DSL,15,No,Yes,No,Yes,Yes,Month-to-Month,Yes,Bank Withdrawal,53.8,1389.85,No
6061-GWWAV,Male,44,Yes,39148,41,Yes,13.76,Yes,Cable,11,Yes,Yes,Yes,No,Yes,One Year,No,Credit Card,70.2,2894.55,No
0679-TDGAK,Male,29,Yes,54701,50,Yes,31.83,Yes,Cable,47,Yes,No,No,Yes,No,One Year,No,Bank Withdrawal,75.5,4025.6,No
6585-WCEWR,Male,24,Yes,16346,72,Yes,22.78,No,None,0,No,No,No,No,No,Two Year,No,Bank Withdrawal,20.35,1354.4,No
9067-YGSCA,Female,35,No,35739,70,Yes,31.33,No,None,0,No,No,No,No,No,One Year,No,Credit Card,26.05,1856.4,No
9067-SQTNS,Male,37,Yes,58548,44,Yes,34.94,No,None,0,No,No,No,No,No,One Year,No,Bank Withdrawal,20.6,926,No
1776-SPBWV,Female,43,Yes,22292,34,Yes,41.72,No,None,0,No,No,No,No,No,One Year,Yes,Bank Withdrawal,20.1,682.1,No
9668-PUGNU,Male,20,No,48690,71,Yes,32.18,No,None,0,No,No,No,No,No,Two Year,Yes,Bank Withdrawal,24.5,1816.2,No
9405-GPBBG,Female,42,No,2966,64,Yes,5.68,Yes,Fiber Optic,24,No,Yes,Yes,Yes,No,Two Year,Yes,Credit Card,110.5,7069.25,No
1926-QUZNN,Female,45,No,13121,72,Yes,49.51,No,None,0,No,No,No,No,No,Two Year,Yes,Bank Withdrawal,25.25,1841.2,No
5829-NVSQN,Female,38,No,9023,23,Yes,31.39,Yes,DSL,29,Yes,No,Yes,Yes,Yes,One Year,Yes,Bank Withdrawal,68.75,1689.45,No
9565-AXSMR,Male,19,Yes,14204,52,Yes,40.76,No,None,0,No,No,No,No,No,Two Year,No,Credit Card,19.2,1054.75,No
8869-LIHMK,Female,51,No,14477,64,Yes,44.31,Yes,Fiber Optic,4,Yes,Yes,Yes,Yes,Yes,Two Year,Yes,Bank Withdrawal,115.1,7334.05,No
0447-RXSGD,Male,39,No,32857,24,Yes,25.68,Yes,Fiber Optic,6,No,Yes,No,No,Yes,Month-to-Month,Yes,Bank Withdrawal,99.65,2404.85,No
4927-WWOOZ,Male,39,No,15449,2,Yes,49.41,Yes,Fiber Optic,20,No,No,Yes,No,No,Month-to-Month,Yes,Bank Withdrawal,91.45,171.45,No
5788-YPOEG,Female,41,Yes,4602,34,Yes,9.09,Yes,DSL,16,Yes,Yes,Yes,Yes,Yes,Two Year,No,Credit Card,84.75,2839.45,No
0661-KBKPA,Male,43,Yes,38244,53,Yes,31.86,Yes,DSL,56,No,No,Yes,Yes,Yes,One Year,Yes,Credit Card,78.75,3942.45,No
9081-WWXKP,Female,64,Yes,13003,47,Yes,37.35,No,None,0,No,No,No,No,No,Two Year,No,Credit Card,20.25,873.4,No
0784-ZQJZX,Male,22,Yes,407,72,Yes,31.93,No,None,0,No,No,No,No,No,Two Year,No,Credit Card,19.9,1529.65,No
3133-PZNSR,Male,25,Yes,25566,72,Yes,20.79,Yes,Fiber Optic,59,Yes,Yes,No,Yes,Yes,Two Year,Yes,Credit Card,97.75,6991.6,No
0722-SVSFK,Female,45,No,17929,7,Yes,39.02,Yes,Fiber Optic,25,No,No,Yes,Yes,Yes,Month-to-Month,Yes,Bank Withdrawal,100.4,715,No
3612-YVGSJ,Female,59,No,1622,71,Yes,33,No,None,0,No,No,No,No,No,Two Year,Yes,Credit Card,24.45,1681.6,No
5397-NSKQG,Male,39,Yes,18486,67,No,0,Yes,DSL,17,Yes,No,No,No,Yes,Two Year,No,Credit Card,50.9,3281.65,No
8565-HBFNN,Male,51,No,21496,69,Yes,33.37,Yes,Fiber Optic,24,Yes,Yes,Yes,Yes,Yes,One Year,Yes,Credit Card,107.2,7317.1,No
8670-ERCJH,Male,33,No,6601,72,Yes,2.56,Yes,Fiber Optic,25,Yes,Yes,Yes,Yes,Yes,Two Year,No,Bank Withdrawal,113.4,8164.1,No
7758-UJWYS,Male,31,Yes,20350,34,No,0,Yes,DSL,29,No,No,No,Yes,Yes,Two Year,Yes,Bank Withdrawal,40.55,1325.85,No
2050-ONYDQ,Female,48,Yes,2346,65,Yes,2.95,No,None,0,No,No,No,No,No,Two Year,No,Credit Card,26,1654.85,No
7055-JCGNI,Female,60,No,3064,70,Yes,44.57,Yes,Fiber Optic,26,Yes,Yes,Yes,Yes,Yes,Two Year,Yes,Credit Card,111.95,7795.95,No
0739-UUAJR,Female,61,Yes,32143,72,No,0,Yes,Cable,14,Yes,No,Yes,No,Yes,Two Year,Yes,Credit Card,53.8,3952.45,No
4826-DXMUP,Male,23,Yes,13483,35,Yes,10.11,Yes,DSL,73,No,No,No,Yes,Yes,One Year,Yes,Credit Card,72.1,2495.15,No
7285-KLOTR,Female,46,No,38885,12,Yes,25.09,Yes,Cable,17,Yes,No,Yes,No,Yes,One Year,No,Bank Withdrawal,78.85,876.75,No
0654-PQKDW,Female,58,Yes,2055,62,Yes,42.05,Yes,DSL,20,Yes,No,Yes,Yes,Yes,One Year,Yes,Bank Withdrawal,70.75,4263.45,No
7175-NTIXE,Female,26,No,35737,25,Yes,21.67,Yes,DSL,48,Yes,No,No,Yes,Yes,Month-to-Month,Yes,Credit Card,76.15,1992.95,No
7963-SHNDT,Female,63,No,25569,52,No,0,Yes,DSL,7,Yes,Yes,No,Yes,No,Two Year,No,Credit Card,39.1,1982.1,No
0188-GWFLE,Male,33,No,10658,2,Yes,1.81,No,None,0,No,No,No,No,No,Month-to-Month,No,Credit Card,20.05,33.7,No
8129-GMVGI,Female,58,Yes,39566,56,Yes,35.38,No,None,0,No,No,No,No,No,Two Year,No,Credit Card,20.05,1090.1,No
2882-DDZPG,Female,27,No,28098,12,Yes,35.81,No,None,0,No,No,No,No,No,Month-to-Month,No,Bank Withdrawal,19.45,227.45,No
3547-LQRIK,Female,20,No,291,47,Yes,11.68,No,None,0,No,No,No,No,No,One Year,No,Bank Withdrawal,26.9,1250.85,No
5843-TTHGI,Female,30,No,64010,18,Yes,17.33,Yes,DSL,69,No,No,Yes,No,No,Month-to-Month,Yes,Credit Card,50,892.7,No
1849-RJYIG,Female,43,No,50070,8,Yes,46.78,Yes,DSL,24,Yes,No,No,No,Yes,Month-to-Month,Yes,Bank Withdrawal,60,487.75,No
8868-GAGIO,Male,49,No,16985,45,Yes,22.8,Yes,Fiber Optic,15,Yes,No,Yes,No,Yes,Month-to-Month,Yes,Credit Card,84.55,3713.95,No
4061-UKJWL,Male,35,No,28998,3,Yes,20.37,Yes,Cable,17,No,No,No,No,Yes,Month-to-Month,No,Credit Card,45.45,141.7,No
5380-XPJNZ,Female,22,No,23036,38,Yes,40.64,No,None,0,No,No,No,No,No,One Year,No,Credit Card,20.05,678.2,No
8263-QMNTJ,Male,46,No,384,72,Yes,47.82,Yes,Fiber Optic,21,Yes,Yes,Yes,Yes,Yes,Two Year,Yes,Bank Withdrawal,115.55,8425.3,No
3230-JCNZS,Female,43,Yes,17372,71,Yes,15.73,Yes,Fiber Optic,17,Yes,Yes,Yes,No,Yes,Two Year,Yes,Credit Card,99,7061.65,No
0277-ORXQS,Male,33,Yes,13723,66,No,0,Yes,Cable,23,No,No,No,Yes,No,Two Year,No,Bank Withdrawal,50.55,3364.55,No
7996-BPXHY,Female,44,Yes,3337,13,Yes,35.19,No,None,0,No,No,No,No,No,Two Year,Yes,Bank Withdrawal,25,332.5,No
3227-WLKLI,Female,52,Yes,73117,65,Yes,10.11,Yes,Cable,26,Yes,Yes,Yes,Yes,Yes,Two Year,No,Bank Withdrawal,91.55,5963.95,No
2266-FUBDZ,Male,19,Yes,33122,15,Yes,46.47,No,None,0,No,No,No,No,No,Two Year,No,Credit Card,19.35,278.85,No
8237-ULIXL,Female,21,No,42959,72,Yes,13.27,No,None,0,No,No,No,No,No,Two Year,No,Credit Card,24.85,1871.85,No
8216-AZUUZ,Female,42,Yes,38955,42,Yes,12.6,Yes,Fiber Optic,26,No,No,Yes,Yes,Yes,Two Year,Yes,Bank Withdrawal,100.4,4303.65,No
9153-BTBVV,Female,61,No,42476,71,Yes,48.01,No,None,0,No,No,No,No,No,Two Year,No,Bank Withdrawal,25,1753,No
5186-PEIZU,Female,31,No,33177,35,Yes,37.81,No,None,0,No,No,No,No,No,Month-to-Month,No,Bank Withdrawal,19.25,617.65,No
1074-AMIOH,Female,38,Yes,20643,53,Yes,43.39,Yes,Fiber Optic,29,No,Yes,Yes,Yes,Yes,Month-to-Month,Yes,Bank Withdrawal,108.25,5935.1,No
4361-FEBGN,Male,41,No,27906,48,Yes,33.68,No,None,0,No,No,No,No,No,Two Year,No,Credit Card,20.15,982.95,No
0380-ZCSBI,Male,56,No,26831,10,Yes,4.42,No,None,0,No,No,No,No,No,Month-to-Month,No,Credit Card,20,198.7,No
7145-FEJWU,Female,62,Yes,40137,12,Yes,16.96,Yes,Fiber Optic,18,No,Yes,Yes,No,Yes,Month-to-Month,Yes,Bank Withdrawal,105.3,1275.65,No
3969-JQABI,Female,47,No,45499,58,Yes,40.16,Yes,DSL,20,Yes,Yes,No,No,No,Month-to-Month,Yes,Credit Card,65.25,3791.6,No
9624-EGDEQ,Female,49,No,1723,37,Yes,41.99,No,None,0,No,No,No,No,No,Two Year,No,Credit Card,19.8,813.3,No
1051-EQPZR,Female,21,Yes,13386,44,Yes,4.17,No,None,0,No,No,No,No,No,Month-to-Month,No,Credit Card,19.6,780.25,No
5849-ASHZJ,Male,26,Yes,24492,27,Yes,17.3,No,None,0,No,No,No,No,No,One Year,No,Credit Card,20.05,552.9,No
5780-INQIK,Female,52,No,32488,8,Yes,20.9,Yes,DSL,6,No,No,No,Yes,Yes,Month-to-Month,No,Bank Withdrawal,49.4,408.25,No
8384-FZBJK,Female,37,Yes,31882,57,Yes,32.37,Yes,Fiber Optic,28,No,Yes,No,No,Yes,Month-to-Month,Yes,Bank Withdrawal,100.6,5611.7,No
3750-RNQKR,Female,38,No,58555,12,Yes,18.12,No,None,0,No,No,No,No,No,Month-to-Month,No,Credit Card,19.45,246.25,No
0962-CQPWQ,Female,57,Yes,13996,62,Yes,2.41,No,None,0,No,No,No,No,No,Two Year,No,Bank Withdrawal,20.3,1296.15,No
3096-YXENJ,Female,25,No,19777,65,Yes,27.69,Yes,Fiber Optic,52,No,Yes,Yes,Yes,Yes,Two Year,Yes,Bank Withdrawal,107.65,7082.85,No
1265-BCFEO,Female,30,No,15187,71,Yes,26.58,Yes,Cable,27,No,No,Yes,Yes,Yes,Two Year,Yes,Bank Withdrawal,80.45,5662.25,No
5837-LXSDN,Female,63,Yes,3641,21,Yes,35.72,Yes,Cable,30,No,Yes,No,No,Yes,One Year,Yes,Credit Card,58.85,1215.45,No
5945-AZYHT,Male,53,No,90891,71,Yes,49.32,Yes,Fiber Optic,9,Yes,Yes,Yes,No,Yes,One Year,Yes,Bank Withdrawal,109.6,7854.15,No
8325-QRPZR,Female,56,No,25578,7,Yes,30.06,Yes,Fiber Optic,10,No,No,Yes,No,No,Month-to-Month,Yes,Bank Withdrawal,75.15,525,No
6384-VMJHP,Female,23,No,2379,72,Yes,23.02,Yes,Cable,69,Yes,Yes,Yes,Yes,Yes,Two Year,Yes,Credit Card,73,5265.2,No
2262-SLNVK,Female,53,No,138,1,Yes,1.15,Yes,Fiber Optic,23,No,No,No,No,Yes,Month-to-Month,No,Bank Withdrawal,70.1,70.1,No
7730-CLDSV,Female,61,Yes,26577,72,Yes,35.21,Yes,Fiber Optic,10,No,Yes,Yes,Yes,Yes,Two Year,Yes,Bank Withdrawal,98.65,7129.45,No
1135-HIORI,Female,48,Yes,10153,64,Yes,39.37,Yes,Fiber Optic,53,No,Yes,Yes,Yes,Yes,One Year,Yes,Bank Withdrawal,111.45,7266.95,No
0164-APGRB,Female,56,No,7384,72,Yes,48.37,Yes,Fiber Optic,5,Yes,Yes,Yes,Yes,Yes,Two Year,Yes,Bank Withdrawal,114.9,8496.7,No
6481-ESCNL,Female,33,No,14239,29,Yes,10.67,Yes,Fiber Optic,12,No,No,Yes,No,Yes,Month-to-Month,No,Bank Withdrawal,100.55,2878.75,No
1790-NESIO,Female,23,No,27394,13,Yes,6.56,No,None,0,No,No,No,No,No,Two Year,Yes,Credit Card,20.4,261.3,No
1550-EENBN,Female,23,No,18650,31,Yes,45.71,Yes,Fiber Optic,58,Yes,Yes,No,No,Yes,Month-to-Month,No,Bank Withdrawal,104.35,3205.6,No
8198-RKSZG,Female,43,Yes,23141,14,Yes,9.77,Yes,DSL,21,No,Yes,No,Yes,Yes,Month-to-Month,No,Credit Card,80.45,1137.05,No
9297-EONCV,Female,47,No,66543,72,Yes,44.21,Yes,DSL,22,Yes,Yes,Yes,Yes,Yes,Two Year,Yes,Bank Withdrawal,91.35,6697.2,No
1069-QJOEE,Male,47,Yes,60274,25,Yes,18.87,No,None,0,No,No,No,No,No,One Year,No,Bank Withdrawal,19.9,505.45,No
7799-DSEWS,Male,22,No,72993,18,Yes,48.68,Yes,DSL,48,Yes,No,Yes,Yes,Yes,Month-to-Month,Yes,Bank Withdrawal,68.35,1299.8,No
8766-PAFNE,Male,21,No,27311,71,Yes,28.02,Yes,DSL,27,No,Yes,Yes,Yes,Yes,Two Year,Yes,Credit Card,79.1,5564.85,No
3130-ICDUP,Female,56,Yes,22479,2,Yes,5.3,Yes,Fiber Optic,11,Yes,No,No,No,Yes,Month-to-Month,No,Credit Card,80.55,188.1,No
0820-FNRNX,Male,48,Yes,23996,17,Yes,29.87,Yes,DSL,53,No,Yes,Yes,Yes,Yes,Month-to-Month,Yes,Mailed Check,66.7,1077.05,No
0880-FVFWF,Male,32,No,75929,56,Yes,37.15,Yes,Fiber Optic,13,Yes,Yes,No,No,Yes,Month-to-Month,Yes,Bank Withdrawal,86.4,4922.4,No
4611-ANLQC,Female,31,No,13212,60,No,0,Yes,Cable,4,Yes,Yes,Yes,No,Yes,One Year,No,Bank Withdrawal,50.05,2911.5,No
4213-HKBJO,Female,60,No,46677,33,Yes,36.5,No,None,0,No,No,No,No,No,Two Year,No,Credit Card,25.7,826.1,No
2792-LSHWX,Female,49,No,33883,1,Yes,43.06,Yes,Fiber Optic,9,Yes,Yes,No,Yes,Yes,Month-to-Month,Yes,Credit Card,83.4,83.4,No
0014-BMAQU,Male,52,No,63947,63,Yes,12.96,Yes,Fiber Optic,7,Yes,No,No,Yes,No,Two Year,Yes,Credit Card,84.65,5377.8,No
9018-PCIOK,Female,63,No,42491,55,Yes,27,Yes,Cable,20,No,Yes,Yes,No,Yes,Two Year,Yes,Mailed Check,64.75,3617.1,No
4837-QUSFT,Female,35,No,27607,65,Yes,36.62,Yes,Fiber Optic,6,Yes,Yes,No,Yes,Yes,One Year,Yes,Bank Withdrawal,100.15,6643.5,No
9953-ZMKSM,Male,28,No,16717,63,Yes,4.01,No,None,0,No,No,No,No,No,Two Year,No,Mailed Check,25.25,1559.3,No
7665-NKLAV,Female,19,Yes,36669,36,No,0,Yes,Cable,71,Yes,No,Yes,Yes,Yes,Two Year,No,Credit Card,40.65,1547.35,No
4391-LNRXK,Male,37,No,173,22,Yes,48.07,Yes,Fiber Optic,18,No,Yes,Yes,Yes,Yes,Month-to-Month,Yes,Bank Withdrawal,94.95,2142.8,No
8562-GHPPI,Female,50,No,41871,1,Yes,11.96,No,None,0,No,No,No,No,No,Month-to-Month,No,Credit Card,19.8,19.8,No
5893-PYOLZ,Male,55,No,36568,56,Yes,49.36,Yes,DSL,21,No,Yes,Yes,Yes,Yes,Two Year,Yes,Credit Card,81.8,4534.45,No
4986-MXSFP,Female,40,No,19815,2,Yes,43.27,No,None,0,No,No,No,No,No,Month-to-Month,Yes,Mailed Check,20,40.9,No
6131-FOYAS,Male,48,No,26240,35,Yes,20.61,Yes,DSL,16,Yes,No,Yes,No,Yes,Month-to-Month,Yes,Bank Withdrawal,59.6,2094.9,No
3027-YNWZU,Female,44,No,44078,64,Yes,6.81,No,None,0,No,No,No,No,No,Two Year,No,Credit Card,25,1584.8,No
5609-IMCGG,Female,44,No,39279,15,Yes,6.22,Yes,Fiber Optic,4,Yes,No,Yes,No,Yes,Month-to-Month,Yes,Credit Card,84.35,1302.65,No
4727-MCYZG,Male,23,No,66472,1,Yes,33.32,Yes,DSL,48,No,No,No,No,No,Month-to-Month,No,Mailed Check,55.55,55.55,No
9481-WHGWY,Female,35,Yes,28568,70,Yes,39.53,Yes,DSL,53,Yes,No,No,Yes,Yes,Two Year,No,Credit Card,75.35,5437.75,No
4328-VUFWD,Female,62,No,51665,39,Yes,6.77,Yes,DSL,17,No,No,No,Yes,Yes,One Year,No,Bank Withdrawal,59.3,2209.15,No
3301-LSLWQ,Female,32,No,159,29,Yes,17.87,Yes,Cable,26,Yes,No,No,No,Yes,Month-to-Month,Yes,Bank Withdrawal,66.1,1912.15,No
7473-ZBDSN,Female,38,Yes,18024,14,Yes,44.55,No,None,0,No,No,No,No,No,Two Year,No,Mailed Check,18.8,255.55,No
3166-PNEOF,Female,57,No,40917,61,Yes,4.51,Yes,Cable,24,Yes,No,Yes,Yes,Yes,Two Year,No,Credit Card,86.45,5175.3,No
5639-NTUPK,Male,28,Yes,26022,13,Yes,19.17,Yes,Cable,59,Yes,No,No,No,Yes,Month-to-Month,Yes,Credit Card,52.1,670.65,No
8780-YRMTT,Female,64,No,2873,66,No,0,Yes,DSL,29,Yes,Yes,Yes,Yes,No,Two Year,Yes,Mailed Check,47.4,3177.25,No
5140-FOMCQ,Female,52,No,28900,59,Yes,40.47,Yes,Fiber Optic,4,Yes,Yes,Yes,No,Yes,One Year,Yes,Credit Card,109.15,6557.75,No
6242-SGYTS,Male,19,Yes,31392,62,Yes,15.76,Yes,Fiber Optic,59,Yes,Yes,No,No,Yes,One Year,Yes,Credit Card,94.95,5791.85,No
8414-OOEEL,Male,48,Yes,41876,66,Yes,12.48,Yes,DSL,23,No,Yes,Yes,Yes,Yes,Two Year,Yes,Credit Card,79.5,5196.1,No
8454-AATJP,Female,41,No,21054,72,Yes,19.6,Yes,Fiber Optic,15,Yes,Yes,Yes,Yes,Yes,Two Year,No,Credit Card,115.05,8405,No
4531-AUZNK,Female,21,Yes,29964,51,Yes,18.42,Yes,Fiber Optic,47,Yes,No,No,Yes,Yes,One Year,Yes,Mailed Check,95.15,5000.05,No
4191-XOVOM,Male,25,No,36517,63,Yes,22.73,Yes,Fiber Optic,73,No,Yes,No,Yes,No,Month-to-Month,No,Bank Withdrawal,105.4,6713.2,No
2150-OEGBV,Male,31,No,11702,27,Yes,33.4,No,None,0,No,No,No,No,No,One Year,No,Bank Withdrawal,20.1,562.6,No
4878-BUNFV,Male,59,Yes,30751,42,Yes,32.02,No,None,0,No,No,No,No,No,Two Year,No,Mailed Check,20.7,828.85,No
1872-EBWSC,Female,28,No,15638,29,Yes,21.19,No,None,0,No,No,No,No,No,One Year,No,Mailed Check,20.35,617.35,No
7026-YMSBE,Male,62,No,21205,30,Yes,24.57,No,None,0,No,No,No,No,No,One Year,No,Mailed Check,19.7,625.05,No
6997-UVGOX,Male,35,Yes,15882,71,Yes,22.83,Yes,DSL,53,Yes,Yes,Yes,Yes,Yes,Two Year,No,Bank Withdrawal,85.45,6029.9,No
9674-EHPPG,Male,63,No,11889,46,No,0,Yes,DSL,26,Yes,No,Yes,Yes,No,Two Year,No,Credit Card,40.4,1842.7,No
5440-VHLUL,Male,48,No,8157,69,Yes,44.57,Yes,Fiber Optic,28,No,Yes,No,Yes,Yes,One Year,Yes,Bank Withdrawal,105.2,7386.05,No
5781-BKHOP,Female,48,No,28450,72,Yes,41.68,Yes,Fiber Optic,28,Yes,Yes,Yes,No,Yes,Two Year,No,Bank Withdrawal,100.65,7334.05,No
5213-TWWJU,Male,26,No,39089,28,Yes,45.24,Yes,Fiber Optic,59,No,No,Yes,Yes,Yes,Month-to-Month,No,Bank Withdrawal,91,2626.15,No
7629-WIXZF,Female,32,No,28403,7,Yes,6.83,Yes,DSL,17,Yes,No,No,No,Yes,One Year,Yes,Bank Withdrawal,59.1,369.25,No
5445-GLVOT,Female,64,No,12010,22,Yes,31.53,Yes,Cable,11,Yes,No,No,No,Yes,Month-to-Month,Yes,Bank Withdrawal,49.8,1049.05,No
3976-HXHCE,Male,57,No,13065,72,Yes,45.75,No,None,0,No,No,No,No,No,Two Year,No,Bank Withdrawal,19.3,1414.8,No
2466-NEJOJ,Male,58,Yes,584,8,Yes,26.17,No,None,0,No,No,No,No,No,Month-to-Month,No,Credit Card,19.65,169.75,No
0254-KCJGT,Male,64,No,1785,52,Yes,41.34,Yes,Cable,24,Yes,Yes,Yes,Yes,Yes,One Year,Yes,Credit Card,81.4,4354.45,No
5472-CVMDX,Female,21,No,1573,68,No,0,Yes,DSL,58,Yes,No,Yes,Yes,Yes,Two Year,No,Credit Card,38.9,2719.2,No
6461-SZMCV,Female,46,No,9038,71,Yes,9.06,Yes,DSL,30,Yes,Yes,Yes,Yes,Yes,Two Year,No,Bank Withdrawal,87.95,6365.35,No
8150-QUDFX,Male,27,No,42544,2,Yes,27.47,No,None,0,No,No,No,No,No,Month-to-Month,No,Credit Card,19.85,51.6,No
2346-DJQTB,Female,54,No,8486,35,No,0,Yes,DSL,21,No,No,No,No,No,Month-to-Month,No,Bank Withdrawal,24.15,812.5,No
1697-LYYYX,Female,21,Yes,7936,61,Yes,42.11,No,None,0,No,No,No,No,No,One Year,No,Credit Card,19.1,1143.8,No
1942-OQFRW,Male,62,No,1025,1,Yes,13.4,Yes,DSL,17,No,No,No,No,Yes,Month-to-Month,No,Bank Withdrawal,44,44,No
9640-ZSLDC,Female,29,Yes,821,53,Yes,31.99,Yes,DSL,59,No,No,Yes,No,Yes,One Year,No,Credit Card,60.6,3297,No
4231-LZUYM,Female,37,No,6773,72,Yes,12.58,No,None,0,No,No,No,No,No,Two Year,No,Bank Withdrawal,25.65,1887,No
3594-BDSOA,Female,44,No,24741,24,Yes,35.86,No,None,0,No,No,No,No,No,One Year,No,Credit Card,20.4,482.8,No
5133-VRSAB,Male,47,No,248,8,No,0,Yes,Cable,8,Yes,No,No,No,No,Month-to-Month,No,Credit Card,29.35,216.45,No
5996-DAOQL,Male,28,No,3777,1,Yes,42.17,No,None,0,No,No,No,No,No,Month-to-Month,Yes,Credit Card,20.45,20.45,No
6838-YAUVY,Female,26,No,31930,54,Yes,11.76,Yes,Fiber Optic,52,No,No,Yes,Yes,Yes,Two Year,Yes,Bank Withdrawal,95.1,5064.85,No
0484-JPBRU,Male,23,No,35419,41,Yes,41.21,No,None,0,No,No,No,No,No,Month-to-Month,Yes,Bank Withdrawal,25.25,996.45,No
7883-ROJOC,Female,33,No,1885,19,Yes,34.51,Yes,Cable,22,No,No,No,No,Yes,Month-to-Month,No,Credit Card,44.9,839.65,No
0244-LGNFY,Female,35,Yes,16849,72,Yes,30,Yes,DSL,19,Yes,Yes,Yes,Yes,Yes,Two Year,No,Bank Withdrawal,92.65,6733,No
7274-CGTOD,Male,21,No,548,62,No,0,Yes,DSL,51,Yes,Yes,Yes,Yes,Yes,Two Year,Yes,Bank Withdrawal,43.7,2618.3,No
4635-EJYPD,Male,39,Yes,384,32,Yes,35.39,No,None,0,No,No,No,No,No,Two Year,No,Credit Card,18.95,613.95,No
1866-ZSLJM,Male,31,No,66,21,Yes,32.89,No,None,0,No,No,No,No,No,Month-to-Month,No,Credit Card,20.5,402.85,No
4636-TVXVG,Male,28,Yes,1449,62,Yes,47.96,No,None,0,No,No,No,No,No,One Year,No,Bank Withdrawal,19.95,1244.8,No
4236-UJPWO,Female,34,No,2147,2,No,0,Yes,DSL,5,No,No,No,No,Yes,Month-to-Month,No,Bank Withdrawal,24.5,46.4,No
9392-XBGTD,Male,42,Yes,24227,27,Yes,8.55,No,None,0,No,No,No,No,No,Two Year,No,Credit Card,20.6,581.85,No
6402-SSEJG,Female,31,No,6407,25,No,0,Yes,DSL,9,Yes,Yes,Yes,No,Yes,One Year,No,Bank Withdrawal,61.05,1540.2,No
1169-SAOCL,Male,45,No,1007,49,Yes,22.52,Yes,Fiber Optic,25,No,Yes,No,Yes,No,One Year,Yes,Bank Withdrawal,106.65,5168.1,No
1110-KYLGQ,Female,46,No,44976,63,Yes,5.17,Yes,Fiber Optic,16,Yes,Yes,Yes,No,Yes,Month-to-Month,No,Credit Card,108.25,6780.1,No
9929-PLVPA,Female,51,Yes,9673,4,Yes,30.79,No,None,0,No,No,No,No,No,Month-to-Month,No,Credit Card,20.4,94.5,No
3518-PZXZQ,Female,27,No,8582,1,Yes,36.69,Yes,DSL,82,No,No,No,No,Yes,Month-to-Month,Yes,Credit Card,55.3,55.3,No
2371-JUNGC,Male,46,No,54431,11,Yes,28.62,No,None,0,No,No,No,No,No,Month-to-Month,No,Credit Card,20.25,208,No
5074-FBGHB,Male,47,No,4753,64,Yes,25.95,Yes,Fiber Optic,23,No,No,Yes,Yes,Yes,One Year,Yes,Credit Card,104.65,6889.8,No
2351-BKRZW,Female,30,Yes,49968,43,Yes,29.98,Yes,Cable,59,Yes,No,Yes,No,Yes,Two Year,No,Bank Withdrawal,75.2,3254.35,No
4455-BFSPD,Female,35,No,48690,61,Yes,36.13,Yes,Fiber Optic,23,No,No,No,Yes,Yes,One Year,No,Bank Withdrawal,101.15,6383.9,No
3948-KXDUF,Male,64,No,10172,66,Yes,20.52,Yes,Cable,10,Yes,Yes,Yes,Yes,Yes,Two Year,No,Bank Withdrawal,68.75,4447.55,No
2323-ARSVR,Male,51,No,62848,67,Yes,46.89,Yes,Fiber Optic,29,Yes,Yes,Yes,Yes,Yes,Two Year,Yes,Bank Withdrawal,111.05,7321.05,No
0815-MFZGM,Female,54,No,41707,42,Yes,1.31,Yes,Fiber Optic,17,No,No,Yes,Yes,Yes,Two Year,Yes,Credit Card,99,4135,No
5480-XTFFL,Female,60,Yes,77,31,Yes,9.8,No,None,0,No,No,No,No,No,Two Year,No,Credit Card,21,697.7,No
8295-FHIVV,Male,63,No,813,7,Yes,9.19,No,None,0,No,No,No,No,No,Month-to-Month,Yes,Credit Card,19.4,168.65,No
9086-YJYXS,Male,23,Yes,5671,34,Yes,5.39,Yes,Cable,52,No,No,Yes,No,Yes,One Year,No,Bank Withdrawal,77.2,2753.8,No
1179-INLAT,Male,33,No,36349,3,Yes,2.78,No,None,0,No,No,No,No,No,One Year,Yes,Credit Card,19.45,69.25,No
7909-FIOIY,Female,21,Yes,52986,19,No,0,Yes,Cable,85,No,No,No,No,Yes,Month-to-Month,Yes,Credit Card,24.85,434.8,No
6351-SCJKT,Male,32,No,36631,3,No,0,Yes,Cable,25,Yes,No,Yes,Yes,Yes,Month-to-Month,No,Credit Card,41.35,107.25,No
5468-BPMMO,Male,59,No,4563,46,Yes,16.07,No,None,0,No,No,No,No,No,Month-to-Month,No,Bank Withdrawal,19.6,851.2,No
0197-PNKNK,Female,47,Yes,14574,69,Yes,38.92,Yes,Fiber Optic,16,Yes,No,Yes,No,No,One Year,No,Bank Withdrawal,84.45,5848.6,No
2439-QKJUL,Male,31,No,30589,5,Yes,7.83,No,None,0,No,No,No,No,No,Month-to-Month,No,Credit Card,20.25,109.8,No
1194-SPVSP,Male,20,No,9823,1,Yes,27.88,No,None,0,No,No,No,No,No,Month-to-Month,No,Bank Withdrawal,19.65,19.65,No
9534-NSXEM,Male,28,No,81141,26,Yes,31.53,No,None,0,No,No,No,No,No,One Year,Yes,Credit Card,20.65,595.5,No
8929-KSWIH,Male,21,No,57748,25,Yes,4.94,Yes,Fiber Optic,51,No,No,Yes,Yes,Yes,Two Year,No,Bank Withdrawal,99.3,2513.5,No
2250-IVBWA,Male,47,Yes,52334,64,Yes,49.49,Yes,Fiber Optic,12,Yes,Yes,No,No,Yes,Month-to-Month,No,Bank Withdrawal,81.05,5135.35,No
1810-MVMAI,Male,31,Yes,561,30,Yes,48.04,Yes,Cable,19,Yes,Yes,Yes,Yes,Yes,Month-to-Month,No,Bank Withdrawal,67.6,2000.2,No
9506-UXUSK,Male,53,No,51706,13,Yes,39.17,Yes,Fiber Optic,10,No,No,No,No,No,Month-to-Month,Yes,Bank Withdrawal,70.15,931.75,No
1229-RCALF,Female,37,No,29914,64,Yes,46.44,Yes,Fiber Optic,29,Yes,Yes,Yes,Yes,Yes,One Year,Yes,Bank Withdrawal,115,7396.15,No
3572-UOLYZ,Female,28,Yes,31926,46,Yes,4.08,Yes,Fiber Optic,59,No,No,Yes,Yes,Yes,Month-to-Month,Yes,Bank Withdrawal,84.8,3958.85,No
1429-UYJSV,Female,57,No,10155,12,Yes,36.65,No,None,0,No,No,No,No,No,One Year,No,Credit Card,19.7,260.9,No
6366-XIVKZ,Female,40,Yes,59841,13,Yes,39.2,Yes,Cable,25,Yes,No,Yes,No,Yes,Month-to-Month,Yes,Credit Card,63.15,816.8,No
3470-OBUET,Female,49,Yes,59632,67,Yes,43.01,Yes,Cable,16,Yes,Yes,No,Yes,Yes,Two Year,No,Credit Card,74,4868.4,No
2770-NSVDG,Male,25,No,45257,24,No,0,Yes,DSL,51,No,No,Yes,No,Yes,Month-to-Month,No,Bank Withdrawal,29.1,688,No
9375-MHRRS,Male,37,No,46185,6,Yes,23.01,Yes,DSL,13,No,No,No,Yes,No,Month-to-Month,No,Credit Card,50.05,288.35,No
4860-YZGZM,Male,27,No,32804,10,Yes,39.39,No,None,0,No,No,No,No,No,Month-to-Month,No,Bank Withdrawal,20,185.4,No
6599-GZWCM,Female,39,No,37570,13,Yes,42.62,Yes,Fiber Optic,15,No,Yes,No,No,Yes,One Year,Yes,Credit Card,74.65,966.25,No
7037-MTYVW,Male,26,Yes,26032,38,Yes,17.52,Yes,DSL,59,Yes,No,Yes,Yes,Yes,Two Year,Yes,Bank Withdrawal,85.4,3297,No
4760-THGOT,Female,33,No,9657,43,Yes,49.48,Yes,Fiber Optic,11,Yes,Yes,No,No,Yes,Month-to-Month,Yes,Bank Withdrawal,94.1,4107.3,No
4016-BJKTZ,Female,20,No,36944,25,Yes,32.33,Yes,Fiber Optic,51,No,Yes,Yes,Yes,Yes,Two Year,No,Bank Withdrawal,108.9,2809.05,No
6584-VQMYT,Male,19,Yes,14792,27,Yes,2.63,Yes,DSL,59,Yes,Yes,No,No,No,One Year,No,Credit Card,56.2,1567.55,No
9838-BFCQT,Male,61,Yes,7023,72,Yes,33.92,No,None,0,No,No,No,No,No,Two Year,No,Credit Card,26.1,1851.45,No
2790-XUYMV,Male,19,Yes,38,71,Yes,31.89,Yes,Fiber Optic,30,Yes,Yes,No,No,Yes,One Year,Yes,Credit Card,85.45,6028.95,No
0581-MDMPW,Female,63,No,44103,24,Yes,44.09,Yes,Fiber Optic,9,No,No,Yes,No,Yes,Month-to-Month,Yes,Credit Card,88.95,2072.75,No
1023-BQXZE,Male,30,No,16357,57,Yes,24.67,Yes,DSL,42,Yes,No,Yes,No,Yes,Two Year,Yes,Bank Withdrawal,74.35,4317.35,No
9163-GHAYE,Female,34,No,30476,15,Yes,31.68,Yes,Cable,23,No,Yes,No,No,Yes,Month-to-Month,No,Bank Withdrawal,48.85,736.8,No
3904-UKFRE,Male,27,No,34138,4,Yes,44.16,Yes,Fiber Optic,82,Yes,No,No,No,Yes,Month-to-Month,Yes,Bank Withdrawal,80.1,336.15,No
5353-WILCI,Female,51,No,49657,28,Yes,44.11,Yes,Cable,15,Yes,Yes,No,No,No,Month-to-Month,No,Bank Withdrawal,56.05,1522.65,No
0058-EVZWM,Female,37,No,30814,55,Yes,5.08,Yes,Fiber Optic,9,Yes,No,No,No,Yes,Month-to-Month,Yes,Bank Withdrawal,89.8,4959.6,No
7009-PCARS,Male,53,Yes,23789,55,Yes,39.29,No,None,0,No,No,No,No,No,One Year,No,Bank Withdrawal,19.1,1001.5,No
0519-DRGTI,Female,58,Yes,19109,20,Yes,42.46,No,None,0,No,No,No,No,No,Month-to-Month,No,Credit Card,20.35,442.6,No
1017-FBQMM,Female,47,Yes,6317,62,Yes,15.05,Yes,Fiber Optic,23,No,Yes,No,Yes,Yes,One Year,Yes,Credit Card,106.05,6703.5,No
1985-MBRYP,Female,44,No,5159,43,Yes,6.71,No,None,0,No,No,No,No,No,Two Year,Yes,Bank Withdrawal,19.65,779.25,No
9372-TXXPS,Female,49,No,27,60,Yes,41.4,Yes,Cable,21,Yes,Yes,No,Yes,Yes,Two Year,No,Bank Withdrawal,59.85,3483.45,No
3259-QMXUN,Male,38,No,75,58,Yes,22.14,Yes,DSL,2,Yes,Yes,Yes,No,No,Two Year,Yes,Bank Withdrawal,86.1,4890.5,No
1015-JPFYW,Male,47,Yes,722,7,Yes,49.16,No,None,0,No,No,No,No,No,One Year,No,Credit Card,19.45,136.75,No
6645-MXQJT,Male,40,Yes,2633,2,Yes,39.35,Yes,Fiber Optic,24,Yes,No,No,No,Yes,Month-to-Month,No,Bank Withdrawal,97.1,184.15,No
5804-JMYIO,Female,40,Yes,21,39,Yes,15.91,No,None,0,No,No,No,No,No,Two Year,No,Credit Card,19.75,757.95,No
6484-LATFU,Male,20,No,3148,68,Yes,5.84,No,None,0,No,No,No,No,No,Two Year,No,Credit Card,24.55,1657.4,No
7599-NTMDP,Female,32,Yes,3205,62,No,0,Yes,Cable,26,Yes,Yes,No,Yes,No,Two Year,No,Bank Withdrawal,48.7,3008.55,No
0536-ACXIP,Female,34,No,22073,72,Yes,44.2,Yes,Fiber Optic,2,Yes,Yes,Yes,No,Yes,Two Year,Yes,Bank Withdrawal,109.55,8165.1,No
0936-NQLJU,Female,40,No,2718,41,Yes,8.44,No,None,0,No,No,No,No,No,Two Year,No,Credit Card,20.65,875.55,No
1575-KRZZE,Female,64,No,4353,4,Yes,7.49,Yes,Cable,17,Yes,Yes,No,No,Yes,Month-to-Month,No,Bank Withdrawal,55.2,220.65,No
3251-YMVWZ,Male,34,No,3930,53,Yes,39.37,No,None,0,No,No,No,No,No,One Year,No,Bank Withdrawal,24.05,1301.9,No
4884-LEVMQ,Male,39,No,11266,39,Yes,36.39,No,None,0,No,No,No,No,No,Two Year,Yes,Bank Withdrawal,20.45,790,No
8857-CUPFQ,Male,57,No,304,63,Yes,17.38,No,None,0,No,No,No,No,No,Two Year,No,Credit Card,19.25,1237.65,No
7610-TVOPG,Male,48,No,2198,15,Yes,7.96,No,None,0,No,No,No,No,No,Month-to-Month,Yes,Bank Withdrawal,26.35,378.6,No
3638-DIMPH,Female,34,No,435,13,Yes,29.49,Yes,DSL,2,No,No,No,No,Yes,One Year,No,Bank Withdrawal,43.8,592.65,No
1845-ZLLIG,Male,45,No,4176,1,Yes,20.3,Yes,DSL,16,No,Yes,No,No,Yes,Month-to-Month,Yes,Credit Card,50.15,50.15,No
8559-WNQZS,Male,37,No,27808,1,Yes,43.82,No,None,0,No,No,No,No,No,Two Year,No,Credit Card,20.45,20.45,No
1699-UOTXU,Male,24,No,167,60,Yes,30.92,Yes,DSL,26,Yes,Yes,Yes,No,Yes,Two Year,No,Bank Withdrawal,61.4,3638.25,No
0635-WKOLD,Male,33,No,32881,40,Yes,23.74,Yes,DSL,22,No,Yes,No,Yes,Yes,One Year,No,Credit Card,70.75,2921.75,No
5993-JSUWV,Female,25,No,2144,66,Yes,21.37,Yes,DSL,30,Yes,Yes,Yes,No,Yes,Two Year,Yes,Bank Withdrawal,61.15,4017.45,No
4518-FZBSX,Male,57,Yes,2271,42,Yes,9.33,No,None,0,No,No,No,No,No,One Year,No,Credit Card,20.25,854.9,No
6988-CJEYV,Male,56,No,1508,49,Yes,45.46,Yes,Fiber Optic,27,No,Yes,No,No,Yes,Month-to-Month,No,Bank Withdrawal,98.7,4920.55,No
3097-FQTVJ,Female,23,No,5513,41,Yes,10.09,No,None,0,No,No,No,No,No,Two Year,No,Mailed Check,20,810.3,No
5465-BUBFA,Female,34,Yes,808,41,Yes,21.28,No,None,0,No,No,No,No,No,Two Year,No,Bank Withdrawal,19.3,772.4,No
7299-GNVPL,Female,19,Yes,579,23,Yes,27.24,Yes,Fiber Optic,82,Yes,Yes,No,Yes,Yes,Month-to-Month,No,Mailed Check,84.4,1936.85,No
9743-DQKQW,Male,28,No,11474,3,No,0,Yes,DSL,69,No,No,No,No,Yes,Month-to-Month,No,Bank Withdrawal,25.1,79.8,No
1215-VFYVK,Female,19,No,3680,4,No,0,Yes,Cable,30,Yes,No,Yes,Yes,No,Month-to-Month,No,Mailed Check,48.25,202.25,No
9371-BITHB,Female,27,Yes,7872,52,Yes,3.41,No,None,0,No,No,No,No,No,Two Year,No,Mailed Check,19.85,1070.5,No
9093-FPDLG,Female,54,No,7177,11,Yes,9.52,Yes,Fiber Optic,4,No,Yes,Yes,Yes,Yes,Month-to-Month,Yes,Bank Withdrawal,94.2,999.9,No
0541-FITGH,Female,59,No,128,2,Yes,48.39,Yes,Cable,24,Yes,No,No,No,Yes,Month-to-Month,Yes,Mailed Check,62.15,113.1,No
6985-HAYWX,Female,50,No,6822,26,Yes,37.6,Yes,Fiber Optic,10,No,Yes,No,No,Yes,Month-to-Month,No,Bank Withdrawal,79.3,2015.8,No
7508-KBIMB,Male,33,Yes,9559,24,Yes,2.31,Yes,Cable,53,Yes,No,Yes,No,Yes,One Year,Yes,Credit Card,56.25,1454.25,No
6838-HVLXG,Female,26,No,2130,12,Yes,32.32,No,None,0,No,No,No,No,No,Month-to-Month,No,Mailed Check,20.3,246.7,No
1897-OKVMW,Female,44,Yes,10834,64,Yes,37,Yes,DSL,19,Yes,Yes,Yes,Yes,Yes,Two Year,Yes,Mailed Check,90.6,5817.45,No
5485-ITNPC,Male,42,No,3256,66,Yes,7.61,Yes,DSL,10,Yes,Yes,Yes,Yes,Yes,Two Year,Yes,Bank Withdrawal,85.9,5595.3,No
0233-FTHAV,Female,24,No,12672,60,Yes,15.29,Yes,Fiber Optic,48,No,No,Yes,No,Yes,One Year,Yes,Bank Withdrawal,79.2,4765,No
4644-PIZRT,Male,36,Yes,683,17,Yes,33.24,Yes,DSL,76,Yes,No,Yes,No,Yes,One Year,Yes,Bank Withdrawal,70.35,1201.65,No
8922-NPKBJ,Male,63,Yes,36738,42,Yes,34.33,No,None,0,No,No,No,No,No,Two Year,No,Mailed Check,19.35,867.3,No
2740-TVLFN,Male,42,No,19867,1,Yes,39.87,Yes,DSL,2,No,No,No,No,Yes,Month-to-Month,Yes,Bank Withdrawal,50.15,50.15,No
7771-CFQRQ,Female,32,Yes,10226,47,Yes,30.06,Yes,DSL,57,No,Yes,No,Yes,No,Two Year,No,Bank Withdrawal,63.8,3007.25,No
9512-PHSMG,Female,27,No,59289,10,Yes,10.42,No,None,0,No,No,No,No,No,Month-to-Month,Yes,Credit Card,20.55,252.75,No
4146-SVFUD,Male,45,No,47536,1,Yes,45.28,Yes,DSL,2,No,No,No,No,Yes,Month-to-Month,No,Mailed Check,44.6,44.6,No
1564-HJUVY,Male,53,No,27135,4,Yes,3.03,Yes,DSL,11,No,Yes,No,Yes,Yes,Month-to-Month,Yes,Bank Withdrawal,63.75,226.2,No
3617-XLSGQ,Female,61,Yes,47613,66,Yes,20.11,Yes,Fiber Optic,25,Yes,Yes,Yes,No,No,Two Year,No,Bank Withdrawal,109.25,7082.5,No
7517-LDMPS,Female,31,No,26055,12,Yes,2.57,Yes,Fiber Optic,25,No,Yes,No,No,Yes,Month-to-Month,Yes,Bank Withdrawal,84.6,1017.35,No
7244-KXYZN,Female,25,No,13343,24,Yes,5.98,No,None,0,No,No,No,No,No,One Year,No,Credit Card,20.45,527.35,No
5226-NOZFC,Male,48,No,30668,26,Yes,40.35,Yes,Fiber Optic,13,No,Yes,No,No,Yes,Month-to-Month,Yes,Bank Withdrawal,85.75,2146.5,No
1400-WIVLL,Male,31,No,25384,57,Yes,16.78,Yes,Fiber Optic,29,No,No,Yes,Yes,Yes,Two Year,No,Bank Withdrawal,107.95,5969.85,No
8148-NLEGT,Female,47,Yes,235,42,Yes,13.95,No,None,0,No,No,No,No,No,Two Year,No,Bank Withdrawal,22.95,1014.25,No
8347-GDTMP,Female,25,No,12646,64,Yes,14.78,No,None,0,No,No,No,No,No,Two Year,No,Credit Card,19.45,1225.65,No
6746-WAUWT,Male,62,No,12466,19,Yes,26.54,No,None,0,No,No,No,No,No,One Year,Yes,Credit Card,19.7,386.5,No
0428-IKYCP,Male,56,No,25340,22,Yes,48.68,Yes,Fiber Optic,18,No,No,Yes,No,Yes,Month-to-Month,Yes,Bank Withdrawal,87,1850.65,No
2187-PKZAY,Male,23,No,1960,12,Yes,40.06,Yes,Fiber Optic,41,No,No,No,No,Yes,Month-to-Month,Yes,Bank Withdrawal,79.95,1043.4,No
4003-OCTMP,Female,55,No,69801,31,Yes,28.8,Yes,Cable,15,Yes,No,No,Yes,Yes,One Year,Yes,Bank Withdrawal,64,1910.75,No
6652-YFFJO,Female,42,No,3979,11,Yes,13.56,Yes,Cable,17,No,No,No,No,Yes,Month-to-Month,Yes,Bank Withdrawal,64.9,716.1,No
7225-IILWY,Male,36,Yes,40545,68,Yes,26.83,No,None,0,No,No,No,No,No,Two Year,No,Mailed Check,25.75,1686.15,No
3170-GWYKC,Female,30,No,274,60,Yes,22.88,Yes,Fiber Optic,48,Yes,No,Yes,Yes,Yes,Month-to-Month,Yes,Bank Withdrawal,104.95,6236.75,No
9830-ECLEN,Male,21,Yes,11463,58,No,0,Yes,Cable,52,Yes,Yes,Yes,No,Yes,One Year,No,Mailed Check,50,2919.85,No
2668-TZSPS,Male,32,No,40270,1,Yes,39.61,No,None,0,No,No,No,No,No,Month-to-Month,No,Mailed Check,20.45,20.45,No
7446-SFAOA,Female,54,No,30876,37,Yes,15.51,No,None,0,No,No,No,No,No,One Year,Yes,Bank Withdrawal,19.85,717.5,No
9522-ZSINC,Male,34,No,25718,13,Yes,7.33,No,None,0,No,No,No,No,No,One Year,Yes,Bank Withdrawal,19.95,253.8,No
8234-GSZYK,Male,39,No,1054,43,Yes,28.9,No,None,0,No,No,No,No,No,Two Year,No,Bank Withdrawal,26.45,1110.05,No
6505-OZNPG,Female,21,No,747,6,No,0,Yes,Cable,52,Yes,Yes,Yes,Yes,No,Two Year,Yes,Mailed Check,63.4,348.8,No
6164-HAQTX,Male,46,No,1374,71,No,0,Yes,DSL,20,Yes,Yes,Yes,Yes,Yes,Two Year,No,Bank Withdrawal,53.95,3888.65,No
7765-LWVVH,Female,39,Yes,333,72,Yes,18.74,Yes,Fiber Optic,19,Yes,Yes,No,No,Yes,Two Year,Yes,Bank Withdrawal,95.1,6843.15,No
0953-LGOVU,Male,19,Yes,13485,12,No,0,Yes,DSL,73,No,Yes,No,Yes,Yes,Month-to-Month,No,Mailed Check,35.5,432.25,No
4692-NNQRU,Female,49,No,9210,21,Yes,14.51,Yes,Fiber Optic,20,No,No,Yes,Yes,Yes,One Year,No,Bank Withdrawal,79.2,1742.45,No
7742-MYPGI,Female,39,Yes,1591,6,Yes,49.45,Yes,DSL,10,No,No,No,Yes,Yes,Month-to-Month,Yes,Credit Card,48.8,297.35,No
9619-GSATL,Female,38,No,91,43,Yes,1.6,Yes,DSL,19,No,Yes,No,Yes,No,One Year,No,Bank Withdrawal,55.45,2444.25,No
5622-UEJFI,Female,53,Yes,187,35,Yes,32.75,No,None,0,No,No,No,No,No,Two Year,Yes,Credit Card,25.4,949.8,No
6203-HBZPA,Male,57,No,6216,52,No,0,Yes,DSL,18,Yes,Yes,Yes,Yes,Yes,Two Year,No,Credit Card,63.9,3334.95,No
0484-FFVBJ,Male,43,No,14417,32,Yes,15.52,Yes,DSL,12,No,No,No,No,Yes,One Year,Yes,Bank Withdrawal,64.85,2010.95,No
0301-FIDRB,Female,61,Yes,476,72,No,0,Yes,DSL,22,Yes,Yes,Yes,Yes,Yes,Two Year,Yes,Bank Withdrawal,63.8,4684.3,No
4139-JPIAM,Male,31,No,2349,51,No,0,Yes,DSL,2,Yes,No,No,Yes,Yes,Month-to-Month,Yes,Credit Card,44.45,2181.55,No
2181-TIDSV,Male,47,Yes,4101,68,Yes,19.75,No,None,0,No,No,No,No,No,Two Year,Yes,Bank Withdrawal,19.95,1303.25,No
1936-CZAKF,Male,22,No,390,49,No,0,Yes,Cable,27,No,Yes,No,No,Yes,Two Year,No,Credit Card,49.65,2409.9,No
9453-PATOS,Female,24,No,1916,72,Yes,20.54,Yes,Cable,41,Yes,Yes,Yes,Yes,Yes,Two Year,No,Credit Card,85.1,6155.4,No
4402-FTBXC,Male,55,No,1373,54,Yes,27.17,Yes,Fiber Optic,24,Yes,No,Yes,No,Yes,Month-to-Month,No,Credit Card,89.8,4667,No
2931-XIQBR,Female,41,Yes,9902,50,Yes,47.48,Yes,Fiber Optic,27,No,No,Yes,Yes,Yes,One Year,No,Credit Card,103.05,5153.5,No
0106-UGRDO,Female,55,No,1653,69,Yes,38.52,Yes,Fiber Optic,27,Yes,Yes,Yes,Yes,Yes,Two Year,Yes,Bank Withdrawal,116,8182.85,No
5542-TBBWB,Male,46,No,11180,1,Yes,9.36,Yes,Fiber Optic,14,No,No,No,No,No,Month-to-Month,Yes,Bank Withdrawal,69.9,69.9,No
1930-QPBVZ,Male,31,Yes,2706,68,Yes,9.29,Yes,Fiber Optic,18,Yes,Yes,No,Yes,Yes,Two Year,No,Bank Withdrawal,95.1,6683.4,No
2606-PKWJB,Male,62,Yes,882,40,No,0,Yes,Cable,57,Yes,Yes,No,Yes,Yes,One Year,No,Credit Card,40.25,1564.05,No
5322-ZSMZY,Male,26,Yes,2644,31,Yes,7.03,No,None,0,No,No,No,No,No,Two Year,No,Credit Card,25.75,755.6,No
5220-AGAAX,Male,60,Yes,2229,68,Yes,2.71,No,None,0,No,No,No,No,No,Two Year,Yes,Bank Withdrawal,24,1664.3,No
0208-BPQEJ,Female,48,Yes,7789,12,Yes,8.25,No,None,0,No,No,No,No,No,Month-to-Month,No,Bank Withdrawal,19.4,198.1,No
9435-JMLSX,Male,39,No,1537,71,Yes,5.51,Yes,Cable,6,Yes,Yes,Yes,Yes,Yes,Two Year,Yes,Bank Withdrawal,86.1,6045.9,No
3352-ALMCK,Male,42,No,148,40,Yes,32.78,Yes,Fiber Optic,29,No,Yes,Yes,No,Yes,Month-to-Month,Yes,Credit Card,102.65,4108.15,No
5312-IRCFR,Female,21,Yes,2223,64,Yes,37.47,Yes,Fiber Optic,69,No,Yes,Yes,No,Yes,One Year,Yes,Bank Withdrawal,92.85,5980.75,No
5294-IMHHT,Male,44,No,1880,53,Yes,32.94,Yes,Fiber Optic,17,No,Yes,No,Yes,Yes,One Year,No,Bank Withdrawal,97.75,5043.2,No
6176-YJWAS,Male,43,No,1884,72,Yes,38.3,Yes,Fiber Optic,3,Yes,Yes,Yes,No,Yes,Two Year,Yes,Credit Card,97.95,7114.25,No
5310-NOOVA,Male,51,No,5995,46,Yes,13.42,No,None,0,No,No,No,No,No,Two Year,No,Bank Withdrawal,19.95,907.05,No
4526-EXKKN,Male,27,No,298,40,Yes,27.47,No,None,0,No,No,No,No,No,Two Year,Yes,Credit Card,24.6,973.95,No
5311-IHLEI,Male,45,No,31266,12,No,0,Yes,DSL,9,Yes,Yes,No,Yes,Yes,Month-to-Month,Yes,Bank Withdrawal,50.95,605.75,No
3987-KQDDU,Male,58,No,34314,9,Yes,21.11,Yes,Fiber Optic,6,Yes,No,No,No,Yes,Month-to-Month,No,Bank Withdrawal,75.6,661.55,No
3404-JNXAX,Female,40,Yes,30988,51,Yes,29.56,Yes,Fiber Optic,27,No,No,No,Yes,Yes,Month-to-Month,Yes,Bank Withdrawal,80.75,4116.9,No
5131-PONJI,Male,62,Yes,2344,49,Yes,11.74,Yes,Fiber Optic,20,No,Yes,Yes,No,Yes,Month-to-Month,Yes,Credit Card,90.4,4494.65,No
3489-VSFRD,Female,32,No,13472,56,Yes,30.86,Yes,DSL,22,Yes,No,Yes,Yes,Yes,One Year,Yes,Credit Card,60.25,3282.75,No
3345-JHUEO,Male,29,No,23701,4,Yes,46.53,No,None,0,No,No,No,No,No,Month-to-Month,Yes,Bank Withdrawal,20.2,55.7,No
5815-HGGHV,Male,45,No,240,20,Yes,33.78,Yes,DSL,18,Yes,No,No,Yes,No,One Year,Yes,Credit Card,64.15,1274.45,No
5260-UMPWX,Female,41,Yes,335,26,Yes,24.44,No,None,0,No,No,No,No,No,Month-to-Month,Yes,Credit Card,20.25,493.95,No
5649-RXQTV,Male,34,No,261,51,Yes,42.33,Yes,Fiber Optic,2,No,Yes,Yes,No,Yes,Month-to-Month,Yes,Bank Withdrawal,99,5038.15,No
2674-MIAHT,Female,26,No,199,4,Yes,38.74,Yes,Fiber Optic,51,No,Yes,No,No,Yes,Month-to-Month,Yes,Credit Card,80.3,324.2,No
2576-HXMPA,Female,30,No,15921,1,Yes,8.23,No,None,0,No,No,No,No,No,Month-to-Month,No,Credit Card,19.55,19.55,No
7587-AOVVU,Male,39,Yes,19596,27,Yes,14.07,Yes,Fiber Optic,15,Yes,Yes,No,Yes,Yes,Month-to-Month,No,Bank Withdrawal,100.75,2793.55,No
6898-MDLZW,Male,53,No,1584,12,Yes,1.8,Yes,DSL,3,No,Yes,No,Yes,Yes,Month-to-Month,Yes,Credit Card,53.75,648.65,No
4707-YNOQA,Female,57,Yes,485,34,Yes,25.69,No,None,0,No,No,No,No,No,One Year,Yes,Credit Card,25.6,917.15,No
9357-UJRUN,Male,50,No,1072,24,Yes,34.01,Yes,Cable,4,Yes,No,No,Yes,Yes,One Year,Yes,Bank Withdrawal,58.35,1346.9,No
7663-CUXZB,Male,34,No,228,59,Yes,14.98,Yes,Fiber Optic,19,Yes,Yes,Yes,Yes,Yes,Two Year,No,Bank Withdrawal,113.75,6561.25,No
0258-NOKBL,Male,22,No,12241,3,Yes,31.48,Yes,Fiber Optic,73,No,Yes,Yes,No,Yes,Month-to-Month,No,Bank Withdrawal,90.4,268.45,No
1163-VIPRI,Female,22,Yes,2423,65,Yes,13.25,Yes,Fiber Optic,47,Yes,No,Yes,Yes,Yes,Two Year,No,Bank Withdrawal,109.3,7337.55,No
9348-ROUAI,Female,50,Yes,82,59,Yes,47.05,Yes,Cable,24,Yes,Yes,Yes,Yes,Yes,Two Year,No,Credit Card,90.3,5194.05,No
9443-JUBUO,Male,24,Yes,3041,72,No,0,Yes,DSL,51,Yes,Yes,Yes,Yes,No,Two Year,Yes,Credit Card,65.25,4478.85,No
3043-TYBNO,Male,43,No,264,3,Yes,22.49,Yes,DSL,11,No,No,No,Yes,Yes,Month-to-Month,No,Credit Card,60.65,196.9,No
4830-FAXFM,Male,62,Yes,155,19,Yes,14.48,No,None,0,No,No,No,No,No,Month-to-Month,Yes,Credit Card,24.1,439.2,No
5906-BFOZT,Male,54,No,1447,1,Yes,8.02,No,None,0,No,No,No,No,No,Month-to-Month,Yes,Credit Card,19.5,19.5,No
2960-NKRSO,Male,60,No,265,24,Yes,9.53,Yes,Fiber Optic,24,No,Yes,Yes,Yes,Yes,Month-to-Month,Yes,Bank Withdrawal,85.95,2107.15,No
5598-IKHQQ,Female,39,No,644,72,Yes,6.75,No,None,0,No,No,No,No,No,Two Year,No,Credit Card,25.45,1866.45,No
0397-ZXWQF,Male,24,No,494,67,Yes,47.31,No,None,0,No,No,No,No,No,Two Year,No,Bank Withdrawal,20.5,1430.95,No
5266-PFRQK,Male,47,Yes,574,52,Yes,39.48,No,None,0,No,No,No,No,No,One Year,Yes,Credit Card,20.85,1071.6,No
4674-HGNUA,Male,57,Yes,300,71,Yes,31.33,Yes,Cable,27,Yes,Yes,Yes,Yes,Yes,Two Year,No,Credit Card,89.9,6457.15,No
6765-MBQNU,Female,56,No,163,26,Yes,33.47,No,None,0,No,No,No,No,No,One Year,No,Credit Card,26,684.05,No
9786-IJYDL,Female,49,No,1851,35,Yes,30.5,Yes,Fiber Optic,8,Yes,Yes,Yes,Yes,Yes,Two Year,Yes,Credit Card,113.2,3914.05,No
1303-SRDOK,Female,52,Yes,3284,55,Yes,27.87,Yes,Fiber Optic,17,No,No,No,No,Yes,Two Year,Yes,Credit Card,69.05,3842.6,No
3769-MHZNV,Female,61,Yes,660,33,Yes,24.27,No,None,0,No,No,No,No,No,Two Year,No,Credit Card,20.1,670.35,No
6295-OSINB,Male,20,No,395,72,Yes,6.89,Yes,Fiber Optic,73,Yes,Yes,Yes,No,No,Two Year,Yes,Bank Withdrawal,109.65,7880.25,No
3308-MHOOC,Male,37,Yes,1125,1,Yes,17.89,No,None,0,No,No,No,No,No,Month-to-Month,Yes,Credit Card,19.2,19.2,No
4177-JPDFU,Male,35,No,400,12,No,0,Yes,Cable,6,No,Yes,No,Yes,Yes,Month-to-Month,No,Credit Card,34,442.45,No
2239-CFOUJ,Male,27,Yes,2369,1,Yes,27.5,No,None,0,No,No,No,No,No,One Year,No,Credit Card,20.4,20.4,No
8046-DNVTL,Male,56,No,270,62,No,0,Yes,Cable,29,Yes,Yes,No,Yes,Yes,Two Year,Yes,Credit Card,38.6,2345.55,No
2209-XADXF,Female,40,No,1666,1,No,0,Yes,DSL,15,No,No,No,No,No,Month-to-Month,No,Bank Withdrawal,25.25,25.25,No
6620-JDYNW,Female,64,No,321,18,Yes,10.97,Yes,DSL,9,Yes,No,Yes,No,Yes,Month-to-Month,Yes,Credit Card,60.6,1156.35,No
4770-UEZOX,Male,19,No,42239,2,Yes,43.56,Yes,Fiber Optic,52,No,Yes,No,No,Yes,Month-to-Month,Yes,Bank Withdrawal,74.75,144.8,No
1038-RQOST,Male,43,Yes,259,19,Yes,4.7,No,None,0,No,No,No,No,No,Month-to-Month,No,Credit Card,20.6,414.95,No
4568-TTZRT,Male,36,No,18197,9,Yes,13.72,No,None,0,No,No,No,No,No,Month-to-Month,No,Credit Card,20.4,181.8,No
9513-DXHDA,Male,58,No,24944,27,Yes,49.25,Yes,DSL,4,Yes,No,Yes,Yes,Yes,One Year,No,Bank Withdrawal,81.7,2212.55,No
8084-OIVBS,Female,31,No,1417,11,Yes,46.49,No,None,0,No,No,No,No,No,One Year,No,Credit Card,20,211.95,No
8896-BQTTI,Male,41,No,3674,1,Yes,3.39,No,None,0,No,No,No,No,No,Month-to-Month,Yes,Credit Card,25,25,No
3352-RICWQ,Female,45,Yes,67411,9,Yes,16.13,No,None,0,No,No,No,No,No,Two Year,No,Credit Card,19.75,210.65,No
2160-GPFXD,Male,25,Yes,648,54,Yes,24.59,Yes,DSL,52,Yes,Yes,No,Yes,Yes,Two Year,Yes,Credit Card,65.65,3566.7,No
2065-MMKGR,Female,47,No,4426,29,Yes,41.38,Yes,DSL,4,No,No,No,No,Yes,One Year,Yes,Credit Card,71,2080.1,No
1498-NHTLT,Male,21,Yes,41636,59,Yes,42.37,Yes,Cable,73,Yes,Yes,Yes,Yes,No,Two Year,Yes,Bank Withdrawal,86.75,5186,No
1402-PTHGN,Female,22,Yes,38534,18,Yes,40.36,Yes,DSL,51,Yes,Yes,No,Yes,Yes,One Year,Yes,Credit Card,61.5,1087.45,No
5199-FPUSP,Male,64,Yes,2756,33,No,0,Yes,Cable,12,Yes,No,No,Yes,Yes,One Year,No,Credit Card,34.05,1113.95,No
6377-KSLXC,Male,31,No,40750,5,Yes,24.16,No,None,0,No,No,No,No,No,Month-to-Month,No,Credit Card,19.95,107.05,No
1796-JANOW,Female,33,No,850,2,Yes,34.57,No,None,0,No,No,No,No,No,Month-to-Month,No,Credit Card,19.95,38.15,No
0238-WHBIQ,Male,25,Yes,51855,72,Yes,33.75,Yes,Cable,30,Yes,Yes,Yes,Yes,Yes,Two Year,No,Credit Card,89.7,6339.3,No
8735-NBLWT,Male,34,Yes,5714,9,Yes,45.83,No,None,0,No,No,No,No,No,Month-to-Month,No,Credit Card,20.4,184.1,No
6651-RLGGM,Male,54,Yes,24194,67,Yes,14.54,No,None,0,No,No,No,No,No,Two Year,No,Credit Card,26.3,1688.9,No
1614-JBEBI,Female,59,No,2723,8,Yes,26.47,No,None,0,No,No,No,No,No,Month-to-Month,Yes,Mailed Check,20.7,137.6,No
5696-EXCYS,Male,50,No,213,17,Yes,39.34,No,None,0,No,No,No,No,No,Two Year,No,Credit Card,19.45,369.05,No
5795-KTGUD,Female,61,No,9752,68,Yes,46.7,Yes,Fiber Optic,14,Yes,Yes,Yes,No,Yes,Two Year,Yes,Bank Withdrawal,110.8,7553.6,No
4702-HDRKD,Male,30,No,1793,67,No,0,Yes,Cable,85,Yes,No,Yes,Yes,Yes,One Year,Yes,Bank Withdrawal,49.35,3321.35,No
8512-WIWYV,Male,20,No,129,32,Yes,36.78,No,None,0,No,No,No,No,No,One Year,No,Credit Card,20.35,707.5,No
1406-PUQVY,Male,29,Yes,844,1,Yes,6.35,Yes,DSL,76,No,Yes,No,No,Yes,Month-to-Month,Yes,Bank Withdrawal,49.9,49.9,No
9114-AAFQH,Female,27,No,32202,48,Yes,49.88,Yes,DSL,42,No,Yes,Yes,No,Yes,One Year,Yes,Bank Withdrawal,65.65,3094.65,No
8715-KKTFG,Female,63,No,25173,61,Yes,18.03,Yes,Fiber Optic,22,No,No,Yes,Yes,Yes,One Year,Yes,Bank Withdrawal,103.3,6518.35,No
1728-BQDMA,Female,22,No,2048,2,Yes,18.7,Yes,DSL,59,No,No,No,No,Yes,Month-to-Month,No,Bank Withdrawal,44.45,82.7,No
5117-ZSMHQ,Female,22,Yes,5501,71,Yes,37.57,Yes,DSL,85,Yes,Yes,Yes,Yes,No,Two Year,No,Bank Withdrawal,89.9,6342.7,No
5151-HQRDG,Male,57,No,34146,37,Yes,27.41,Yes,DSL,10,Yes,No,No,No,Yes,Month-to-Month,Yes,Mailed Check,55.05,2030.75,No
0960-HUWBM,Male,40,Yes,901,65,Yes,39.52,Yes,Fiber Optic,57,No,No,Yes,Yes,Yes,Two Year,Yes,Bank Withdrawal,104.1,6700.05,No
6465-GSRCL,Female,19,Yes,2220,67,Yes,18.74,Yes,Fiber Optic,59,No,Yes,No,Yes,Yes,One Year,Yes,Bank Withdrawal,106.6,7244.7,No
0263-FJTQO,Male,53,Yes,3815,50,Yes,44.49,Yes,Cable,28,Yes,No,No,Yes,Yes,Two Year,Yes,Credit Card,70.5,3486.65,No
7319-ZNRTR,Male,43,Yes,14010,25,Yes,15.76,No,None,0,No,No,No,No,No,One Year,No,Bank Withdrawal,19.6,411.15,No
7503-EPSZW,Female,45,Yes,364,64,Yes,17.93,No,None,0,No,No,No,No,No,Two Year,Yes,Mailed Check,24.05,1559.15,No
7089-XXAYG,Male,37,No,21510,25,No,0,Yes,Cable,24,No,No,Yes,No,No,One Year,Yes,Credit Card,38.1,970.4,No
1666-JXLKU,Female,64,No,24738,37,Yes,17.46,Yes,Fiber Optic,22,No,No,Yes,No,Yes,Month-to-Month,Yes,Bank Withdrawal,100.05,3810.55,No
7855-DIWPO,Female,60,No,4731,21,Yes,30.59,Yes,Fiber Optic,11,No,No,No,No,Yes,Month-to-Month,Yes,Bank Withdrawal,68.65,1493.2,No
5133-POWUA,Male,34,No,2958,1,Yes,13.62,Yes,Cable,21,No,No,No,No,Yes,Month-to-Month,Yes,Credit Card,45.8,45.8,No
5652-MSDEY,Female,37,No,4610,10,Yes,39.85,Yes,Fiber Optic,21,No,No,No,No,Yes,Month-to-Month,Yes,Mailed Check,75.75,777.3,No
1810-BOHSY,Male,63,No,63157,51,Yes,35,Yes,Fiber Optic,8,Yes,Yes,No,No,Yes,One Year,Yes,Credit Card,96.4,4911.05,No
1784-BXEFA,Female,63,No,32564,10,Yes,4.76,No,None,0,No,No,No,No,No,Month-to-Month,Yes,Mailed Check,20.55,187.35,No
7351-MHQVU,Female,43,No,1273,6,No,0,Yes,Cable,23,Yes,Yes,No,Yes,Yes,Month-to-Month,No,Credit Card,50.95,307.6,No
9224-VTYID,Male,30,Yes,2344,47,Yes,11.74,Yes,DSL,48,Yes,Yes,Yes,Yes,Yes,Two Year,Yes,Mailed Check,90.5,4318.35,No
9500-IWPXQ,Female,52,Yes,19050,61,Yes,40.48,Yes,DSL,20,Yes,Yes,Yes,Yes,Yes,One Year,Yes,Bank Withdrawal,79.4,4820.55,No
5762-TJXGK,Female,40,No,3600,52,No,0,Yes,DSL,19,Yes,Yes,Yes,No,Yes,Two Year,Yes,Bank Withdrawal,58.75,3038.55,No
4504-YOULA,Female,42,Yes,5889,35,Yes,39.11,Yes,DSL,23,Yes,Yes,No,No,Yes,Month-to-Month,Yes,Credit Card,59.45,2136.9,No
5569-IDSEY,Male,52,No,8406,71,Yes,29.11,Yes,Fiber Optic,28,No,Yes,Yes,No,Yes,One Year,Yes,Bank Withdrawal,105.7,7472.15,No
7284-ZZLOH,Male,37,No,751,45,Yes,43.27,Yes,DSL,4,Yes,No,Yes,No,No,Two Year,No,Credit Card,53.3,2296.25,No
1777-JYQPJ,Male,19,No,8525,2,No,0,Yes,DSL,59,No,No,No,No,Yes,Month-to-Month,No,Mailed Check,24.3,38.45,No
3401-URHDA,Male,59,No,185,51,Yes,9.85,Yes,Cable,3,Yes,No,No,Yes,Yes,One Year,No,Credit Card,59.9,3043.6,No
1599-EAHXY,Male,37,Yes,407,60,Yes,28.45,No,None,0,No,No,No,No,No,One Year,No,Credit Card,23.95,1506.4,No
8631-XVRZL,Male,40,No,183,9,Yes,48.61,No,None,0,No,No,No,No,No,One Year,Yes,Mailed Check,20.15,163.7,No
3853-LYGAM,Male,58,No,3747,17,Yes,21.14,Yes,Fiber Optic,5,No,No,Yes,Yes,Yes,Month-to-Month,Yes,Bank Withdrawal,95.65,1640,No
5751-USDBL,Male,37,Yes,88,46,Yes,45.95,Yes,Cable,10,Yes,No,Yes,Yes,Yes,Two Year,No,Mailed Check,81,3846.35,No
5680-LQOGP,Female,21,No,25,68,Yes,14.86,Yes,Cable,59,Yes,Yes,Yes,Yes,No,Two Year,Yes,Credit Card,82.45,5646.6,No
8189-DUKMV,Female,52,No,299,4,Yes,44.73,No,None,0,No,No,No,No,No,One Year,No,Bank Withdrawal,20.5,79.05,No
9931-DCEZH,Male,55,Yes,25418,28,Yes,34.43,Yes,DSL,22,No,Yes,No,Yes,Yes,One Year,Yes,Credit Card,54.4,1516.6,No
1898-JSNDC,Female,23,No,47065,39,Yes,48.17,Yes,DSL,58,No,Yes,No,No,Yes,One Year,Yes,Credit Card,58.6,2224.5,No
0315-LVCRK,Male,54,No,22028,11,Yes,30.57,Yes,Fiber Optic,15,No,No,Yes,No,Yes,Month-to-Month,No,Bank Withdrawal,84.8,888.75,No
3911-RSNHI,Female,46,No,15494,71,No,0,Yes,DSL,27,No,Yes,Yes,Yes,Yes,Two Year,Yes,Credit Card,61.4,4310.35,No
2410-CIYFZ,Male,42,Yes,15022,2,Yes,49.53,No,None,0,No,No,No,No,No,Month-to-Month,No,Mailed Check,20.4,42.9,No
5505-OVWQW,Female,35,No,25355,17,Yes,4.38,No,None,0,No,No,No,No,No,One Year,No,Mailed Check,20.15,353.65,No
7271-AJDTL,Female,64,No,16164,55,Yes,34.61,Yes,Fiber Optic,16,No,Yes,Yes,No,Yes,Month-to-Month,Yes,Credit Card,94.45,5073.1,No
1867-TJHTS,Female,47,No,14966,58,Yes,22.71,Yes,Fiber Optic,14,Yes,No,No,No,Yes,Month-to-Month,Yes,Bank Withdrawal,79.8,4526.85,No
4429-WYGFR,Male,36,No,35426,26,Yes,44.11,Yes,DSL,8,No,No,No,Yes,Yes,Month-to-Month,No,Bank Withdrawal,49.15,1237.3,No
2817-LVCPP,Female,36,No,44683,50,Yes,12.62,No,None,0,No,No,No,No,No,Two Year,No,Credit Card,19.4,1023.95,No
5038-ETMLM,Female,35,No,72199,72,Yes,29,Yes,Fiber Optic,22,Yes,Yes,Yes,Yes,Yes,Two Year,Yes,Bank Withdrawal,113.65,8182.75,No
5056-FIMPT,Female,47,Yes,30580,43,Yes,10.19,Yes,Fiber Optic,10,Yes,Yes,No,Yes,No,One Year,Yes,Credit Card,106,4532.3,No
4521-WFJAI,Male,52,No,30715,56,Yes,47.82,No,None,0,No,No,No,No,No,Two Year,Yes,Bank Withdrawal,25.95,1444.05,No
6569-KTMDU,Female,28,No,38818,1,Yes,5.02,No,None,0,No,No,No,No,No,Month-to-Month,No,Mailed Check,19.1,19.1,No
8809-XKHMD,Male,62,No,54880,72,Yes,43.84,Yes,Fiber Optic,15,Yes,Yes,No,Yes,Yes,Two Year,Yes,Bank Withdrawal,100.55,7325.1,No
0396-YCHWO,Male,58,No,11396,36,Yes,40.58,Yes,Fiber Optic,12,No,No,No,No,Yes,Month-to-Month,Yes,Bank Withdrawal,95.4,3474.2,No
0867-LDTTC,Male,51,No,592,5,Yes,45.69,Yes,Cable,4,No,No,Yes,Yes,Yes,Month-to-Month,No,Bank Withdrawal,75.15,392.65,No
2122-SZZZD,Male,60,No,8403,44,Yes,18.14,No,None,0,No,No,No,No,No,One Year,No,Credit Card,19.5,835.5,No
3148-AOIQT,Female,23,No,264,69,Yes,45.12,No,None,0,No,No,No,No,No,Two Year,Yes,Credit Card,24.95,1718.35,No
6692-YQHXC,Male,43,No,31373,16,Yes,27.43,Yes,Fiber Optic,27,No,No,No,No,Yes,Month-to-Month,Yes,Credit Card,69.95,1205.5,No
3889-VWBID,Male,52,Yes,36432,68,Yes,27.59,Yes,DSL,27,Yes,Yes,No,Yes,Yes,Two Year,No,Bank Withdrawal,82.85,5776.45,No
5222-JCXZT,Male,31,No,23362,4,Yes,20.16,No,None,0,No,No,No,No,No,Month-to-Month,No,Mailed Check,19,78.9,No
9754-CLVZW,Female,40,Yes,38091,26,No,0,Yes,Cable,23,Yes,Yes,No,Yes,No,Month-to-Month,No,Credit Card,38.85,1025.15,No
2739-CCZMB,Male,39,Yes,118,5,Yes,8.01,No,None,0,No,No,No,No,No,Month-to-Month,No,Credit Card,20.35,122,No
7080-TNUWP,Male,48,No,4796,70,Yes,31.13,Yes,Fiber Optic,16,No,Yes,Yes,No,Yes,One Year,Yes,Bank Withdrawal,95,6602.9,No
0496-AHOOK,Male,61,No,626,24,Yes,32.86,Yes,Cable,30,Yes,No,No,Yes,Yes,One Year,No,Bank Withdrawal,74.4,1712.9,No
2468-SJFLM,Male,37,No,3169,1,Yes,39.55,Yes,Fiber Optic,21,No,No,No,Yes,Yes,Month-to-Month,Yes,Mailed Check,74.3,74.3,No
3181-VTHOE,Male,19,No,1477,70,No,0,Yes,DSL,41,No,Yes,Yes,Yes,No,One Year,Yes,Bank Withdrawal,51.05,3635.15,No
7168-HDQHG,Female,56,Yes,1237,36,Yes,20.57,No,None,0,No,No,No,No,No,Month-to-Month,No,Bank Withdrawal,19.2,702.9,No
4567-AKPIA,Female,28,Yes,86,41,Yes,20.41,Yes,Fiber Optic,59,No,Yes,Yes,Yes,Yes,One Year,Yes,Bank Withdrawal,109.1,4454.25,No
7901-HXJVA,Male,20,No,32848,14,Yes,18.46,Yes,Fiber Optic,26,No,No,Yes,No,Yes,Month-to-Month,No,Bank Withdrawal,76.45,1117.55,No
5924-IFQTT,Male,33,Yes,178,13,Yes,13.77,Yes,DSL,23,No,Yes,Yes,Yes,Yes,Month-to-Month,Yes,Bank Withdrawal,72.8,930.05,No
7968-QUXNS,Male,24,No,614,6,Yes,27.54,No,None,0,No,No,No,No,No,Month-to-Month,No,Mailed Check,18.95,110.15,No
8903-WMRNW,Female,55,No,3524,15,Yes,24.12,Yes,Fiber Optic,13,Yes,No,Yes,No,Yes,Month-to-Month,No,Bank Withdrawal,101.75,1669.4,No
2452-SNHFZ,Female,19,No,587,47,Yes,48.03,Yes,Fiber Optic,69,Yes,No,No,No,Yes,Month-to-Month,No,Credit Card,75.45,3545.1,No
3629-WEAAM,Female,19,No,452,8,Yes,45.04,Yes,DSL,73,No,No,Yes,Yes,No,Month-to-Month,No,Mailed Check,64.1,504.05,No
6029-CSMJE,Male,63,No,1351,17,No,0,Yes,Cable,11,No,No,No,No,Yes,Month-to-Month,Yes,Mailed Check,25.65,440.2,No
7993-NQLJE,Male,39,Yes,1454,15,Yes,32.73,Yes,Fiber Optic,17,Yes,No,No,No,Yes,Month-to-Month,No,Mailed Check,75.1,1151.55,No
9909-DFRJA,Female,60,No,76,26,Yes,40.14,Yes,Fiber Optic,4,Yes,No,Yes,Yes,Yes,One Year,Yes,Bank Withdrawal,95.85,2475.35,No
9099-FTUHS,Female,40,No,23990,23,Yes,48.63,Yes,Cable,11,Yes,No,No,No,Yes,Month-to-Month,No,Bank Withdrawal,54.4,1249.25,No
4962-CHQPW,Male,54,Yes,2064,29,Yes,2,No,None,0,No,No,No,No,No,One Year,No,Mailed Check,19.85,535.05,No
9467-ROOLM,Female,50,No,9763,25,Yes,30.28,No,None,0,No,No,No,No,No,Month-to-Month,No,Mailed Check,19.05,461.3,No
2253-KPMNB,Female,29,Yes,8695,69,No,0,Yes,DSL,69,Yes,Yes,Yes,Yes,Yes,Two Year,No,Bank Withdrawal,46.25,3121.4,No
1345-ZUKID,Male,24,No,11168,14,Yes,26.02,No,None,0,No,No,No,No,No,One Year,No,Mailed Check,19.35,324.8,No
6429-SHBCB,Male,54,No,1146,19,Yes,13.76,Yes,DSL,4,No,No,No,No,Yes,Month-to-Month,No,Mailed Check,69.6,1394.55,No
2603-HVKCG,Male,20,No,776,31,Yes,19.38,Yes,Fiber Optic,76,No,Yes,Yes,No,Yes,Month-to-Month,Yes,Bank Withdrawal,101.4,3143.65,No
1834-WULEG,Male,61,Yes,17269,24,Yes,40.81,No,None,0,No,No,No,No,No,One Year,No,Mailed Check,20.25,439.75,No
9097-ZUBYC,Male,39,No,565,14,Yes,21.34,Yes,DSL,24,No,No,No,Yes,Yes,Month-to-Month,No,Bank Withdrawal,48.8,664.4,No
5148-ORICT,Female,23,No,6439,64,Yes,18.03,Yes,Cable,42,Yes,Yes,Yes,Yes,Yes,Two Year,Yes,Mailed Check,74.35,4759.55,No
4893-GYUJU,Female,29,No,1519,50,Yes,17.88,No,None,0,No,No,No,No,No,One Year,Yes,Mailed Check,19.35,1033,No
4578-PHJYZ,Male,45,Yes,13706,52,Yes,5.51,Yes,Cable,19,No,Yes,Yes,Yes,Yes,One Year,Yes,Bank Withdrawal,68.75,3482.85,No
7272-QDCKA,Male,31,No,17782,28,Yes,12.36,Yes,Fiber Optic,13,No,Yes,No,No,Yes,One Year,No,Bank Withdrawal,100.2,2688.45,No
8908-SLFCJ,Female,40,No,28382,21,Yes,22.29,No,None,0,No,No,No,No,No,Two Year,Yes,Credit Card,20.85,435.25,No
9766-HGEDE,Female,33,No,28318,17,Yes,1.64,No,None,0,No,No,No,No,No,One Year,No,Mailed Check,19.35,307,No
6968-MHOMU,Male,53,No,495,58,No,0,Yes,Cable,23,No,No,No,No,Yes,One Year,Yes,Credit Card,45,2689.35,No
5044-XDPYX,Female,59,No,26971,51,Yes,20.47,No,None,0,No,No,No,No,No,Two Year,No,Mailed Check,25.5,1281.25,No
1814-WFGVS,Male,53,Yes,74,72,No,0,Yes,DSL,53,Yes,No,Yes,Yes,Yes,Two Year,No,Mailed Check,48.9,3527,No
3721-WKIIL,Female,62,No,963,27,Yes,15.41,No,None,0,No,No,No,No,No,Two Year,Yes,Mailed Check,19.6,561.15,No
6734-CKRSM,Female,38,No,28,3,Yes,40.2,No,None,0,No,No,No,No,No,Month-to-Month,No,Mailed Check,20,63.6,No
1265-ZFOSD,Female,33,No,844,64,Yes,16.61,Yes,Cable,4,Yes,Yes,Yes,Yes,Yes,Two Year,Yes,Mailed Check,81.3,5129.3,No
6568-POCUI,Female,51,No,101,45,Yes,48.02,Yes,Fiber Optic,18,No,No,No,Yes,No,Two Year,Yes,Credit Card,95.2,4285.8,No
5197-LQXXH,Female,56,No,513,71,Yes,13.41,Yes,DSL,18,No,Yes,Yes,Yes,Yes,Two Year,Yes,Credit Card,83.3,5894.5,No
3457-PQBYH,Female,35,Yes,145,58,Yes,17.21,No,None,0,No,No,No,No,No,Two Year,No,Credit Card,20.3,1160.75,No
7682-AZNDK,Male,25,Yes,4579,34,Yes,18.36,Yes,Fiber Optic,85,No,Yes,Yes,No,Yes,Month-to-Month,Yes,Bank Withdrawal,89.85,3091.75,No
5384-ZTTWP,Female,49,Yes,34967,15,Yes,17.43,No,None,0,No,No,No,No,No,Month-to-Month,No,Mailed Check,19.8,272.95,No
3745-HRPHI,Male,49,Yes,27786,66,No,0,Yes,DSL,28,No,No,Yes,Yes,Yes,Two Year,No,Bank Withdrawal,54.65,3632,No
1231-YNDEK,Male,49,No,30338,58,Yes,29.31,No,None,0,No,No,No,No,No,Two Year,Yes,Bank Withdrawal,19.15,1035.5,No
1407-DIGZV,Female,32,Yes,41476,3,Yes,45.33,No,None,0,No,No,No,No,No,Two Year,No,Mailed Check,19.1,52,No
0570-BFQHT,Female,38,No,21418,9,Yes,32.57,Yes,Fiber Optic,13,No,Yes,Yes,No,Yes,Month-to-Month,No,Bank Withdrawal,80.55,653.9,No
4393-OBCRR,Female,60,No,899,3,Yes,1.47,No,None,0,No,No,No,No,No,One Year,No,Mailed Check,20.25,71.2,No
8564-LDKFL,Male,37,No,269,40,Yes,29.46,Yes,Fiber Optic,28,No,Yes,Yes,No,Yes,One Year,Yes,Bank Withdrawal,106,4178.65,No
3696-DFHHB,Female,50,No,265,68,Yes,9.82,No,None,0,No,No,No,No,No,Two Year,No,Bank Withdrawal,25.5,1821.8,No
4717-GHADL,Female,39,No,290,50,Yes,48.45,Yes,DSL,14,No,Yes,No,Yes,Yes,Two Year,Yes,Mailed Check,79.6,4024.2,No
5501-TVMGM,Male,21,No,417,1,Yes,39.19,Yes,DSL,69,No,No,No,No,No,Month-to-Month,Yes,Bank Withdrawal,55.25,55.25,No
5879-HMFFH,Female,49,No,344,72,Yes,38.28,Yes,DSL,24,Yes,Yes,Yes,Yes,Yes,Two Year,No,Bank Withdrawal,88.05,6520.8,No
6772-WFQRD,Male,58,Yes,228,40,Yes,26.41,No,None,0,No,No,No,No,No,One Year,Yes,Bank Withdrawal,20.4,854.9,No
3810-DVDQQ,Female,28,Yes,6277,72,Yes,47.02,Yes,Fiber Optic,48,Yes,Yes,Yes,Yes,Yes,Two Year,Yes,Bank Withdrawal,117.6,8308.9,No
6972-SNKKW,Female,60,No,2664,6,Yes,47.46,No,None,0,No,No,No,No,No,Month-to-Month,No,Mailed Check,20,109.2,No
3694-GLTJM,Female,62,No,13840,5,Yes,41.93,No,None,0,No,No,No,No,No,Month-to-Month,Yes,Credit Card,19.65,92.05,No
8550-XSXUQ,Male,41,No,12348,48,Yes,38.82,Yes,Cable,8,No,Yes,Yes,No,Yes,One Year,Yes,Credit Card,70.55,3420.5,No
9055-MOJJJ,Female,39,Yes,960,64,Yes,26.7,Yes,Cable,17,Yes,No,No,Yes,No,One Year,No,Mailed Check,65.8,4068,No
4359-INNWN,Female,63,No,2602,17,Yes,3.84,No,None,0,No,No,No,No,No,One Year,No,Credit Card,20.05,337.9,No
0585-EGDDA,Male,41,No,2156,40,Yes,39.22,Yes,Fiber Optic,27,No,Yes,Yes,No,Yes,Month-to-Month,Yes,Bank Withdrawal,80,3168.75,No
4032-RMHCI,Female,37,Yes,1902,41,No,0,Yes,Cable,16,Yes,No,Yes,No,Yes,One Year,No,Credit Card,35.4,1412.4,No
3481-JHUZH,Male,36,No,170,41,Yes,39.39,Yes,Fiber Optic,3,No,Yes,No,No,Yes,Month-to-Month,Yes,Bank Withdrawal,80.25,3439,No
3594-IVHJZ,Female,31,No,373,2,Yes,47.19,No,None,0,No,No,No,No,No,Month-to-Month,Yes,Mailed Check,20.45,42.45,No
6869-FGJJC,Male,50,No,392,68,Yes,18.53,Yes,Fiber Optic,21,No,Yes,Yes,No,No,One Year,No,Credit Card,79.6,5461.45,No
3896-ZVNET,Female,42,Yes,3357,24,Yes,20.74,No,None,0,No,No,No,No,No,Two Year,No,Mailed Check,24.7,571.75,No
8205-VSLRB,Male,22,No,295,70,Yes,4.8,Yes,Cable,41,Yes,No,Yes,Yes,Yes,Two Year,No,Credit Card,77.3,5498.2,No
5960-MVTUK,Male,58,No,616,3,No,0,Yes,DSL,18,No,No,No,Yes,Yes,Month-to-Month,Yes,Bank Withdrawal,29.75,96.85,No
6817-WTYHE,Male,56,No,1294,2,Yes,5.08,Yes,DSL,17,No,No,No,No,Yes,Month-to-Month,No,Bank Withdrawal,44.9,111.05,No
3082-VQXNH,Male,62,No,397,3,No,0,Yes,DSL,4,No,Yes,No,No,Yes,Month-to-Month,No,Credit Card,29.8,94.4,No
4931-TRZWN,Female,54,No,1026,13,Yes,10.66,Yes,DSL,5,Yes,No,No,No,Yes,Month-to-Month,Yes,Bank Withdrawal,71.95,923.85,No
0750-EKNGL,Male,44,No,268,7,Yes,47.19,No,None,0,No,No,No,No,No,Month-to-Month,No,Mailed Check,20.75,141.1,No
7669-LCRSD,Male,49,Yes,911,12,Yes,17.27,Yes,Cable,29,No,No,No,No,Yes,Month-to-Month,Yes,Mailed Check,56.3,628.65,No
3567-PQTSO,Male,40,Yes,734,53,Yes,3.78,Yes,Fiber Optic,27,No,Yes,Yes,No,Yes,One Year,Yes,Bank Withdrawal,105.25,5576.3,No
8043-PNYSD,Male,48,Yes,1236,63,Yes,10.67,No,None,0,No,No,No,No,No,Two Year,No,Mailed Check,19.55,1245.6,No
9938-EKRGF,Female,58,No,1845,15,Yes,8.97,Yes,Cable,2,Yes,Yes,Yes,Yes,Yes,Month-to-Month,No,Mailed Check,84.45,1287.85,No
2703-AMTUL,Male,40,Yes,386,36,Yes,8,Yes,Cable,19,Yes,Yes,No,No,Yes,One Year,No,Credit Card,53.65,1939.35,No
8173-RXAYP,Female,51,Yes,1554,24,Yes,30.41,No,None,0,No,No,No,No,No,Two Year,No,Credit Card,19.7,452.55,No
4825-XJGDM,Female,59,No,1586,61,No,0,Yes,DSL,8,Yes,Yes,Yes,Yes,Yes,One Year,No,Credit Card,43.7,2696.55,No
5402-HTOTQ,Male,43,No,816,16,Yes,5.79,Yes,DSL,4,No,Yes,No,No,Yes,Month-to-Month,No,Bank Withdrawal,55.3,875.35,No
6734-JDTTV,Male,55,Yes,598,65,Yes,33.47,No,None,0,No,No,No,No,No,Two Year,Yes,Credit Card,19.85,1267.05,No
7850-THJMU,Female,40,Yes,78,26,Yes,12.71,No,None,0,No,No,No,No,No,Two Year,No,Credit Card,19.65,494.9,No
3890-RTCMS,Male,29,No,830,16,Yes,48.45,Yes,DSL,59,No,No,No,Yes,Yes,Month-to-Month,Yes,Credit Card,49.45,799,No
3717-FDJFU,Male,19,Yes,431,5,Yes,29.15,No,None,0,No,No,No,No,No,Two Year,No,Credit Card,20.45,106.9,No
3665-JATSN,Female,19,No,7309,19,No,0,Yes,DSL,59,No,Yes,No,No,No,Month-to-Month,Yes,Bank Withdrawal,39.7,710.05,No
7966-YOTQW,Male,29,No,240,10,Yes,33.98,Yes,DSL,59,Yes,No,No,No,Yes,Month-to-Month,Yes,Credit Card,54.5,568.2,No
8853-TZDGH,Female,42,No,4931,72,Yes,24.19,Yes,Fiber Optic,13,No,Yes,Yes,Yes,Yes,Two Year,Yes,Bank Withdrawal,111.6,8012.75,No
4324-BZCKL,Female,30,Yes,433,10,Yes,5.74,Yes,DSL,59,No,Yes,Yes,No,Yes,Month-to-Month,Yes,Credit Card,55.55,551.3,No
6924-TDGMT,Male,34,No,215,11,Yes,26.11,No,None,0,No,No,No,No,No,One Year,Yes,Credit Card,20.55,184.95,No
1536-YHDOE,Male,58,Yes,459,17,Yes,32.27,Yes,Cable,28,Yes,No,No,Yes,Yes,One Year,Yes,Credit Card,62.1,1096.65,No
8123-QBNAZ,Female,39,Yes,88,36,Yes,43.7,Yes,Fiber Optic,26,Yes,No,Yes,No,Yes,Month-to-Month,Yes,Credit Card,104.5,3684.95,No
7711-YIJWC,Male,21,Yes,4231,61,Yes,12.72,Yes,Cable,48,Yes,Yes,Yes,Yes,Yes,One Year,No,Bank Withdrawal,84.9,5264.5,No
5482-VXSXJ,Male,50,No,405,22,Yes,46.5,Yes,Fiber Optic,17,No,Yes,No,No,Yes,Month-to-Month,Yes,Credit Card,93.2,2157.3,No
7365-BVCJH,Male,40,No,734,1,No,0,Yes,DSL,6,No,No,No,No,Yes,Month-to-Month,Yes,Bank Withdrawal,24.4,24.4,No
9620-ENEJV,Female,52,No,439,6,Yes,30.54,Yes,Fiber Optic,27,No,No,No,No,Yes,Month-to-Month,No,Credit Card,70.55,433.95,No
2378-YIZKA,Female,61,Yes,5896,68,Yes,6.28,Yes,DSL,16,Yes,Yes,Yes,Yes,No,Two Year,Yes,Credit Card,85,5607.75,No
0689-DSXGL,Female,61,Yes,9538,52,Yes,16.87,Yes,Fiber Optic,24,No,Yes,Yes,Yes,Yes,Month-to-Month,No,Bank Withdrawal,85.8,4433.3,No
6818-DJXAA,Female,43,Yes,5096,10,Yes,42.93,Yes,Fiber Optic,52,No,No,Yes,Yes,Yes,Month-to-Month,Yes,Bank Withdrawal,91.1,964.35,No
0464-WJTKO,Female,39,Yes,857,72,Yes,14.17,No,None,0,No,No,No,No,No,Two Year,No,Bank Withdrawal,20.1,1460.85,No
8902-ZEOVF,Male,28,Yes,650,47,Yes,6.51,No,None,0,No,No,No,No,No,One Year,No,Credit Card,20.05,951.55,No
6778-EICRF,Male,57,Yes,88,24,Yes,8.67,Yes,Cable,10,Yes,No,No,No,Yes,One Year,No,Credit Card,74.8,1821.2,No
2662-NNTDK,Male,50,No,1332,65,Yes,45.87,No,None,0,No,No,No,No,No,One Year,No,Credit Card,24.8,1600.95,No
4132-KALRO,Female,31,No,104,4,Yes,7.94,Yes,Fiber Optic,3,No,No,No,Yes,No,Month-to-Month,Yes,Credit Card,100.85,399.25,No
2874-YXVVA,Female,38,No,946,34,Yes,2.82,Yes,Fiber Optic,2,No,Yes,Yes,Yes,Yes,Month-to-Month,Yes,Bank Withdrawal,105.1,3634.8,No
1245-HARPS,Female,46,No,3093,14,Yes,14.61,No,None,0,No,No,No,No,No,Two Year,No,Credit Card,20.4,292.4,No
4323-ELYYB,Male,54,Yes,277,13,Yes,4.26,No,None,0,No,No,No,No,No,One Year,No,Credit Card,20,218.55,No
4293-ETKAP,Female,42,Yes,385,65,Yes,1.83,Yes,Cable,13,No,Yes,No,Yes,Yes,Two Year,Yes,Bank Withdrawal,79.4,5071.9,No
6064-PUPMC,Male,59,Yes,1822,23,Yes,37.86,Yes,DSL,30,Yes,No,No,Yes,Yes,One Year,No,Credit Card,57.2,1423.35,No
6504-VBLFL,Male,38,No,85,55,Yes,6.63,Yes,DSL,23,Yes,Yes,Yes,No,Yes,Two Year,No,Bank Withdrawal,58.6,3068.6,No
6322-PJJDJ,Male,58,No,957,49,Yes,36.3,Yes,Fiber Optic,9,No,Yes,No,No,No,Two Year,Yes,Bank Withdrawal,94.8,4690.65,No
0330-BGYZE,Male,48,No,481,60,Yes,19.22,Yes,Fiber Optic,4,No,Yes,Yes,No,Yes,One Year,No,Bank Withdrawal,102.5,6157.6,No
1085-LDWAM,Female,24,Yes,4236,69,Yes,23.47,No,None,0,No,No,No,No,No,One Year,Yes,Credit Card,20.35,1442.65,No
7586-ZATGZ,Male,59,No,61,40,Yes,17.83,Yes,Fiber Optic,27,No,No,No,No,Yes,Month-to-Month,Yes,Bank Withdrawal,84.9,3369.05,No
7197-VOJMM,Male,59,No,322,67,Yes,47.46,Yes,DSL,20,Yes,Yes,No,Yes,Yes,Two Year,Yes,Credit Card,69.2,4671.65,No
1843-TLSGD,Female,56,Yes,408,13,Yes,27.62,No,None,0,No,No,No,No,No,Two Year,No,Credit Card,20.85,272.35,No
9626-VFRGG,Female,33,Yes,19440,41,Yes,18.72,Yes,Fiber Optic,10,No,Yes,No,No,Yes,Month-to-Month,Yes,Bank Withdrawal,88.5,3645.05,No
7075-BNDVQ,Female,46,No,72,4,No,0,Yes,DSL,26,Yes,No,Yes,No,No,Month-to-Month,No,Credit Card,35,135.75,No
9143-CANJF,Female,29,Yes,116,24,Yes,27.37,Yes,DSL,85,Yes,No,No,Yes,Yes,Month-to-Month,No,Bank Withdrawal,55.15,1319.85,No
7284-BUYEC,Female,46,No,2595,5,No,0,Yes,Cable,26,No,Yes,No,No,Yes,Month-to-Month,Yes,Credit Card,50.95,229.4,No
2041-JIJCI,Female,37,No,162,5,Yes,44.78,Yes,Cable,29,No,Yes,No,No,Yes,Month-to-Month,Yes,Bank Withdrawal,64,370.25,No
4900-MSOMT,Female,39,Yes,1943,72,Yes,49.12,Yes,DSL,23,Yes,Yes,Yes,Yes,Yes,Two Year,No,Bank Withdrawal,80.2,5714.2,No
2229-VWQJH,Female,34,No,858,24,Yes,4.82,Yes,DSL,16,No,No,Yes,No,Yes,Month-to-Month,Yes,Credit Card,49.3,1233.25,No
9194-GFVOI,Female,25,No,1291,42,Yes,9.84,Yes,DSL,52,Yes,No,Yes,Yes,Yes,Two Year,No,Credit Card,84.35,3571.6,No
1336-EZFZY,Female,33,No,4806,4,Yes,25.8,No,None,0,No,No,No,No,No,Month-to-Month,No,Credit Card,20.05,83.3,No
4282-MSACW,Male,39,No,4002,68,Yes,32.67,Yes,Fiber Optic,3,Yes,Yes,Yes,Yes,Yes,One Year,Yes,Credit Card,117.2,8035.95,No
1403-LKLIK,Female,23,Yes,942,33,Yes,28.4,No,None,0,No,No,No,No,No,One Year,No,Credit Card,20.1,579.4,No
9643-AVVWI,Female,49,Yes,58198,3,Yes,19.18,Yes,Fiber Optic,22,No,Yes,No,Yes,Yes,Month-to-Month,Yes,Bank Withdrawal,80,241.3,No
0253-ZTEOB,Female,44,Yes,67852,48,Yes,8.94,Yes,DSL,27,No,Yes,No,Yes,Yes,Two Year,No,Bank Withdrawal,79.65,3870.3,No
2706-QZIHY,Female,35,No,43019,15,Yes,46.68,No,None,0,No,No,No,No,No,Two Year,No,Credit Card,25.2,387.9,No
6061-PQHMK,Female,50,No,62784,25,Yes,1.36,No,None,0,No,No,No,No,No,One Year,No,Credit Card,19.9,527.5,No
6137-MFAJN,Female,62,No,30852,48,No,0,Yes,Cable,23,Yes,Yes,No,No,Yes,Month-to-Month,Yes,Bank Withdrawal,44.8,2104.55,No
9122-UMROB,Male,29,No,1957,1,Yes,10.84,No,None,0,No,No,No,No,No,Month-to-Month,No,Credit Card,20.3,20.3,No
4232-JGKIY,Male,22,No,101215,1,Yes,26.37,No,None,0,No,No,No,No,No,Month-to-Month,No,Bank Withdrawal,19.2,19.2,No
2402-TAIRZ,Female,48,No,30596,37,Yes,9.61,Yes,Fiber Optic,11,No,Yes,Yes,No,Yes,One Year,No,Bank Withdrawal,80.05,3019.1,No
9139-TWBAS,Female,34,No,3524,26,No,0,Yes,Cable,28,Yes,Yes,Yes,No,No,One Year,No,Bank Withdrawal,47.85,1190.5,No
6685-GBWJZ,Male,59,No,15140,63,Yes,46.99,Yes,Cable,13,Yes,Yes,No,Yes,Yes,One Year,No,Credit Card,70.8,4448.8,No
3913-RDSJZ,Female,40,No,67520,64,Yes,49.39,No,None,0,No,No,No,No,No,Two Year,No,Credit Card,25.55,1714.95,No
4203-QGNZA,Female,27,Yes,3012,28,Yes,26.09,No,None,0,No,No,No,No,No,Month-to-Month,No,Credit Card,20.25,535.35,No
5043-TRZWM,Female,32,No,68701,1,Yes,7.11,Yes,Fiber Optic,26,No,No,Yes,No,Yes,Month-to-Month,No,Bank Withdrawal,75.55,75.55,No
9494-BDNNC,Male,36,No,41175,66,Yes,25.83,Yes,Fiber Optic,24,No,Yes,Yes,No,Yes,One Year,No,Bank Withdrawal,95.3,6273.4,No
1640-PLFMP,Female,20,No,73686,1,Yes,10.05,Yes,Fiber Optic,51,No,No,No,No,No,Month-to-Month,Yes,Bank Withdrawal,70.25,70.25,No
5366-OBVMR,Female,42,No,48727,18,Yes,35.96,Yes,DSL,17,No,No,No,Yes,Yes,Month-to-Month,Yes,Credit Card,50.3,908.75,No
7644-OMVMY,Male,56,Yes,41713,10,Yes,15.51,No,None,0,No,No,No,No,No,Two Year,No,Credit Card,19.85,198.5,No
4573-JKNAE,Male,44,Yes,46960,12,Yes,17.23,No,None,0,No,No,No,No,No,Two Year,No,Bank Withdrawal,19.35,212.3,No
9817-APLHW,Male,37,No,58218,12,Yes,2.29,No,None,0,No,No,No,No,No,Month-to-Month,No,Bank Withdrawal,25,316.2,No
8380-MQINP,Female,62,Yes,27799,55,Yes,3.18,No,None,0,No,No,No,No,No,Two Year,No,Credit Card,20.3,1079.05,No
0840-DFEZH,Female,63,No,32901,7,Yes,25.17,Yes,Fiber Optic,17,No,No,No,No,Yes,Month-to-Month,Yes,Bank Withdrawal,75.35,564.65,No
8690-ZVLCL,Female,49,Yes,32562,68,Yes,43.51,Yes,DSL,22,Yes,Yes,Yes,Yes,No,Two Year,No,Credit Card,88,6161.9,No
0384-LPITE,Male,38,No,27866,40,No,0,Yes,Cable,19,Yes,Yes,Yes,No,Yes,One Year,No,Credit Card,62.05,2511.55,No
4616-EWBNJ,Female,23,No,64672,16,Yes,47.25,No,None,0,No,No,No,No,No,One Year,No,Bank Withdrawal,20.1,318.6,No
1335-HQMKX,Female,49,No,87383,72,Yes,46.1,Yes,Fiber Optic,23,No,Yes,Yes,No,Yes,One Year,Yes,Bank Withdrawal,101.35,7323.15,No
6923-AQONU,Male,32,Yes,49839,23,Yes,18.91,No,None,0,No,No,No,No,No,Two Year,No,Credit Card,20.9,454,No
4536-PLEQY,Male,44,No,3642,12,Yes,44.6,Yes,Fiber Optic,20,No,Yes,No,No,Yes,Month-to-Month,Yes,Credit Card,85.05,999.8,No
7029-IJEJK,Female,52,No,38128,54,No,0,Yes,DSL,21,Yes,No,No,Yes,Yes,One Year,No,Bank Withdrawal,44.1,2369.7,No
8871-JLMHM,Female,27,No,24511,68,Yes,3.41,Yes,Fiber Optic,26,No,Yes,Yes,Yes,Yes,Two Year,No,Credit Card,90.2,6297.65,No
5447-VYTKW,Male,53,No,24505,27,Yes,15.09,Yes,Cable,28,Yes,No,No,Yes,Yes,Month-to-Month,No,Credit Card,53.45,1461.45,No
3623-FQBOX,Male,34,No,47534,21,Yes,44.01,No,None,0,No,No,No,No,No,Month-to-Month,Yes,Credit Card,19.95,416.4,No
3474-BAFSJ,Male,27,No,20408,57,No,0,Yes,DSL,69,No,Yes,Yes,Yes,No,Two Year,Yes,Bank Withdrawal,57.5,3265.95,No
3865-ZFZIB,Male,25,No,10470,19,Yes,34.68,No,None,0,No,No,No,No,No,Two Year,No,Credit Card,19.65,358.15,No
1855-AGAWH,Male,27,No,105285,31,Yes,36.69,Yes,Fiber Optic,52,No,No,Yes,No,Yes,One Year,Yes,Bank Withdrawal,93.8,2939.8,No
7109-CQYUZ,Male,34,No,21397,52,Yes,6.8,Yes,DSL,30,Yes,Yes,Yes,Yes,Yes,Two Year,Yes,Credit Card,89.25,4652.4,No
1370-GGAWX,Female,55,No,8321,46,Yes,33.18,Yes,Fiber Optic,3,No,Yes,Yes,No,Yes,One Year,Yes,Bank Withdrawal,94.15,4408.45,No
5307-UVGNB,Female,40,Yes,47305,53,No,0,Yes,Cable,25,Yes,Yes,Yes,No,Yes,Month-to-Month,Yes,Bank Withdrawal,48.7,2495.2,No
3642-BYHDO,Female,34,Yes,24908,71,Yes,12.22,No,None,0,No,No,No,No,No,Two Year,No,Bank Withdrawal,19.9,1389.35,No
9629-NHXFW,Female,58,Yes,40152,1,Yes,48.79,No,None,0,No,No,No,No,No,Month-to-Month,Yes,Credit Card,19.4,19.4,No
2696-RZVZW,Male,19,No,42459,68,Yes,25.19,No,None,0,No,No,No,No,No,Two Year,No,Credit Card,25.05,1629.2,No
5766-FTRTS,Male,35,No,16041,72,Yes,35.06,Yes,DSL,26,Yes,Yes,Yes,Yes,Yes,Two Year,No,Credit Card,84.45,6033.1,No
0396-HUJBP,Female,34,No,47758,2,Yes,49.91,No,None,0,No,No,No,No,No,Month-to-Month,No,Credit Card,19.3,44.4,No
8879-ZKJOF,Female,57,No,26442,41,Yes,38.21,Yes,DSL,5,Yes,No,Yes,Yes,Yes,One Year,Yes,Bank Withdrawal,79.85,3320.75,No
6285-FTQBF,Male,53,Yes,93315,72,Yes,36.82,No,None,0,No,No,No,No,No,Two Year,No,Credit Card,25.55,1867.7,No
1474-JUWSM,Female,24,No,69850,58,Yes,26.99,Yes,Cable,53,Yes,No,No,Yes,Yes,One Year,Yes,Bank Withdrawal,68.4,3972.25,No
3530-CRZSB,Female,55,No,11,7,Yes,15.54,No,None,0,No,No,No,No,No,Month-to-Month,No,Credit Card,20.65,155.9,No
8498-XXGWA,Female,63,No,19630,65,Yes,19.99,Yes,DSL,26,Yes,No,Yes,No,Yes,Month-to-Month,Yes,Credit Card,55.15,3673.15,No
9617-INGJY,Male,31,No,33758,1,Yes,36.12,Yes,Fiber Optic,14,No,No,No,No,Yes,Month-to-Month,Yes,Credit Card,70.6,70.6,No
0621-TSSMU,Male,29,No,28094,56,Yes,48.87,No,None,0,No,No,No,No,No,One Year,No,Credit Card,19.95,1126.75,No
7234-KMNRQ,Male,21,No,22548,4,Yes,8.38,No,None,0,No,No,No,No,No,Month-to-Month,No,Credit Card,19,73.45,No
7636-PEPNS,Female,44,Yes,24979,58,Yes,22.65,Yes,Cable,25,No,No,No,No,No,One Year,Yes,Credit Card,44.1,2413.05,No
4683-WYDOU,Male,54,No,41263,62,Yes,34.62,Yes,Fiber Optic,28,No,No,Yes,Yes,Yes,Two Year,Yes,Bank Withdrawal,107.6,6912.7,No
9052-DHNKM,Male,23,No,34191,26,Yes,38.04,Yes,DSL,73,Yes,Yes,No,No,Yes,One Year,No,Bank Withdrawal,61.55,1581.95,No
6794-HKIAJ,Male,44,No,37322,62,Yes,18.9,Yes,Fiber Optic,2,Yes,Yes,Yes,No,Yes,Month-to-Month,No,Bank Withdrawal,90.7,5586.45,No
5578-NKCXI,Female,20,Yes,96267,58,Yes,39.05,Yes,Fiber Optic,76,Yes,Yes,No,No,Yes,One Year,No,Credit Card,99.25,5846.65,No
1642-HMARX,Female,45,No,5451,68,Yes,15.65,Yes,DSL,5,Yes,Yes,Yes,Yes,Yes,Two Year,Yes,Bank Withdrawal,91.7,6424.7,No
3096-WPXBT,Female,60,Yes,31021,61,Yes,18.26,Yes,Fiber Optic,19,Yes,Yes,Yes,No,No,One Year,Yes,Credit Card,100.7,6018.65,No
8434-PNQZX,Female,56,No,18058,42,Yes,20.27,Yes,DSL,15,No,No,Yes,Yes,Yes,Two Year,Yes,Credit Card,78.45,3373.4,No
5950-AAAGJ,Male,19,No,11264,18,Yes,2.26,Yes,Fiber Optic,73,No,No,No,No,Yes,Month-to-Month,No,Bank Withdrawal,84.3,1537.9,No
4299-OPXEJ,Female,57,No,37527,56,Yes,13.89,No,None,0,No,No,No,No,No,Two Year,Yes,Bank Withdrawal,19.55,1080.55,No
9618-LFJRU,Female,31,No,27778,4,Yes,3.05,No,None,0,No,No,No,No,No,Month-to-Month,No,Credit Card,20.45,82.85,No
6693-DJWTY,Female,46,Yes,28680,35,Yes,12.56,Yes,DSL,56,Yes,Yes,No,No,Yes,One Year,No,Credit Card,55.6,2016.45,No
0744-GKNGE,Female,31,Yes,13779,64,Yes,27.74,Yes,Fiber Optic,12,Yes,No,No,Yes,Yes,Month-to-Month,Yes,Bank Withdrawal,86.8,5327.25,No
6447-EGDIV,Female,23,No,5221,31,Yes,31.79,No,None,0,No,No,No,No,No,One Year,No,Mailed Check,20.95,683.25,No
4854-SSLTN,Male,49,Yes,17058,2,Yes,42.55,Yes,DSL,53,Yes,Yes,No,Yes,Yes,Two Year,No,Mailed Check,59.5,130.5,No
5294-DMSFH,Female,32,Yes,41979,29,Yes,33.62,Yes,Fiber Optic,13,No,No,No,No,Yes,Month-to-Month,Yes,Credit Card,87.8,2621.75,No
4837-PZTIC,Female,54,No,31678,47,No,0,Yes,Cable,23,Yes,No,Yes,Yes,Yes,Two Year,No,Credit Card,41.9,1875.25,No
0603-OLQDC,Male,41,Yes,32050,12,Yes,27.07,Yes,Cable,29,Yes,No,No,No,Yes,Month-to-Month,Yes,Mailed Check,69.85,837.5,No
3272-VUHPV,Female,24,Yes,26265,8,Yes,31.86,Yes,Cable,59,No,Yes,No,Yes,No,Month-to-Month,No,Bank Withdrawal,56.3,401.5,No
4176-FXYBO,Male,35,No,19109,54,Yes,49.9,Yes,Fiber Optic,29,Yes,Yes,Yes,No,Yes,Month-to-Month,No,Bank Withdrawal,109.55,6118.95,No
1063-DHQJF,Male,56,Yes,37887,69,Yes,20.32,Yes,Fiber Optic,56,No,Yes,No,Yes,Yes,Two Year,Yes,Mailed Check,92.15,6480.9,No
8663-UPDGF,Female,54,No,38181,26,Yes,25.4,Yes,DSL,10,Yes,Yes,No,No,Yes,Month-to-Month,Yes,Bank Withdrawal,69.5,1800.05,No
6719-FGEDO,Female,27,No,32148,72,Yes,38.79,Yes,Fiber Optic,42,Yes,Yes,Yes,Yes,Yes,Two Year,Yes,Bank Withdrawal,97,7104.2,No
1837-YQUCE,Female,54,No,44442,70,No,0,Yes,DSL,13,Yes,No,Yes,Yes,Yes,Two Year,Yes,Bank Withdrawal,58.35,4214.25,No
0369-ZGOVK,Female,56,Yes,47344,28,Yes,12.94,Yes,Fiber Optic,24,No,No,No,No,Yes,One Year,Yes,Bank Withdrawal,70.4,1992.2,No
9919-KNPOO,Female,60,No,47568,21,Yes,27.66,Yes,Fiber Optic,8,No,No,No,No,No,Month-to-Month,Yes,Bank Withdrawal,94.3,1948.35,No
7872-BAAZR,Female,49,Yes,103214,53,Yes,30.31,No,None,0,No,No,No,No,No,One Year,No,Bank Withdrawal,19.55,1007.9,No
9391-LMANN,Male,38,Yes,63288,53,Yes,33.74,Yes,Fiber Optic,56,Yes,Yes,Yes,No,Yes,One Year,No,Bank Withdrawal,95.95,5036.9,No
8174-TBVCF,Female,30,No,29694,70,Yes,26.47,Yes,DSL,59,Yes,Yes,Yes,Yes,Yes,Two Year,Yes,Credit Card,94.8,6859.05,No
1698-XFZCI,Male,30,No,16398,61,Yes,42.4,Yes,Fiber Optic,71,Yes,Yes,Yes,No,Yes,One Year,Yes,Bank Withdrawal,107.75,6521.9,No
1877-HKBQX,Female,21,No,51556,11,Yes,1.16,Yes,DSL,41,Yes,No,No,Yes,Yes,One Year,Yes,Mailed Check,54.6,617.85,No
4450-DLLMH,Male,53,No,3699,2,Yes,6.74,Yes,Fiber Optic,3,No,No,No,No,Yes,Month-to-Month,Yes,Credit Card,71.3,157.75,No
0428-AXXLJ,Male,29,No,72893,25,Yes,3.58,No,None,0,No,No,No,No,No,One Year,Yes,Bank Withdrawal,19.5,516.3,No
2746-DIJLO,Female,40,No,24660,41,Yes,36.47,Yes,DSL,8,No,Yes,No,No,Yes,One Year,Yes,Credit Card,56.3,2364,No
3508-VLHCZ,Female,43,Yes,20890,71,Yes,41.71,Yes,Cable,20,Yes,Yes,Yes,Yes,Yes,Two Year,Yes,Credit Card,90.55,6239.05,No
4086-ATNFV,Female,34,Yes,14852,34,Yes,49.58,Yes,Cable,16,Yes,Yes,Yes,No,Yes,One Year,Yes,Mailed Check,60.8,2042.05,No
0468-YRPXN,Male,62,No,21065,29,Yes,48.2,Yes,Fiber Optic,19,No,No,Yes,Yes,Yes,Month-to-Month,Yes,Credit Card,98.8,2807.1,No
3739-YBWAB,Male,37,No,55306,36,No,0,Yes,Cable,23,Yes,No,Yes,No,Yes,One Year,No,Mailed Check,35.35,1317.95,No
7047-FWEYA,Female,41,No,58639,46,Yes,33.22,Yes,Fiber Optic,29,No,Yes,No,Yes,No,One Year,Yes,Bank Withdrawal,103.15,4594.65,No
2000-MPKCA,Female,51,No,21279,58,Yes,46.7,Yes,Fiber Optic,19,Yes,Yes,Yes,No,Yes,One Year,Yes,Bank Withdrawal,107.75,6332.75,No
9762-YAQAA,Male,54,No,24180,39,Yes,36.93,Yes,Fiber Optic,12,No,Yes,No,No,Yes,One Year,No,Credit Card,81.4,3213.75,No
5473-KHBPS,Female,53,Yes,174,52,Yes,8.16,Yes,Fiber Optic,20,No,Yes,Yes,No,Yes,One Year,Yes,Credit Card,95.7,4976.15,No
8950-MTZNV,Male,61,No,25566,1,Yes,13.63,Yes,DSL,13,No,No,No,No,Yes,Month-to-Month,Yes,Mailed Check,44.95,44.95,No
0326-VDYXE,Female,21,No,38427,70,Yes,16.66,Yes,Fiber Optic,26,No,No,Yes,No,No,One Year,Yes,Bank Withdrawal,97.65,6982.5,No
0436-TWFFZ,Female,21,No,91664,67,Yes,8.71,Yes,DSL,41,Yes,No,Yes,Yes,Yes,Two Year,Yes,Mailed Check,85.25,5714.2,No
8566-YPRGL,Female,57,No,49647,1,Yes,33.02,No,None,0,No,No,No,No,No,Month-to-Month,Yes,Credit Card,19.5,19.5,No
6609-MXJHJ,Female,39,Yes,37417,30,Yes,47.21,No,None,0,No,No,No,No,No,Two Year,Yes,Credit Card,25.1,789.55,No
2669-OIDSD,Female,58,No,35656,48,Yes,1.02,Yes,Fiber Optic,2,No,No,Yes,Yes,Yes,Month-to-Month,Yes,Credit Card,100.05,4834,No
8400-WZICQ,Female,49,Yes,63136,55,Yes,36.41,Yes,DSL,14,Yes,Yes,No,No,Yes,Month-to-Month,No,Bank Withdrawal,55.7,3131.8,No
9576-SYUHJ,Male,29,No,38902,37,Yes,12.69,Yes,Fiber Optic,69,Yes,No,No,No,No,Month-to-Month,Yes,Bank Withdrawal,91.15,3369.25,No
0410-IPFTY,Female,64,No,425,31,Yes,12.03,Yes,Fiber Optic,9,No,Yes,No,No,Yes,Month-to-Month,Yes,Bank Withdrawal,83.85,2674.15,No
2831-EBWRN,Male,46,No,36243,4,Yes,33.93,Yes,Cable,20,No,No,No,No,Yes,Month-to-Month,Yes,Bank Withdrawal,45.9,199.75,No
9430-NKQLY,Male,49,Yes,30028,72,Yes,27.93,No,None,0,No,No,No,No,No,Two Year,Yes,Credit Card,25.1,1790.8,No
0247-SLUJI,Male,37,Yes,27414,1,Yes,34.28,No,None,0,No,No,No,No,No,Month-to-Month,No,Credit Card,19.7,19.7,No
6483-OATDN,Male,47,Yes,41067,8,Yes,10.36,Yes,DSL,20,Yes,No,No,No,Yes,Month-to-Month,Yes,Credit Card,51.3,411.6,No
1293-HHSHJ,Female,61,No,7527,35,Yes,23.77,No,None,0,No,No,No,No,No,One Year,No,Credit Card,21.1,741,No
8610-ZIKJJ,Female,57,Yes,26753,2,Yes,35.42,No,None,0,No,No,No,No,No,One Year,No,Credit Card,20.3,31.9,No
7801-KICAO,Female,43,No,27891,18,Yes,11.36,Yes,Fiber Optic,13,No,No,No,No,Yes,Month-to-Month,Yes,Bank Withdrawal,74.15,1345.75,No
7673-LPRNY,Female,43,No,38460,23,Yes,48.88,Yes,DSL,12,Yes,No,Yes,No,Yes,One Year,Yes,Bank Withdrawal,78.55,1843.05,No
6060-QBMGV,Male,30,No,23742,70,Yes,3.51,No,None,0,No,No,No,No,No,Two Year,No,Credit Card,19.85,1433.8,No
7339-POGZN,Female,24,No,32369,4,Yes,16.25,Yes,DSL,51,No,No,No,No,Yes,Month-to-Month,No,Bank Withdrawal,50.7,214.55,No
2828-SLQPF,Male,53,No,13158,19,Yes,29.52,Yes,DSL,5,No,No,No,No,Yes,Month-to-Month,Yes,Bank Withdrawal,45,865.85,No
4465-VDKIQ,Female,61,No,23981,18,Yes,19.93,Yes,Fiber Optic,26,No,Yes,Yes,No,Yes,Month-to-Month,No,Bank Withdrawal,77.8,1358.6,No
2558-BUOZZ,Male,51,No,17015,47,Yes,40.25,Yes,Fiber Optic,20,Yes,Yes,No,No,Yes,One Year,No,Bank Withdrawal,94.8,4535.85,No
9257-AZMTZ,Female,22,Yes,41390,52,Yes,2.44,No,None,0,No,No,No,No,No,Two Year,No,Bank Withdrawal,20.1,1078.75,No
0003-MKNFE,Male,46,No,31297,9,Yes,10.69,Yes,Cable,10,No,No,No,No,No,Month-to-Month,No,Credit Card,59.9,542.4,No
0975-UYDTX,Female,46,No,9864,26,Yes,25.63,Yes,DSL,19,Yes,Yes,Yes,Yes,Yes,One Year,Yes,Credit Card,90.1,2312.55,No
4682-BLBUC,Male,19,No,29110,44,Yes,29.61,Yes,DSL,48,No,Yes,Yes,Yes,Yes,One Year,Yes,Bank Withdrawal,70.95,3250.45,No
0975-VOOVL,Female,34,No,25303,3,No,0,Yes,DSL,22,No,Yes,No,No,Yes,Month-to-Month,No,Credit Card,29.2,98.5,No
5968-VXZLG,Male,45,No,23661,2,Yes,1.87,Yes,DSL,12,No,No,No,No,Yes,Month-to-Month,Yes,Bank Withdrawal,46.6,87.9,No
5201-FRKKS,Male,53,No,43857,25,Yes,17.3,Yes,Fiber Optic,26,Yes,No,No,No,Yes,Month-to-Month,No,Bank Withdrawal,74.3,1952.25,No
5443-SCMKX,Female,49,No,37779,58,Yes,21.38,Yes,Fiber Optic,26,No,Yes,Yes,No,No,One Year,Yes,Bank Withdrawal,94.3,5610.15,No
8295-KMENE,Female,33,Yes,30742,59,Yes,13.27,Yes,DSL,15,Yes,No,Yes,Yes,Yes,Two Year,Yes,Credit Card,76.45,4519.5,No
6738-ISCBM,Male,55,No,25751,44,No,0,Yes,Cable,17,Yes,No,Yes,No,Yes,One Year,Yes,Bank Withdrawal,54,2440.25,No
9821-BESNZ,Male,43,No,32307,66,Yes,33.02,Yes,Fiber Optic,6,No,Yes,No,Yes,Yes,One Year,Yes,Bank Withdrawal,104.25,6860.6,No
3678-MNGZX,Male,45,Yes,28067,68,Yes,35.89,No,None,0,No,No,No,No,No,Two Year,No,Bank Withdrawal,19.95,1377.7,No
1335-NTIUC,Male,61,No,97318,9,No,0,Yes,DSL,7,No,No,No,No,Yes,Month-to-Month,Yes,Bank Withdrawal,24.95,190.25,No
2916-BQZLN,Male,29,No,68018,19,Yes,11.42,Yes,Fiber Optic,41,Yes,No,Yes,No,Yes,Month-to-Month,Yes,Bank Withdrawal,84.75,1651.95,No
4558-CGYCZ,Male,20,No,33389,4,Yes,41.94,No,None,0,No,No,No,No,No,Month-to-Month,No,Credit Card,19.75,78.3,No
2368-GAKKQ,Female,28,No,81986,70,Yes,17.32,Yes,Fiber Optic,30,Yes,Yes,Yes,Yes,Yes,Two Year,Yes,Bank Withdrawal,113.65,7939.25,No
8710-YGLWG,Male,44,No,57017,1,Yes,15.76,Yes,DSL,13,No,No,No,No,Yes,Month-to-Month,Yes,Credit Card,44.9,44.9,No
3199-XGZCY,Female,51,No,48867,8,Yes,18.82,Yes,Fiber Optic,3,No,No,No,No,Yes,Month-to-Month,Yes,Bank Withdrawal,75.25,576.7,No
3785-KTYSH,Male,24,No,17112,53,Yes,34.16,No,None,0,No,No,No,No,No,Two Year,No,Credit Card,24.6,1279,No
4063-EIKNQ,Male,33,Yes,59259,11,Yes,15.73,No,None,0,No,No,No,No,No,Month-to-Month,No,Bank Withdrawal,20.95,267.35,No
6993-YCOBK,Male,48,Yes,46639,60,Yes,40.36,Yes,Fiber Optic,76,Yes,No,Yes,Yes,No,Two Year,Yes,Bank Withdrawal,110.6,6586.85,No
5206-HPJKM,Male,64,No,17846,17,Yes,33.68,Yes,DSL,14,Yes,Yes,No,No,Yes,Month-to-Month,Yes,Credit Card,55.5,934.15,No
8393-JMVMB,Male,34,No,42526,1,Yes,29.15,No,None,0,No,No,No,No,No,Month-to-Month,No,Credit Card,19.45,19.45,No
6036-TTFYU,Female,48,No,33057,16,Yes,46.86,No,None,0,No,No,No,No,No,Month-to-Month,No,Credit Card,19.6,314.45,No
2550-AEVRU,Female,33,Yes,25988,57,Yes,17.01,Yes,DSL,11,Yes,Yes,No,No,Yes,One Year,No,Bank Withdrawal,53.45,3053,No
0969-RGKCU,Male,31,Yes,36123,37,Yes,43.68,No,None,0,No,No,No,No,No,One Year,No,Credit Card,19.8,677.05,No
0378-CJKPV,Female,56,No,14814,72,Yes,4.56,Yes,Fiber Optic,18,Yes,Yes,Yes,Yes,Yes,Two Year,No,Credit Card,112.1,7965.95,No
1703-MGIAB,Female,53,No,50047,17,Yes,5.49,Yes,DSL,14,No,No,Yes,Yes,Yes,Month-to-Month,Yes,Credit Card,69,1108,No
4311-QTTAI,Female,63,No,23646,16,Yes,40.95,No,None,0,No,No,No,No,No,One Year,No,Credit Card,19.35,295.55,No
4318-RAJVY,Female,57,No,13129,10,Yes,2.84,No,None,0,No,No,No,No,No,One Year,Yes,Credit Card,19.8,198.25,No
3612-YUNGG,Male,53,Yes,11517,64,Yes,13.73,Yes,Fiber Optic,12,No,Yes,Yes,Yes,Yes,Two Year,Yes,Credit Card,109.2,6741.15,No
2254-DLXRI,Female,33,No,25882,1,Yes,18,Yes,Fiber Optic,23,No,Yes,No,No,No,Month-to-Month,Yes,Credit Card,79.15,79.15,No
5062-CJJKH,Male,63,Yes,29245,25,Yes,36.17,Yes,DSL,53,No,Yes,Yes,No,Yes,One Year,No,Credit Card,53.65,1355.45,No
9028-LIHRP,Male,22,Yes,18539,71,Yes,33.69,Yes,Fiber Optic,27,Yes,Yes,Yes,Yes,Yes,Two Year,No,Credit Card,100.2,7209,No
1053-MXTTK,Female,63,Yes,16996,72,Yes,14.46,Yes,Fiber Optic,29,Yes,Yes,Yes,Yes,Yes,Two Year,Yes,Bank Withdrawal,108.65,7726.35,No
1530-ZTDOZ,Female,57,No,26157,49,No,0,Yes,Cable,11,Yes,No,No,No,Yes,Month-to-Month,No,Bank Withdrawal,40.65,2070.75,No
1301-LOPVR,Male,62,Yes,57146,29,No,0,Yes,DSL,57,Yes,Yes,Yes,Yes,Yes,One Year,Yes,Credit Card,55.35,1636.95,No
0853-TWRVK,Male,59,No,45358,72,Yes,6.15,Yes,Fiber Optic,5,Yes,Yes,Yes,Yes,Yes,Two Year,No,Bank Withdrawal,105.6,7581.5,No
6212-ATMLK,Female,42,No,39064,50,Yes,49.14,Yes,Fiber Optic,6,No,No,No,No,No,Month-to-Month,Yes,Bank Withdrawal,95.7,4729.75,No
8200-LGKSR,Male,47,No,57775,71,Yes,35.09,Yes,DSL,12,Yes,No,Yes,Yes,Yes,Two Year,No,Bank Withdrawal,83.2,6126.1,No
0670-ANMUU,Male,47,No,66754,71,Yes,16.57,Yes,Fiber Optic,5,Yes,No,No,Yes,Yes,One Year,No,Credit Card,97.65,6687.85,No
6897-RWMUB,Male,23,Yes,75319,61,Yes,42.31,Yes,DSL,59,Yes,Yes,Yes,Yes,Yes,Two Year,Yes,Bank Withdrawal,68.05,4158.25,No
6999-CHVCF,Male,40,No,17554,68,Yes,49.42,Yes,Fiber Optic,7,Yes,Yes,Yes,No,Yes,Two Year,Yes,Bank Withdrawal,102.1,7149.35,No
6134-KWTBV,Male,43,No,25068,62,Yes,48.93,No,None,0,No,No,No,No,No,Two Year,No,Bank Withdrawal,23.4,1429.65,No
1077-HUUJM,Female,48,Yes,51970,7,Yes,28.5,Yes,Fiber Optic,13,No,No,No,No,No,Month-to-Month,Yes,Bank Withdrawal,71.05,472.65,No
0895-LNKRC,Male,53,Yes,62660,6,Yes,1.57,No,None,0,No,No,No,No,No,One Year,No,Credit Card,19.45,113.5,No
8417-GSODA,Male,37,Yes,23079,28,Yes,13.19,Yes,Fiber Optic,30,No,No,No,No,Yes,One Year,No,Bank Withdrawal,92.2,2568.15,No
5171-EPLKN,Male,27,No,12937,27,Yes,47.65,No,None,0,No,No,No,No,No,Two Year,No,Credit Card,19.85,470,No
4452-QIIEB,Male,41,No,25135,7,Yes,30.04,Yes,DSL,6,No,No,No,No,Yes,Month-to-Month,No,Credit Card,43.9,278.4,No
7820-ZYGNY,Male,33,No,30802,63,Yes,9.21,Yes,Fiber Optic,28,No,Yes,No,No,No,One Year,No,Credit Card,90.45,5825.5,No
9677-AVKED,Female,55,Yes,35530,53,Yes,14.54,Yes,Cable,18,No,Yes,Yes,Yes,Yes,One Year,Yes,Bank Withdrawal,84.6,4449.75,No
2227-JRSJX,Female,22,No,33280,21,Yes,6.12,Yes,Fiber Optic,51,No,Yes,No,Yes,Yes,Month-to-Month,Yes,Bank Withdrawal,99.15,1956.4,No
9847-HNVGP,Male,23,No,26933,17,Yes,25.91,No,None,0,No,No,No,No,No,One Year,No,Credit Card,19.95,310.6,No
6696-YDAYZ,Male,30,Yes,47,16,Yes,27.24,No,None,0,No,No,No,No,No,Two Year,No,Credit Card,20.5,290.55,No
8980-WQFWL,Female,61,No,56280,35,Yes,2.15,Yes,DSL,7,No,No,Yes,No,Yes,Month-to-Month,Yes,Bank Withdrawal,62.1,2096.1,No
6506-EYCNH,Female,27,Yes,34447,28,Yes,15.85,No,None,0,No,No,No,No,No,Month-to-Month,Yes,Bank Withdrawal,19.55,543.8,No
4634-JLRJT,Female,30,No,49474,1,Yes,29.86,No,None,0,No,No,No,No,No,Month-to-Month,Yes,Credit Card,20.35,20.35,No
9501-UKKNL,Male,43,No,46532,59,No,0,Yes,DSL,7,No,No,No,Yes,Yes,Month-to-Month,Yes,Bank Withdrawal,51.7,3005.8,No
2560-QTSBS,Female,26,Yes,69974,72,Yes,18.14,No,None,0,No,No,No,No,No,One Year,Yes,Bank Withdrawal,23.3,1623.15,No
4795-WRNVT,Female,32,No,36057,40,Yes,11.56,Yes,DSL,26,Yes,Yes,No,No,Yes,Month-to-Month,No,Credit Card,65.1,2586,No
6080-TCMYC,Male,55,Yes,61623,40,Yes,3.52,Yes,Fiber Optic,56,No,No,Yes,No,Yes,Month-to-Month,Yes,Bank Withdrawal,81.2,3292.3,No
7860-UXCRM,Male,22,Yes,23444,63,Yes,42.17,Yes,DSL,73,Yes,Yes,Yes,Yes,Yes,Two Year,No,Credit Card,74.5,4674.55,No
6357-JJPQT,Female,48,No,38041,3,Yes,26.86,Yes,Fiber Optic,5,No,No,No,No,No,Month-to-Month,Yes,Bank Withdrawal,80.5,232.35,No
2292-XQWSV,Male,19,Yes,32718,40,No,0,Yes,DSL,26,No,Yes,Yes,Yes,Yes,One Year,No,Credit Card,60.3,2448.5,No
9552-TGUZV,Male,57,No,23331,8,Yes,20.67,Yes,Fiber Optic,18,Yes,No,No,No,Yes,Month-to-Month,Yes,Credit Card,75,658.1,No
9643-YBLUR,Male,27,No,30458,9,Yes,26.03,Yes,Cable,59,No,Yes,Yes,No,Yes,Month-to-Month,Yes,Credit Card,69.05,653.95,No
8734-FNWVH,Male,21,Yes,31622,31,Yes,30.67,Yes,DSL,59,No,No,No,No,Yes,Month-to-Month,No,Bank Withdrawal,59.7,1825.5,No
9447-YPTBX,Female,30,No,54382,50,Yes,28.1,No,None,0,No,No,No,No,No,One Year,Yes,Bank Withdrawal,19.85,943.1,No
9026-LHEVG,Female,45,No,1509,9,No,0,Yes,DSL,21,No,Yes,No,No,No,Month-to-Month,No,Bank Withdrawal,40.75,359.4,No
7011-CVEUC,Male,51,No,71126,25,Yes,3.81,Yes,Fiber Optic,8,No,No,No,Yes,Yes,Month-to-Month,Yes,Credit Card,95.7,2338.35,No
7925-PNRGI,Female,51,Yes,2606,45,Yes,10.21,Yes,DSL,11,Yes,Yes,Yes,Yes,Yes,Month-to-Month,No,Credit Card,81.3,3541.1,No
1552-CZCLL,Female,31,Yes,1587,55,Yes,31.3,No,None,0,No,No,No,No,No,Month-to-Month,No,Credit Card,20,1087.25,No
3038-PQIUY,Female,39,No,727,38,Yes,20.14,Yes,DSL,13,Yes,Yes,Yes,No,Yes,Month-to-Month,Yes,Bank Withdrawal,66.15,2522.4,No
9313-CDOGY,Male,40,Yes,26662,38,Yes,24.16,No,None,0,No,No,No,No,No,Month-to-Month,No,Bank Withdrawal,19.6,717.3,No
8148-BPLZQ,Male,34,No,699,34,Yes,4.89,Yes,Cable,27,No,Yes,No,No,No,Month-to-Month,Yes,Bank Withdrawal,49.8,1734.2,No
2623-DRYAM,Female,19,No,8759,70,Yes,19.88,Yes,Fiber Optic,26,No,No,Yes,No,Yes,One Year,Yes,Bank Withdrawal,101.75,7069.3,No
9987-LUTYD,Female,20,No,44652,13,Yes,46.68,Yes,DSL,59,Yes,No,No,Yes,Yes,One Year,No,Credit Card,55.15,742.9,No
4488-KQFDT,Female,21,No,24961,61,Yes,15.44,Yes,Fiber Optic,30,No,Yes,Yes,No,Yes,One Year,Yes,Bank Withdrawal,103.95,6423,No
5693-PIPCS,Male,29,No,62355,41,Yes,21.64,Yes,Fiber Optic,59,No,Yes,No,Yes,Yes,Two Year,Yes,Credit Card,99.65,4220.35,No
0491-KAPQG,Male,28,No,1604,21,Yes,28.54,Yes,Fiber Optic,42,No,No,No,No,Yes,Month-to-Month,Yes,Bank Withdrawal,73.7,1558.7,No
8039-EQPIM,Male,22,No,56100,69,No,0,Yes,DSL,59,Yes,No,Yes,Yes,No,Two Year,No,Bank Withdrawal,60.25,4055.5,No
3209-ZPKFI,Male,28,Yes,2863,47,Yes,39.25,Yes,DSL,26,No,Yes,No,No,Yes,Month-to-Month,No,Bank Withdrawal,54.25,2538.2,No
6479-VDGRK,Female,46,Yes,10375,72,Yes,36.13,Yes,Cable,21,Yes,Yes,Yes,Yes,Yes,Two Year,No,Bank Withdrawal,85.3,6129.2,No
3569-JFODW,Female,20,Yes,13945,72,Yes,45.66,Yes,DSL,47,Yes,Yes,Yes,Yes,Yes,Two Year,No,Credit Card,90.95,6652.45,No
1591-XWLGB,Female,44,No,61872,71,Yes,18.41,No,None,0,No,No,No,No,No,Two Year,No,Credit Card,19.85,1379.6,No
0396-UKGAI,Male,25,Yes,47126,23,Yes,1.58,Yes,DSL,47,No,Yes,No,Yes,Yes,Month-to-Month,Yes,Bank Withdrawal,55.3,1284.2,No
3243-ZHOHY,Female,35,No,49281,16,Yes,20.65,No,None,0,No,No,No,No,No,One Year,No,Credit Card,20.1,296.15,No
5186-EJEGL,Male,24,No,43436,9,Yes,34.43,Yes,DSL,51,Yes,No,Yes,Yes,Yes,Month-to-Month,Yes,Credit Card,69.5,653.25,No
7527-QNRUS,Male,33,Yes,48690,17,Yes,45.24,No,None,0,No,No,No,No,No,Two Year,Yes,Credit Card,25.15,412.6,No
2203-GHNWN,Female,24,No,3577,24,Yes,44.93,Yes,Fiber Optic,82,No,No,Yes,No,Yes,Month-to-Month,Yes,Credit Card,79.65,1928.7,No
5296-PSYVW,Female,41,No,98239,72,Yes,8.98,No,None,0,No,No,No,No,No,Two Year,No,Bank Withdrawal,24.55,1750.7,No
6319-QSUSR,Female,57,Yes,52895,11,Yes,44.88,No,None,0,No,No,No,No,No,Month-to-Month,No,Credit Card,19.7,216.2,No
0487-CRLZF,Female,58,No,47969,49,Yes,7.51,Yes,DSL,13,No,No,Yes,Yes,Yes,Two Year,Yes,Bank Withdrawal,74.45,3721.9,No
9451-WLYRI,Female,50,No,339,53,Yes,46.24,No,None,0,No,No,No,No,No,One Year,No,Credit Card,19.05,990.45,No
8219-VYBVI,Male,52,Yes,7615,39,Yes,49.95,No,None,0,No,No,No,No,No,Two Year,No,Credit Card,25,1004.35,No
1991-VOPLL,Female,45,No,52664,9,Yes,31.28,No,None,0,No,No,No,No,No,Month-to-Month,No,Credit Card,19.05,157.65,No
9738-QLWTP,Male,47,No,1143,39,Yes,35.13,Yes,Fiber Optic,29,No,No,Yes,Yes,Yes,One Year,No,Bank Withdrawal,81.9,3219.75,No
9419-IPPBE,Female,21,Yes,12173,51,Yes,19.9,Yes,Fiber Optic,59,No,No,Yes,No,Yes,One Year,Yes,Bank Withdrawal,90.15,4554.85,No
0174-QRVVY,Male,21,Yes,6760,71,Yes,9.2,No,None,0,No,No,No,No,No,Two Year,No,Credit Card,25.35,1847.55,No
8106-GWQOK,Male,47,No,1205,38,No,0,Yes,Cable,25,Yes,Yes,No,Yes,Yes,Two Year,Yes,Bank Withdrawal,60,2193.2,No
8751-EDEKA,Female,56,No,1072,28,Yes,33.09,Yes,Fiber Optic,19,No,Yes,Yes,No,Yes,Month-to-Month,No,Credit Card,89.9,2433.5,No
6878-GGDWG,Female,57,No,27505,32,Yes,12.35,No,None,0,No,No,No,No,No,Month-to-Month,No,Bank Withdrawal,19.4,641.15,No
8450-LUGUK,Female,40,Yes,30202,37,Yes,44.68,No,None,0,No,No,No,No,No,Two Year,Yes,Bank Withdrawal,24.1,861.85,No
3604-WLABM,Female,41,No,47689,10,Yes,12.96,Yes,DSL,29,No,No,Yes,Yes,Yes,Month-to-Month,No,Bank Withdrawal,54.25,583,No
0795-GMVQO,Male,36,No,73006,67,Yes,23.13,Yes,Fiber Optic,24,Yes,Yes,Yes,No,Yes,One Year,No,Credit Card,109.9,7332.4,No
2259-OUUSZ,Male,28,No,18525,7,No,0,Yes,DSL,48,No,No,Yes,Yes,Yes,One Year,Yes,Credit Card,35.5,249.55,No
1142-IHLOO,Female,36,No,27959,51,Yes,14.37,Yes,Fiber Optic,7,No,No,No,No,Yes,One Year,No,Credit Card,87.55,4475.9,No
4633-MKHYU,Female,23,No,46086,9,Yes,35.45,Yes,Fiber Optic,52,No,No,No,No,Yes,Month-to-Month,Yes,Credit Card,88.4,788.6,No
6257-RJOHI,Male,58,No,24169,4,Yes,1.88,Yes,DSL,21,No,No,No,Yes,Yes,Month-to-Month,Yes,Credit Card,50.8,202.3,No
1545-JFUML,Male,50,No,46828,71,Yes,44.06,Yes,Fiber Optic,6,Yes,Yes,Yes,No,No,Two Year,Yes,Bank Withdrawal,99,6994.6,No
1353-GHZOS,Male,22,No,56887,22,Yes,6.03,Yes,DSL,51,Yes,No,No,No,Yes,One Year,Yes,Bank Withdrawal,59.75,1374.35,No
2587-EKXTS,Male,48,No,33083,44,Yes,44.45,Yes,Fiber Optic,19,Yes,Yes,Yes,No,Yes,Month-to-Month,Yes,Bank Withdrawal,111.5,4915.15,No
5442-BXVND,Female,49,Yes,51213,33,Yes,9.97,No,None,0,No,No,No,No,No,Month-to-Month,No,Bank Withdrawal,24.25,838.5,No
9753-OYLBX,Female,54,No,34902,1,Yes,8.56,No,None,0,No,No,No,No,No,Month-to-Month,No,Credit Card,20.5,20.5,No
2364-UFROM,Male,47,No,25232,30,Yes,32.41,Yes,Cable,22,Yes,Yes,No,Yes,Yes,One Year,No,Bank Withdrawal,70.4,2044.75,No
6656-JWRQX,Female,60,No,30206,1,No,0,Yes,DSL,9,No,No,No,Yes,No,Month-to-Month,No,Credit Card,30.55,30.55,No
6473-ULUHT,Male,22,Yes,74232,16,Yes,9.16,Yes,DSL,59,Yes,Yes,No,Yes,Yes,Month-to-Month,No,Bank Withdrawal,84.9,1398.25,No
7688-AWMDX,Male,21,No,29283,71,Yes,48.32,Yes,DSL,59,Yes,No,No,Yes,Yes,Two Year,No,Bank Withdrawal,54.5,3778.2,No
2842-BCQGE,Male,39,No,36351,43,Yes,19.66,Yes,Fiber Optic,28,No,No,No,No,Yes,Month-to-Month,Yes,Credit Card,75.35,3161.4,No
7244-QWYHG,Male,20,No,68776,50,No,0,Yes,DSL,73,Yes,No,No,Yes,Yes,One Year,Yes,Bank Withdrawal,44.45,2188.45,No
5312-UXESG,Female,43,No,2743,41,Yes,29.19,Yes,Fiber Optic,4,No,No,Yes,No,Yes,Month-to-Month,No,Bank Withdrawal,98.05,3990.6,No
2150-WLKUW,Female,27,No,25859,40,Yes,42.1,Yes,DSL,52,No,Yes,No,No,Yes,One Year,No,Bank Withdrawal,63.9,2635,No
7159-FVYPK,Female,23,Yes,17721,3,Yes,24.28,Yes,DSL,73,No,Yes,Yes,No,No,Month-to-Month,Yes,Bank Withdrawal,69.15,235,No
7032-LMBHI,Female,42,No,24659,37,Yes,37.18,Yes,Cable,9,Yes,No,No,No,Yes,One Year,No,Bank Withdrawal,64.65,2347.85,No
6088-BXMRG,Female,59,Yes,2355,32,Yes,24.04,Yes,Fiber Optic,22,No,Yes,No,No,Yes,Month-to-Month,Yes,Bank Withdrawal,98.85,3089.6,No
4821-SJHJV,Female,25,Yes,7857,32,Yes,48.49,Yes,Fiber Optic,82,Yes,No,No,No,Yes,Month-to-Month,No,Bank Withdrawal,89.6,2901.8,No
7346-MEDWM,Female,48,No,43141,59,Yes,31.23,Yes,Fiber Optic,16,No,Yes,Yes,No,Yes,Month-to-Month,Yes,Bank Withdrawal,83.25,4949.1,No
1137-DGOWI,Female,53,No,23170,30,Yes,17.33,Yes,DSL,13,No,Yes,Yes,Yes,Yes,One Year,No,Bank Withdrawal,70.25,2198.9,No
3812-LRZIR,Female,51,Yes,22796,27,Yes,35.52,No,None,0,No,No,No,No,No,Two Year,No,Bank Withdrawal,24.5,761.95,No
9483-GCPWE,Male,60,Yes,1564,9,Yes,27.34,No,None,0,No,No,No,No,No,One Year,No,Credit Card,20.1,190.25,No
4227-OJHAL,Female,47,Yes,43712,68,Yes,20.15,Yes,DSL,16,Yes,Yes,Yes,No,Yes,One Year,Yes,Credit Card,73,5163,No
9220-CXRSC,Female,56,Yes,3535,69,Yes,39.07,Yes,DSL,19,Yes,No,No,Yes,Yes,Two Year,No,Credit Card,61.4,4059.85,No
4993-JCRGJ,Male,62,No,8062,26,Yes,37.69,Yes,Fiber Optic,30,No,No,Yes,Yes,Yes,Month-to-Month,Yes,Credit Card,84.3,2281.6,No
9537-JALFH,Male,49,Yes,14546,69,Yes,28.19,No,None,0,No,No,No,No,No,Two Year,No,Bank Withdrawal,19.9,1356.7,No
6698-OXETB,Male,60,No,8141,11,Yes,49.8,No,None,0,No,No,No,No,No,Two Year,No,Credit Card,20.4,231.45,No
2103-ZRXFN,Male,19,No,23971,1,Yes,24.66,Yes,DSL,26,No,No,No,No,Yes,Month-to-Month,No,Credit Card,50.75,50.75,No
3724-BSCVH,Male,37,Yes,8768,10,Yes,37.59,No,None,0,No,No,No,No,No,One Year,No,Credit Card,20.45,242.4,No
4877-TSOFF,Female,41,Yes,3499,55,Yes,16.16,Yes,DSL,29,Yes,Yes,No,Yes,Yes,One Year,Yes,Bank Withdrawal,75.75,4264.25,No
9209-NWPGU,Male,42,No,2753,44,Yes,34.98,Yes,Cable,2,Yes,No,No,Yes,Yes,One Year,No,Bank Withdrawal,65.4,2774.55,No
7306-YDSOI,Male,32,Yes,471,69,Yes,49.4,Yes,DSL,12,Yes,Yes,Yes,No,Yes,Two Year,Yes,Bank Withdrawal,59.75,4069.9,No
0655-YDGFJ,Male,34,No,18884,29,Yes,10.06,Yes,DSL,25,No,No,Yes,No,Yes,Month-to-Month,No,Bank Withdrawal,48.95,1323.7,No
8468-EHYJA,Female,32,No,291,57,Yes,12.19,Yes,Fiber Optic,16,Yes,No,No,No,Yes,Month-to-Month,Yes,Bank Withdrawal,99.65,5497.05,No
6823-SIDFQ,Male,58,No,131,28,Yes,40.39,No,None,0,No,No,No,No,No,One Year,No,Credit Card,18.25,534.7,No
1097-FSPVW,Female,42,No,354,42,Yes,32.16,Yes,DSL,8,Yes,No,Yes,No,Yes,Month-to-Month,No,Credit Card,54.55,2455.05,No
8328-SKJNO,Male,61,Yes,1632,23,No,0,Yes,DSL,19,Yes,Yes,No,Yes,Yes,One Year,No,Bank Withdrawal,40.65,947.4,No
7010-ZMVBF,Female,39,Yes,17018,18,Yes,14.6,No,None,0,No,No,No,No,No,Month-to-Month,No,Credit Card,20.45,357,No
5201-CBWYG,Male,60,Yes,799,62,Yes,16.48,No,None,0,No,No,No,No,No,One Year,No,Bank Withdrawal,24.8,1476.25,No
6352-GIGGQ,Male,19,No,48690,67,Yes,37.32,Yes,DSL,59,Yes,Yes,Yes,Yes,Yes,One Year,Yes,Bank Withdrawal,88.8,5903.15,No
3635-QQRQD,Male,19,No,2388,62,Yes,33.68,No,None,0,No,No,No,No,No,Two Year,Yes,Credit Card,20.05,1201.65,No
2897-DOVND,Male,31,No,3663,2,Yes,11.19,Yes,Fiber Optic,14,No,No,No,No,No,Month-to-Month,Yes,Bank Withdrawal,69.8,146.65,No
3082-YVEKW,Female,62,Yes,20486,23,Yes,33.02,Yes,DSL,12,Yes,No,Yes,Yes,Yes,Two Year,Yes,Bank Withdrawal,77.15,1759.4,No
0191-EQUUH,Female,32,Yes,2182,25,No,0,Yes,Cable,75,Yes,No,No,Yes,Yes,Two Year,No,Bank Withdrawal,35.05,844.45,No
3489-HHPFY,Female,40,No,42,2,Yes,22.23,Yes,Fiber Optic,13,No,No,No,No,Yes,Month-to-Month,Yes,Bank Withdrawal,84.05,134.05,No
2926-JEJJC,Female,26,No,301,8,Yes,5.27,No,None,0,No,No,No,No,No,One Year,Yes,Bank Withdrawal,20.2,140.95,No
4950-BDEUX,Male,47,No,28819,35,No,0,Yes,DSL,26,No,No,Yes,No,Yes,Month-to-Month,No,Bank Withdrawal,49.2,1701.65,No
5789-LDFXO,Male,60,No,904,24,Yes,47.33,No,None,0,No,No,No,No,No,One Year,No,Bank Withdrawal,24.6,592.65,No
0508-OOLTO,Female,33,Yes,9465,2,Yes,29.03,Yes,Fiber Optic,10,No,No,No,No,Yes,Month-to-Month,Yes,Bank Withdrawal,71.65,135.75,No
2984-TBYKU,Male,38,Yes,31293,72,Yes,32.22,Yes,Fiber Optic,25,Yes,Yes,Yes,Yes,Yes,Two Year,Yes,Credit Card,104.9,7732.65,No
9822-WMWVG,Female,20,No,11024,41,Yes,36.7,Yes,Fiber Optic,59,Yes,Yes,Yes,Yes,Yes,Month-to-Month,Yes,Bank Withdrawal,106.5,4282.4,No
9040-KZVWO,Male,59,No,5447,26,Yes,39.63,Yes,Fiber Optic,29,No,Yes,No,No,Yes,One Year,No,Bank Withdrawal,75.5,2018.1,No
1548-ARAGG,Female,28,Yes,455,4,Yes,35.2,Yes,DSL,52,No,Yes,No,Yes,Yes,Month-to-Month,Yes,Credit Card,58.5,224.85,No
6339-RZCBJ,Male,45,No,52202,48,Yes,3.59,Yes,DSL,10,No,Yes,Yes,Yes,Yes,Two Year,No,Credit Card,78.9,3771.5,No
2522-AHJXR,Male,36,No,443,60,Yes,4.59,Yes,Fiber Optic,9,Yes,No,Yes,Yes,Yes,Month-to-Month,Yes,Bank Withdrawal,109.45,6572.85,No
0412-UCCNP,Male,20,No,115,55,Yes,12.28,Yes,DSL,48,Yes,No,Yes,Yes,Yes,Two Year,Yes,Bank Withdrawal,59.2,3175.85,No
1816-FLZDK,Male,34,No,414,1,No,0,Yes,DSL,22,No,No,No,Yes,Yes,Month-to-Month,No,Credit Card,29.15,29.15,No
7096-UCLNH,Male,30,No,82630,1,Yes,11.1,No,None,0,No,No,No,No,No,Month-to-Month,No,Credit Card,20.05,20.05,No
4615-PIVVU,Female,33,No,23,42,Yes,34.76,Yes,Cable,20,No,No,Yes,Yes,Yes,Two Year,No,Credit Card,66.5,2762.75,No
8885-QSQBX,Female,45,No,958,1,Yes,10.83,Yes,DSL,15,Yes,No,No,No,Yes,Month-to-Month,No,Bank Withdrawal,49.55,49.55,No
8617-ENBDS,Male,29,No,4948,3,Yes,27.34,Yes,Fiber Optic,71,No,No,Yes,No,No,Month-to-Month,Yes,Credit Card,73.6,232.5,No
9385-NXKDA,Female,53,No,68515,72,Yes,17.28,Yes,DSL,11,Yes,Yes,Yes,No,Yes,Two Year,Yes,Credit Card,82.65,5919.35,No
0430-IHCDJ,Male,40,No,48245,15,Yes,11.75,Yes,DSL,28,No,No,No,No,Yes,Month-to-Month,Yes,Bank Withdrawal,49,749.25,No
6674-KVJHG,Female,50,No,9793,11,Yes,1.87,No,None,0,No,No,No,No,No,One Year,No,Bank Withdrawal,25.2,245.15,No
1814-DKOLC,Female,63,No,18068,5,Yes,5.41,No,None,0,No,No,No,No,No,Month-to-Month,No,Credit Card,25.45,134.75,No
9351-HXDMR,Male,37,No,1090,72,Yes,46.16,Yes,Fiber Optic,14,Yes,No,Yes,Yes,Yes,Two Year,Yes,Credit Card,110.9,8240.85,No
3537-HPKQT,Female,20,No,7324,55,Yes,23.45,Yes,Fiber Optic,53,No,Yes,No,No,Yes,Month-to-Month,Yes,Credit Card,77.75,4266.4,No
2129-ALKBS,Female,49,Yes,5488,40,Yes,49.22,No,None,0,No,No,No,No,No,Month-to-Month,Yes,Bank Withdrawal,26.2,1077.5,No
5821-MMEIL,Female,43,No,162,57,Yes,44.86,No,None,0,No,No,No,No,No,Two Year,No,Bank Withdrawal,19.9,1115.6,No
6968-URWQU,Male,50,No,36675,43,Yes,4.34,Yes,DSL,23,No,No,No,No,Yes,One Year,Yes,Credit Card,56.35,2391.15,No
4742-TXUEX,Female,24,Yes,75882,47,Yes,2.56,No,None,0,No,No,No,No,No,Two Year,No,Bank Withdrawal,19.3,890.5,No
9631-XEYKE,Male,28,No,18518,3,Yes,29.74,Yes,DSL,59,No,No,No,No,Yes,Month-to-Month,No,Bank Withdrawal,50.4,137.25,No
1335-MXCSE,Male,24,Yes,87,55,Yes,46.61,Yes,DSL,30,No,No,Yes,Yes,Yes,Two Year,Yes,Credit Card,55.25,3119.9,No
8873-TMKGR,Male,40,No,1834,29,Yes,49.52,No,None,0,No,No,No,No,No,One Year,No,Credit Card,19.1,529.5,No
8800-JOOCF,Female,56,Yes,42239,12,Yes,17.85,Yes,Fiber Optic,19,No,No,No,No,Yes,Month-to-Month,Yes,Bank Withdrawal,84.05,966.55,No
1469-LBJQJ,Female,39,No,63235,66,Yes,42.23,Yes,Fiber Optic,30,No,Yes,Yes,No,Yes,Month-to-Month,Yes,Bank Withdrawal,105.2,6936.85,No
0064-YIJGF,Male,60,Yes,1195,27,Yes,25.26,Yes,Fiber Optic,23,No,No,No,No,Yes,Month-to-Month,Yes,Bank Withdrawal,75.75,1929,No
2386-OWURY,Female,20,No,41575,58,Yes,35.55,Yes,Fiber Optic,73,No,No,No,Yes,Yes,Month-to-Month,Yes,Bank Withdrawal,95.3,5817.7,No
0310-VQXAM,Male,56,No,53636,9,Yes,40.74,No,None,0,No,No,No,No,No,Month-to-Month,No,Credit Card,19.85,178.8,No
3453-RTHJQ,Male,59,No,49355,6,Yes,18.65,Yes,Fiber Optic,18,No,No,No,No,Yes,Month-to-Month,Yes,Bank Withdrawal,69.1,435,No
6278-FEPBZ,Female,57,No,44556,9,Yes,2.6,No,None,0,No,No,No,No,No,Month-to-Month,No,Credit Card,20.25,186.15,No
4280-DLSHD,Male,36,No,23146,8,Yes,19,Yes,Cable,8,No,Yes,Yes,No,Yes,Month-to-Month,Yes,Credit Card,54.75,445.85,No
1508-DFXCU,Male,32,No,18999,12,Yes,11.04,Yes,Fiber Optic,16,No,No,No,No,Yes,Month-to-Month,Yes,Bank Withdrawal,81.45,912,No
7868-BGSZA,Male,30,No,46550,43,Yes,33.97,Yes,DSL,69,Yes,No,Yes,No,Yes,One Year,Yes,Bank Withdrawal,80.2,3581.6,No
2800-QQUSO,Male,48,No,38446,42,Yes,25.69,Yes,Fiber Optic,13,No,No,No,Yes,Yes,Month-to-Month,Yes,Bank Withdrawal,100.3,4222.95,No
7973-DZRKH,Female,20,Yes,48649,66,Yes,27.09,Yes,Fiber Optic,51,Yes,No,Yes,Yes,Yes,Two Year,Yes,Credit Card,90.95,5930.05,No
7698-YFGEZ,Male,55,No,63999,1,Yes,25.99,No,None,0,No,No,No,No,No,Month-to-Month,No,Credit Card,20,20,No
9773-PEQBZ,Male,43,No,38519,10,Yes,15.6,Yes,Fiber Optic,22,No,Yes,No,No,Yes,Month-to-Month,No,Bank Withdrawal,79.85,797.25,No
7785-RDVIG,Female,53,Yes,29687,3,Yes,10.13,No,None,0,No,No,No,No,No,Month-to-Month,No,Credit Card,19.3,54.7,No
9602-WCXPI,Male,24,No,39264,50,Yes,21.72,No,None,0,No,No,No,No,No,One Year,No,Credit Card,20.15,989.05,No
2903-YYTBW,Male,48,Yes,25694,1,Yes,41.1,Yes,DSL,18,No,No,No,No,Yes,Month-to-Month,No,Bank Withdrawal,44.55,44.55,No
3620-MWJNE,Male,32,No,4283,2,Yes,19.87,Yes,DSL,19,Yes,No,No,Yes,Yes,Month-to-Month,Yes,Credit Card,54.45,87.3,No
8573-JGCZW,Male,27,No,3588,17,Yes,47.79,No,None,0,No,No,No,No,No,One Year,Yes,Bank Withdrawal,19.65,351.55,No
6837-HAEVO,Male,47,Yes,22983,69,Yes,22.49,Yes,Fiber Optic,11,No,Yes,Yes,No,Yes,Two Year,Yes,Bank Withdrawal,105,7297.75,No
6701-YVNQG,Male,63,No,61205,72,Yes,47.66,Yes,DSL,19,Yes,Yes,Yes,Yes,Yes,Two Year,Yes,Credit Card,88.7,6301.7,No
9504-YAZWB,Female,28,No,1500,53,Yes,28.46,No,None,0,No,No,No,No,No,Two Year,No,Credit Card,20.25,1048.45,No
8819-ZBYNA,Female,51,No,36149,58,Yes,37.15,Yes,Fiber Optic,7,Yes,Yes,No,Yes,Yes,Two Year,Yes,Credit Card,109.1,6393.65,No
6174-NRBTZ,Male,44,No,18311,46,No,0,Yes,Cable,19,Yes,No,No,No,Yes,One Year,Yes,Bank Withdrawal,30.75,1489.3,No
6137-NICCO,Female,39,Yes,26357,6,Yes,41.29,Yes,Fiber Optic,19,No,Yes,Yes,No,Yes,Month-to-Month,Yes,Credit Card,94.05,518.75,No
9065-ZCPQX,Male,24,No,4456,72,Yes,39.61,Yes,DSL,85,Yes,Yes,Yes,Yes,Yes,Two Year,No,Bank Withdrawal,78.85,5763.15,No
6402-EJMWF,Male,33,No,21349,4,Yes,21.03,Yes,DSL,3,No,No,No,No,Yes,Month-to-Month,Yes,Credit Card,55.3,238.5,No
3620-EHIMZ,Female,44,Yes,14068,52,Yes,9.87,No,None,0,No,No,No,No,No,Two Year,No,Credit Card,19.35,1031.7,No
3213-VVOLG,Male,22,Yes,8692,10,Yes,36.37,No,None,0,No,No,No,No,No,Two Year,No,Credit Card,25.35,253.5,No
6870-ECSHE,Female,23,No,18161,2,Yes,46,No,None,0,No,No,No,No,No,One Year,No,Credit Card,20.45,34.8,No
8747-UDCOI,Female,29,No,13151,65,Yes,48.66,No,None,0,No,No,No,No,No,Two Year,No,Bank Withdrawal,19.35,1319.95,No
4626-OZDTJ,Female,35,No,19368,51,Yes,25.45,Yes,DSL,4,No,Yes,No,Yes,Yes,One Year,Yes,Credit Card,78.65,3950.85,No
9169-BSVIN,Male,21,No,4093,12,Yes,18.52,Yes,DSL,53,No,No,Yes,No,Yes,Month-to-Month,No,Bank Withdrawal,74.75,827.05,No
8194-PEEBY,Female,38,Yes,27369,24,Yes,4.47,No,None,0,No,No,No,No,No,One Year,No,Credit Card,19.9,533.5,No
6872-HXFNF,Female,27,No,17621,64,Yes,40.28,Yes,DSL,52,No,No,Yes,Yes,Yes,One Year,No,Bank Withdrawal,58.35,3756.45,No
7714-YXSMB,Female,60,No,41062,26,Yes,25.66,Yes,Fiber Optic,3,No,No,Yes,No,Yes,Month-to-Month,Yes,Bank Withdrawal,100.5,2599.95,No
8387-UGUSU,Female,57,Yes,22499,15,Yes,37.9,No,None,0,No,No,No,No,No,Month-to-Month,No,Credit Card,20.05,284.3,No
1194-HVAIF,Female,21,No,7465,27,Yes,18.42,Yes,Fiber Optic,26,No,No,No,No,Yes,Month-to-Month,No,Credit Card,95,2462.55,No
1767-TGTKO,Female,30,Yes,27730,8,Yes,5.09,Yes,DSL,51,No,No,No,No,Yes,Month-to-Month,Yes,Bank Withdrawal,45.45,411.75,No
8439-LTUGF,Male,51,No,59176,10,Yes,19.1,No,None,0,No,No,No,No,No,Month-to-Month,Yes,Credit Card,20,198.6,No
8805-JNRAZ,Female,44,No,56517,2,Yes,29.28,Yes,Cable,4,No,Yes,No,No,Yes,Month-to-Month,No,Credit Card,49.2,103.7,No
6418-HNFED,Male,33,No,42663,51,Yes,40.34,Yes,DSL,9,Yes,Yes,Yes,Yes,Yes,Two Year,Yes,Credit Card,83.25,4089.45,No
0206-OYVOC,Female,52,Yes,32304,46,Yes,24.33,No,None,0,No,No,No,No,No,Two Year,Yes,Credit Card,19.25,864.2,No
7291-CDTMJ,Male,40,No,25206,1,Yes,13.85,No,None,0,No,No,No,No,No,Month-to-Month,Yes,Bank Withdrawal,19.65,19.65,No
7128-GGCNO,Male,38,No,48273,46,Yes,41.1,Yes,Fiber Optic,26,No,No,No,No,Yes,Month-to-Month,No,Bank Withdrawal,72.8,3249.4,No
0237-YFUTL,Female,62,No,8660,50,Yes,34.57,Yes,Fiber Optic,13,Yes,Yes,No,Yes,Yes,Month-to-Month,Yes,Bank Withdrawal,109.65,5405.8,No
7691-KGKGP,Male,31,Yes,41237,53,Yes,2.11,Yes,DSL,19,No,Yes,No,Yes,Yes,Month-to-Month,No,Credit Card,65,3363.8,No
6710-HSJRD,Male,48,No,5597,61,Yes,12.32,Yes,Fiber Optic,7,No,Yes,Yes,Yes,Yes,Month-to-Month,Yes,Bank Withdrawal,114.1,7132.15,No
3675-EQOZA,Male,40,No,28687,5,Yes,42.52,No,None,0,No,No,No,No,No,Month-to-Month,No,Bank Withdrawal,20.65,93.55,No
0840-DCNZE,Male,33,No,4242,47,Yes,36.78,Yes,DSL,25,Yes,Yes,Yes,Yes,Yes,One Year,Yes,Bank Withdrawal,86.95,4138.9,No
1732-FEKLD,Female,30,No,3124,54,Yes,37.65,Yes,Fiber Optic,30,No,Yes,Yes,No,No,One Year,Yes,Bank Withdrawal,94.75,5121.75,No
9862-KJTYK,Male,19,Yes,22133,19,No,0,Yes,DSL,59,No,No,No,No,Yes,Month-to-Month,Yes,Credit Card,25.35,566.1,No
0479-HMSWA,Female,63,Yes,34946,26,Yes,2.48,Yes,Fiber Optic,19,No,Yes,Yes,Yes,Yes,Two Year,Yes,Bank Withdrawal,105.45,2715.3,No
5854-KSRBJ,Male,31,Yes,15297,70,Yes,9.33,No,None,0,No,No,No,No,No,Two Year,No,Credit Card,25.4,1782.05,No
0365-BZUWY,Male,58,No,34321,17,Yes,10.11,Yes,Fiber Optic,2,No,Yes,Yes,No,Yes,Month-to-Month,Yes,Bank Withdrawal,102.55,1742.5,No
5701-SVCWR,Female,45,Yes,62103,1,Yes,32.95,No,None,0,No,No,No,No,No,Month-to-Month,No,Credit Card,24,24,No
3129-AAQOU,Female,50,Yes,32268,19,Yes,38.43,No,None,0,No,No,No,No,No,Two Year,No,Credit Card,25.6,485.9,No
4922-CVPDX,Female,23,No,88230,26,Yes,34.12,Yes,DSL,58,No,Yes,Yes,No,No,Two Year,Yes,Credit Card,73.5,1905.7,No
1357-BIJKI,Male,46,No,46371,50,Yes,38.29,Yes,Fiber Optic,16,No,Yes,No,No,Yes,One Year,Yes,Bank Withdrawal,98.25,4858.7,No
1099-BTKWT,Female,58,No,46227,68,No,0,Yes,DSL,11,Yes,No,Yes,No,Yes,One Year,Yes,Bank Withdrawal,54.4,3723.65,No
2018-PZKMU,Male,32,Yes,58157,9,Yes,44.37,Yes,Fiber Optic,57,No,No,Yes,Yes,Yes,Month-to-Month,No,Bank Withdrawal,103.1,970.45,No
7340-KEFQE,Female,23,Yes,70011,51,No,0,Yes,Cable,27,Yes,No,No,Yes,Yes,Two Year,No,Bank Withdrawal,34.2,1782,No
4570-QHXHL,Female,48,No,91188,9,Yes,40.73,Yes,DSL,29,No,No,No,No,Yes,Month-to-Month,Yes,Bank Withdrawal,43.75,405.7,No
7392-YYPYJ,Male,26,No,37879,22,Yes,28.42,Yes,Fiber Optic,73,No,Yes,No,No,Yes,Month-to-Month,Yes,Bank Withdrawal,100.65,2415.95,No
2223-GDSHL,Male,41,Yes,54548,71,Yes,26.38,Yes,Fiber Optic,18,Yes,Yes,Yes,Yes,No,Two Year,Yes,Bank Withdrawal,116.05,8297.5,No
9470-RTWDV,Male,51,Yes,17494,26,Yes,36.71,Yes,DSL,57,No,No,Yes,Yes,Yes,One Year,Yes,Credit Card,82,2083.1,No
2176-OSJUV,Male,29,No,60553,71,Yes,40.63,Yes,DSL,69,Yes,Yes,No,Yes,Yes,Two Year,No,Bank Withdrawal,65.15,4681.75,No
9348-YVOMK,Male,28,No,45086,4,Yes,43.77,Yes,DSL,41,No,No,No,No,Yes,Month-to-Month,Yes,Credit Card,44.8,176.2,No
8104-OSKWT,Female,61,No,81333,12,Yes,14.42,Yes,Fiber Optic,14,Yes,No,No,No,Yes,Month-to-Month,Yes,Bank Withdrawal,79.8,1001.2,No
4521-YEEHE,Female,23,No,68802,18,Yes,18.55,Yes,Fiber Optic,59,No,No,No,Yes,Yes,Month-to-Month,Yes,Bank Withdrawal,88.85,1594.75,No
4090-KPJIP,Female,42,No,34398,3,Yes,1.64,Yes,Fiber Optic,8,No,No,No,No,Yes,Month-to-Month,Yes,Bank Withdrawal,74.95,212.4,No
2592-HODOV,Male,44,No,1408,13,Yes,45.03,No,None,0,No,No,No,No,No,One Year,No,Credit Card,19.3,259.65,No
7995-ZHHNZ,Male,56,No,24502,42,Yes,20.65,Yes,DSL,25,Yes,No,No,No,Yes,One Year,No,Credit Card,56.1,2386.85,No
3824-RHKVR,Female,27,No,46105,17,Yes,22.26,No,None,0,No,No,No,No,No,Month-to-Month,No,Credit Card,19.7,340.35,No
5989-AXPUC,Female,27,No,50641,68,Yes,1.29,Yes,Fiber Optic,27,Yes,Yes,Yes,Yes,Yes,Two Year,No,Credit Card,118.6,7990.05,No
4979-HPRFL,Male,54,Yes,31428,56,Yes,37.67,No,None,0,No,No,No,No,No,Two Year,No,Bank Withdrawal,24.15,1402.25,No
8590-OHDIW,Female,52,Yes,43491,38,Yes,44.32,No,None,0,No,No,No,No,No,One Year,No,Credit Card,20.3,749.35,No
8015-IHCGW,Female,53,Yes,23481,72,Yes,36.82,Yes,Fiber Optic,10,Yes,Yes,Yes,Yes,Yes,Two Year,Yes,Bank Withdrawal,115.5,8425.15,No
2332-TODQS,Female,44,No,15878,48,Yes,34.96,No,None,0,No,No,No,No,No,One Year,No,Credit Card,25.05,1171.5,No
8008-OTEZX,Female,30,Yes,5935,35,Yes,18.29,No,None,0,No,No,No,No,No,One Year,No,Credit Card,19.65,708.8,No
2773-OVBPK,Male,60,No,18058,67,Yes,21.71,Yes,Fiber Optic,30,No,Yes,Yes,Yes,Yes,Two Year,Yes,Bank Withdrawal,111.3,7567.2,No
5999-LCXAO,Female,42,No,15396,1,No,0,Yes,DSL,24,Yes,No,No,No,Yes,Month-to-Month,No,Credit Card,29.9,29.9,No
5206-XZZQI,Male,56,No,40915,53,Yes,49.21,Yes,Fiber Optic,29,No,Yes,No,Yes,No,Month-to-Month,Yes,Credit Card,80.6,4348.1,No
4803-LBYPN,Male,44,Yes,23172,34,Yes,44.54,No,None,0,No,No,No,No,No,Month-to-Month,No,Credit Card,20.8,635.9,No
2139-FQHLM,Male,49,No,44875,19,Yes,9.55,Yes,Fiber Optic,6,No,No,Yes,Yes,Yes,Month-to-Month,No,Credit Card,89.95,1682.4,No
1093-YSWCA,Male,45,No,21911,11,Yes,17.12,No,None,0,No,No,No,No,No,Two Year,No,Credit Card,19.55,223.15,No
3882-IYOIJ,Female,41,Yes,39458,60,Yes,43.33,Yes,Fiber Optic,28,Yes,Yes,Yes,Yes,Yes,Two Year,No,Credit Card,115.25,6758.45,No
8749-TZYEC,Male,38,No,20893,72,Yes,13.72,No,None,0,No,No,No,No,No,Two Year,No,Credit Card,24.8,1874.3,No
1755-FZQEC,Male,26,No,32899,39,Yes,48.02,No,None,0,No,No,No,No,No,One Year,No,Credit Card,19.9,791.15,No
3115-JPJDD,Female,43,No,46894,59,Yes,29.6,Yes,Fiber Optic,12,Yes,No,Yes,No,Yes,One Year,Yes,Credit Card,81.25,4639.45,No
5600-KTXFM,Male,48,Yes,27381,2,Yes,29.1,Yes,Fiber Optic,19,No,No,No,No,Yes,Month-to-Month,No,Credit Card,69.95,143.9,No
6339-TBELP,Male,53,No,16013,71,Yes,6.75,Yes,Fiber Optic,15,No,No,Yes,Yes,Yes,Two Year,Yes,Credit Card,86.4,6172,No
7964-YESJC,Female,21,No,32984,24,Yes,9.3,Yes,DSL,27,Yes,Yes,Yes,No,Yes,Month-to-Month,No,Credit Card,66.3,1559.45,No
9938-ZREHM,Female,41,No,77791,37,Yes,42.45,Yes,DSL,23,No,Yes,No,Yes,Yes,One Year,No,Credit Card,72.1,2658.4,No
7950-XWOVN,Male,60,No,25322,11,No,0,Yes,DSL,22,No,Yes,Yes,No,No,Month-to-Month,No,Credit Card,34.7,383.55,No
4647-MUZON,Female,56,No,25634,18,Yes,29.6,Yes,Fiber Optic,7,No,No,Yes,No,Yes,Month-to-Month,Yes,Credit Card,95.95,1745.5,No
9702-AIUJO,Male,22,Yes,32511,50,Yes,36.61,Yes,DSL,41,No,No,No,No,Yes,One Year,Yes,Bank Withdrawal,44.8,2230.85,No
8849-PRIQJ,Female,53,Yes,49027,67,Yes,3.3,Yes,Fiber Optic,19,Yes,No,Yes,Yes,Yes,One Year,Yes,Bank Withdrawal,109.4,7281.6,No
8851-RAGOV,Female,25,No,64802,25,Yes,2.34,Yes,DSL,73,Yes,Yes,No,Yes,Yes,Month-to-Month,Yes,Credit Card,71.05,1837.7,No
5396-IZEPB,Male,37,No,576,9,Yes,24.89,No,None,0,No,No,No,No,No,Month-to-Month,No,Credit Card,19.7,180.7,No
1729-VLAZJ,Female,52,Yes,31727,10,No,0,Yes,DSL,57,Yes,Yes,No,Yes,No,One Year,No,Credit Card,40.25,411.45,No
8285-ABVLB,Female,34,No,20893,70,Yes,40.91,No,None,0,No,No,No,No,No,Two Year,No,Credit Card,19.85,1328.35,No
0701-TJSEF,Male,45,No,25771,9,Yes,32.31,Yes,Cable,24,Yes,No,Yes,Yes,Yes,Month-to-Month,Yes,Bank Withdrawal,68.25,576.95,No
5712-VBOXD,Female,53,No,12741,4,Yes,1.3,No,None,0,No,No,No,No,No,Month-to-Month,Yes,Credit Card,20.15,68.45,No
6629-LADHQ,Female,42,No,10986,2,Yes,36.96,Yes,DSL,24,Yes,No,No,No,Yes,Month-to-Month,No,Credit Card,50.95,123.05,No
1559-DTODC,Male,37,No,16477,19,No,0,Yes,DSL,6,No,No,No,No,Yes,Month-to-Month,Yes,Bank Withdrawal,25.15,468.35,No
4797-MIWUM,Male,22,Yes,49975,7,Yes,49.83,No,None,0,No,No,No,No,No,Month-to-Month,Yes,Bank Withdrawal,20.25,174.7,No
4537-CIBHB,Female,59,Yes,16206,9,Yes,12.55,No,None,0,No,No,No,No,No,One Year,No,Credit Card,20.25,172.35,No
4324-AHJKS,Female,42,No,2078,5,Yes,24.83,Yes,DSL,26,Yes,No,Yes,No,Yes,Month-to-Month,No,Credit Card,55.8,300.4,No
4355-CVPVS,Female,49,Yes,226,56,Yes,12.97,Yes,Fiber Optic,28,No,No,No,No,Yes,One Year,No,Bank Withdrawal,88.9,4968,No
4495-LHSSK,Female,25,Yes,191,18,Yes,17.51,Yes,DSL,30,Yes,No,No,No,Yes,Month-to-Month,No,Credit Card,57.65,992.7,No
5915-ANOEI,Male,40,No,23506,70,Yes,39.35,Yes,DSL,2,Yes,Yes,Yes,Yes,Yes,Two Year,No,Credit Card,79.15,5536.5,No
9861-PDSZP,Female,19,No,37280,72,Yes,10.05,Yes,Fiber Optic,82,No,Yes,Yes,Yes,Yes,Two Year,Yes,Credit Card,108.05,7806.6,No
6704-UTUKK,Male,43,No,13333,29,No,0,Yes,DSL,15,No,No,No,No,No,Month-to-Month,Yes,Bank Withdrawal,45.9,1332.4,No
2019-HDCZY,Male,35,No,8644,63,Yes,2.72,Yes,Fiber Optic,22,No,No,Yes,No,Yes,Two Year,No,Bank Withdrawal,102.6,6296.75,No
8788-DOXSU,Male,46,No,4498,59,Yes,9.7,Yes,DSL,6,No,No,Yes,No,Yes,One Year,Yes,Bank Withdrawal,61.35,3645.5,No
7404-JLKQG,Female,21,No,296,3,Yes,48.3,Yes,Cable,42,No,No,Yes,No,Yes,Month-to-Month,No,Bank Withdrawal,57.55,161.45,No
7421-ZLUPA,Female,57,No,53204,8,No,0,Yes,DSL,2,No,Yes,No,No,Yes,Month-to-Month,Yes,Credit Card,29.25,226.95,No
3274-NSDWE,Female,37,No,4517,68,Yes,32.99,No,None,0,No,No,No,No,No,Two Year,No,Credit Card,19.6,1441.65,No
2632-IVXVF,Female,40,Yes,1873,68,Yes,14.11,Yes,Fiber Optic,57,Yes,No,Yes,Yes,Yes,Two Year,No,Credit Card,111.75,7511.3,No
8915-NNTRC,Male,29,Yes,5564,72,Yes,41.94,Yes,Fiber Optic,85,Yes,Yes,No,Yes,Yes,Two Year,Yes,Credit Card,107.7,7919.8,No
5914-GXMDA,Female,42,No,15364,32,Yes,45.26,No,None,0,No,No,No,No,No,One Year,No,Credit Card,19.3,593.2,No
7463-IFMQU,Female,44,No,2900,72,Yes,47.24,No,None,0,No,No,No,No,No,Two Year,No,Bank Withdrawal,20.05,1423.65,No
2920-RNCEZ,Male,46,Yes,1247,1,Yes,11.45,Yes,Fiber Optic,14,No,No,No,No,Yes,Month-to-Month,Yes,Credit Card,69.95,69.95,No
2541-YGPKE,Male,29,Yes,293,42,Yes,44.95,Yes,DSL,69,Yes,No,No,Yes,Yes,One Year,No,Credit Card,63.7,2763.35,No
5382-TEMLV,Male,45,No,15508,45,Yes,19.39,Yes,DSL,16,Yes,No,No,No,Yes,Month-to-Month,Yes,Bank Withdrawal,50.9,2298.55,No
3441-CGZJH,Female,46,Yes,2502,43,No,0,Yes,DSL,10,Yes,No,Yes,Yes,No,One Year,Yes,Credit Card,60.4,2640.55,No
9592-ERDKV,Male,43,No,10781,37,Yes,9.26,Yes,DSL,28,Yes,No,Yes,No,Yes,One Year,No,Credit Card,79.25,2911.8,No
4778-IZARL,Male,46,No,798,63,Yes,3.18,Yes,Fiber Optic,15,Yes,Yes,Yes,Yes,Yes,Two Year,Yes,Credit Card,110.1,6705.7,No
0432-CAJZV,Male,47,No,46171,3,Yes,5.39,Yes,Fiber Optic,10,No,No,No,No,Yes,Month-to-Month,No,Credit Card,90.7,237.65,No
7008-LZVOZ,Male,59,Yes,4198,66,Yes,38.55,No,None,0,No,No,No,No,No,Two Year,Yes,Credit Card,25.3,1672.35,No
9365-CSLBQ,Male,36,Yes,2956,71,Yes,4.89,No,None,0,No,No,No,No,No,Two Year,No,Credit Card,24.35,1654.6,No
5884-FBCTL,Female,43,Yes,15177,72,Yes,35.62,No,None,0,No,No,No,No,No,Two Year,No,Bank Withdrawal,25.1,1857.85,No
6242-FEGFD,Male,43,No,1729,66,Yes,36.55,Yes,Fiber Optic,20,Yes,Yes,Yes,Yes,Yes,Two Year,No,Credit Card,96.6,6424.25,No
6194-HBGQN,Male,22,No,14937,51,Yes,34.75,Yes,Cable,59,Yes,Yes,Yes,Yes,Yes,One Year,Yes,Credit Card,81.15,4126.2,No
7634-WSWDB,Female,22,Yes,5868,8,No,0,Yes,DSL,51,Yes,No,No,No,Yes,Month-to-Month,Yes,Bank Withdrawal,38.5,330.8,No
6986-IXNDM,Male,47,No,2318,14,Yes,27.8,Yes,Fiber Optic,17,No,No,No,No,Yes,Month-to-Month,Yes,Bank Withdrawal,92.9,1337.45,No
2987-BJXIK,Female,44,No,56101,70,Yes,16.93,Yes,DSL,10,Yes,Yes,Yes,No,Yes,Two Year,No,Credit Card,84.7,5991.05,No
9769-TSBZE,Female,54,Yes,236,70,Yes,16.75,Yes,DSL,57,Yes,Yes,No,Yes,No,Two Year,No,Bank Withdrawal,66,4891.5,No
1395-WSWXR,Male,40,No,1935,24,Yes,47.51,No,None,0,No,No,No,No,No,Two Year,No,Credit Card,20.75,487.05,No
6023-GSSXW,Female,27,No,2515,69,Yes,2.73,Yes,DSL,69,No,Yes,No,No,Yes,Two Year,Yes,Credit Card,61.45,4131.2,No
6752-APNJL,Male,30,Yes,8870,42,Yes,18.93,Yes,DSL,73,Yes,Yes,No,No,Yes,Month-to-Month,No,Credit Card,54.5,2301.15,No
7446-KQISO,Male,62,Yes,30395,45,Yes,7.48,Yes,Fiber Optic,27,No,Yes,Yes,Yes,Yes,Two Year,Yes,Bank Withdrawal,109.75,4900.65,No
9823-EALYC,Male,55,Yes,12963,72,Yes,9.3,Yes,DSL,12,Yes,Yes,Yes,Yes,Yes,Two Year,Yes,Bank Withdrawal,80.85,5727.45,No
0582-AVCLN,Female,43,No,44588,38,Yes,43.19,No,None,0,No,No,No,No,No,Two Year,No,Credit Card,20.3,743.05,No
5803-NQJZO,Male,46,No,35643,72,Yes,15.52,Yes,Cable,6,Yes,Yes,Yes,Yes,Yes,Two Year,Yes,Bank Withdrawal,67.8,4804.65,No
2607-DHDAK,Male,54,Yes,59195,72,Yes,38.84,No,None,0,No,No,No,No,No,Two Year,Yes,Credit Card,19.8,1414.65,No
1073-XXCZD,Male,54,No,44915,55,Yes,12.21,No,None,0,No,No,No,No,No,Two Year,No,Bank Withdrawal,25.7,1443.65,No
0743-HRVFF,Female,42,Yes,58632,51,No,0,Yes,DSL,76,No,No,Yes,Yes,Yes,One Year,Yes,Bank Withdrawal,56.15,2898.95,No
4006-HKYHO,Male,24,No,20440,63,Yes,29.58,Yes,DSL,47,Yes,Yes,Yes,Yes,Yes,Two Year,Yes,Bank Withdrawal,86.7,5309.5,No
3727-JEZTU,Female,29,No,40836,1,Yes,45.91,No,None,0,No,No,No,No,No,Month-to-Month,No,Credit Card,20.4,20.4,No
8143-ETQTI,Female,24,Yes,25126,23,Yes,1.88,No,None,0,No,No,No,No,No,Two Year,Yes,Credit Card,19.65,451.55,No
9667-TKTVZ,Female,38,No,14859,2,Yes,25.81,Yes,Cable,7,No,No,No,Yes,Yes,Month-to-Month,Yes,Credit Card,54.35,117.05,No
8570-KLJYJ,Female,40,No,24499,36,Yes,25.95,Yes,DSL,21,Yes,No,No,No,Yes,One Year,No,Credit Card,54.45,1893.5,No
7754-IXRMC,Female,39,No,29539,1,Yes,12.46,Yes,DSL,14,No,No,No,No,Yes,Month-to-Month,No,Credit Card,45.35,45.35,No
9473-CBZOP,Female,35,No,812,28,Yes,33.05,Yes,Cable,7,Yes,No,Yes,No,Yes,One Year,No,Credit Card,59,1654.45,No
2969-WGHQO,Female,39,Yes,1363,7,Yes,18.91,Yes,DSL,29,Yes,Yes,Yes,No,Yes,One Year,No,Bank Withdrawal,69.45,477.05,No
5863-OOKCL,Female,60,No,3220,10,Yes,41.04,No,None,0,No,No,No,No,No,Month-to-Month,No,Credit Card,18.85,163.2,No
1686-STUHN,Male,55,No,1203,42,Yes,38.74,No,None,0,No,No,No,No,No,One Year,No,Bank Withdrawal,19.8,849.9,No
1329-VHWNP,Female,42,No,13106,7,No,0,Yes,DSL,4,No,No,No,No,Yes,Month-to-Month,No,Bank Withdrawal,25.05,189.95,No
0266-GMEAO,Male,43,Yes,51737,72,Yes,15.94,Yes,Fiber Optic,13,Yes,Yes,Yes,Yes,Yes,Two Year,Yes,Credit Card,114.3,8058.55,No
5574-NXZIU,Male,36,No,1328,63,Yes,13.14,Yes,Fiber Optic,17,Yes,Yes,Yes,Yes,Yes,Two Year,No,Credit Card,109.2,7049.75,No
0019-GFNTW,Female,39,No,1317,56,No,0,Yes,DSL,19,Yes,Yes,Yes,Yes,Yes,Two Year,No,Bank Withdrawal,45.05,2560.1,No
4256-ZWTZI,Female,22,Yes,10909,5,Yes,40.03,Yes,DSL,52,No,No,No,Yes,No,Month-to-Month,Yes,Credit Card,51,286.8,No
8309-PPCED,Female,33,No,15405,72,Yes,46.23,Yes,Fiber Optic,18,No,Yes,Yes,Yes,Yes,Two Year,Yes,Bank Withdrawal,110.45,7982.5,No
5196-WPYOW,Male,43,Yes,35586,67,Yes,6.53,Yes,Cable,19,Yes,Yes,No,Yes,Yes,One Year,No,Credit Card,60.05,3994.05,No
4608-LCIMN,Male,45,Yes,8564,8,Yes,30.77,Yes,DSL,75,No,No,No,No,Yes,Month-to-Month,No,Bank Withdrawal,44.65,369.15,No
1485-YDHMM,Male,49,Yes,670,52,Yes,11.3,Yes,Fiber Optic,10,No,Yes,No,Yes,Yes,Month-to-Month,Yes,Bank Withdrawal,93.25,4631.7,No
4054-CUMIA,Female,29,Yes,2666,18,Yes,35.44,No,None,0,No,No,No,No,No,Month-to-Month,Yes,Credit Card,20.25,401.95,No
0603-TPMIB,Female,40,Yes,471,59,Yes,42.37,No,None,0,No,No,No,No,No,Two Year,No,Credit Card,25.45,1534.05,No
2525-GVKQU,Female,60,No,2687,60,Yes,47.07,No,None,0,No,No,No,No,No,Two Year,No,Credit Card,20.6,1093,No
8161-QYMTT,Male,55,No,30540,7,Yes,7.37,Yes,Fiber Optic,6,No,No,No,No,Yes,Month-to-Month,Yes,Bank Withdrawal,94.1,701.3,No
9581-GVBXT,Male,59,Yes,37364,59,No,0,Yes,DSL,19,Yes,No,Yes,No,Yes,One Year,No,Credit Card,34.8,1980.3,No
5862-BRIXZ,Male,33,No,43684,46,No,0,Yes,DSL,13,Yes,No,Yes,Yes,Yes,Two Year,Yes,Bank Withdrawal,60.75,2893.4,No
5404-GGUKR,Male,39,No,5710,5,Yes,17.16,Yes,DSL,7,No,Yes,No,No,Yes,Month-to-Month,Yes,Bank Withdrawal,51.35,262.3,No
2126-GSEGL,Female,53,No,7958,70,Yes,9.28,Yes,DSL,24,No,Yes,Yes,Yes,No,Two Year,Yes,Bank Withdrawal,84.8,5917.55,No
0440-QEXBZ,Female,64,No,4882,44,Yes,18.42,Yes,DSL,22,No,No,No,No,Yes,Month-to-Month,Yes,Credit Card,50.15,2139.1,No
2434-EEVDB,Female,45,No,8316,64,Yes,1.27,Yes,Fiber Optic,13,Yes,No,Yes,No,Yes,Two Year,Yes,Credit Card,94.6,5948.7,No
6762-QVYJO,Female,25,Yes,7831,58,No,0,Yes,DSL,59,Yes,No,Yes,Yes,Yes,Two Year,No,Credit Card,59.75,3624.35,No
8152-VETUR,Female,26,No,13309,72,Yes,28.59,Yes,Fiber Optic,58,No,Yes,No,No,Yes,Two Year,Yes,Credit Card,97.7,6869.7,No
4676-WLUHT,Male,51,No,64,54,No,0,Yes,DSL,7,Yes,Yes,No,No,Yes,Two Year,No,Bank Withdrawal,46.2,2431.95,No
7980-MHFLQ,Female,42,Yes,734,72,Yes,18.21,No,None,0,No,No,No,No,No,Two Year,No,Credit Card,24.9,1859.2,No
0757-WCUUZ,Male,29,Yes,618,54,Yes,36.09,Yes,DSL,59,No,No,Yes,No,Yes,Two Year,No,Credit Card,63.35,3409.1,No
1629-DQQVB,Female,19,No,71,14,Yes,36.22,Yes,Cable,59,Yes,No,No,No,Yes,Month-to-Month,No,Bank Withdrawal,50.1,709.5,No
0374-AACSZ,Female,63,No,35109,1,Yes,38.33,Yes,DSL,24,Yes,No,No,No,No,Month-to-Month,No,Bank Withdrawal,50.15,50.15,No
4872-VXRIL,Male,22,No,49309,56,Yes,48.32,Yes,DSL,59,Yes,Yes,No,Yes,Yes,One Year,Yes,Bank Withdrawal,64.65,3665.55,No
9140-CZQZZ,Female,38,No,504,68,Yes,47.95,Yes,DSL,14,Yes,Yes,No,Yes,Yes,Two Year,Yes,Bank Withdrawal,79.6,5515.8,No
3423-HHXAO,Female,58,Yes,11198,14,Yes,41.05,No,None,0,No,No,No,No,No,One Year,Yes,Credit Card,19.5,272,No
9938-TKDGL,Male,38,Yes,1220,68,Yes,38.75,Yes,Fiber Optic,28,Yes,No,No,Yes,Yes,Two Year,Yes,Bank Withdrawal,99.55,6668,No
6537-QLGEX,Female,34,No,8217,16,No,0,Yes,DSL,30,Yes,No,No,No,Yes,Month-to-Month,Yes,Bank Withdrawal,38.9,664.4,No
3160-TYXLT,Male,37,No,25370,53,No,0,Yes,DSL,24,Yes,Yes,No,No,Yes,Month-to-Month,Yes,Bank Withdrawal,46.3,2546.85,No
1325-USMEC,Male,58,No,1613,70,Yes,48,Yes,Fiber Optic,13,Yes,Yes,Yes,No,Yes,Two Year,Yes,Credit Card,99.35,6944.5,No
5606-AMZBO,Female,23,No,14931,10,Yes,38.03,Yes,Fiber Optic,42,Yes,No,No,No,Yes,Month-to-Month,Yes,Credit Card,78.15,765.15,No
6199-IPCAO,Female,62,Yes,25805,29,Yes,5.35,No,None,0,No,No,No,No,No,Two Year,No,Credit Card,26.1,692.55,No
5640-CAXOA,Female,23,No,3464,30,No,0,Yes,Cable,42,No,No,No,Yes,Yes,One Year,Yes,Credit Card,40.35,1187.05,No
2235-EZAIK,Female,21,No,273,72,Yes,22.41,Yes,DSL,59,Yes,Yes,Yes,Yes,No,Two Year,No,Credit Card,79.2,5401.9,No
3847-BAERP,Female,27,No,613,10,Yes,12.39,No,None,0,No,No,No,No,No,Month-to-Month,Yes,Credit Card,20.9,247,No
1453-RZFON,Female,39,Yes,1766,1,Yes,9,Yes,Cable,53,Yes,No,No,No,Yes,Month-to-Month,No,Credit Card,49.9,49.9,No
8263-OKETD,Female,44,No,5446,20,Yes,22.75,Yes,Cable,11,No,Yes,No,Yes,Yes,Month-to-Month,Yes,Credit Card,68.9,1370.35,No
0670-KDOMA,Female,42,No,19391,1,Yes,28.18,No,None,0,No,No,No,No,No,Month-to-Month,Yes,Credit Card,20.25,20.25,No
2476-YGEFM,Female,24,No,46858,29,Yes,7.01,Yes,Fiber Optic,42,No,No,No,No,Yes,Month-to-Month,Yes,Credit Card,76,2215.25,No
8687-BAFGU,Male,34,No,33856,1,Yes,23.7,Yes,Fiber Optic,25,No,No,No,Yes,Yes,Month-to-Month,No,Bank Withdrawal,74,74,No
0641-EVBOJ,Male,61,No,9395,3,Yes,44.97,Yes,Fiber Optic,16,Yes,No,No,Yes,No,Month-to-Month,Yes,Credit Card,82.3,214.4,No
0829-XXPLX,Female,48,No,5519,20,Yes,30.52,Yes,Fiber Optic,21,Yes,No,Yes,No,Yes,Month-to-Month,Yes,Bank Withdrawal,89.4,1871.15,No
9974-JFBHQ,Male,31,Yes,1965,64,Yes,22.41,Yes,Fiber Optic,24,No,Yes,No,Yes,Yes,Month-to-Month,Yes,Credit Card,99.15,6171.2,No
6624-JDRDS,Female,22,No,9388,6,No,0,Yes,Cable,52,Yes,No,No,No,Yes,Month-to-Month,No,Bank Withdrawal,29.45,161.45,No
0608-JDVEC,Male,55,No,506,50,Yes,1.87,No,None,0,No,No,No,No,No,Two Year,No,Bank Withdrawal,19.8,1013.2,No
9780-FKVVF,Male,60,No,9491,6,Yes,20.11,Yes,DSL,5,Yes,No,No,No,Yes,Month-to-Month,Yes,Bank Withdrawal,59.15,336.7,No
1919-RTPQD,Male,42,Yes,77,7,Yes,28.7,Yes,DSL,17,No,No,No,No,Yes,Month-to-Month,No,Bank Withdrawal,44.75,333.65,No
5214-NLTIT,Male,22,Yes,1852,72,Yes,23.7,Yes,Fiber Optic,59,No,No,Yes,No,No,Two Year,Yes,Credit Card,90.8,6511.8,No
3345-PBBFH,Male,24,No,5635,8,Yes,2.38,Yes,DSL,53,No,Yes,No,No,Yes,Month-to-Month,Yes,Bank Withdrawal,49.55,393.45,No
5055-BRMNE,Female,35,Yes,1125,67,Yes,40.35,Yes,Fiber Optic,16,Yes,No,No,Yes,Yes,Two Year,No,Credit Card,106.7,7009.5,No
2190-PHBHR,Female,22,No,93,72,Yes,22.74,Yes,Fiber Optic,48,Yes,Yes,No,No,Yes,Two Year,Yes,Credit Card,94.45,6921.7,No
2650-GYRYL,Male,25,Yes,14062,33,Yes,5.86,No,None,0,No,No,No,No,No,One Year,Yes,Bank Withdrawal,19.45,600.25,No
5208-FVQKB,Male,41,No,52,70,Yes,24.93,Yes,DSL,15,Yes,Yes,No,Yes,Yes,Two Year,No,Credit Card,67.95,4664.15,No
7184-LRUUR,Female,22,No,29124,22,Yes,1.74,Yes,DSL,85,No,Yes,Yes,No,Yes,One Year,No,Bank Withdrawal,65.25,1441.8,No
6627-CFOSN,Female,54,No,28434,59,Yes,39.42,Yes,Fiber Optic,12,Yes,Yes,Yes,No,No,Month-to-Month,Yes,Bank Withdrawal,99.45,5623.7,No
3982-JGSFD,Male,37,No,49247,36,Yes,12.72,No,None,0,No,No,No,No,No,One Year,Yes,Credit Card,20.35,695.85,No
1574-DYCWE,Female,60,Yes,48690,51,Yes,14.54,No,None,0,No,No,No,No,No,Two Year,No,Credit Card,19.95,1028.75,No
7247-XOZPB,Male,52,No,571,53,Yes,47.55,Yes,DSL,13,Yes,No,Yes,Yes,Yes,One Year,No,Bank Withdrawal,77.4,4155.95,No
2466-FCCPT,Female,50,Yes,3376,20,Yes,7.31,No,None,0,No,No,No,No,No,One Year,No,Bank Withdrawal,19.7,395.6,No
6211-WWLTF,Male,46,No,8521,63,Yes,26.81,Yes,Fiber Optic,6,Yes,No,Yes,No,Yes,Two Year,No,Credit Card,99.7,6330.4,No
4826-TZEVA,Female,50,No,173,40,Yes,18.57,Yes,Fiber Optic,15,No,Yes,No,No,Yes,Month-to-Month,No,Credit Card,74.8,2971.7,No
6016-NXBNJ,Male,53,No,8449,35,Yes,7.74,No,None,0,No,No,No,No,No,One Year,Yes,Credit Card,19.15,638,No
9138-EFSMO,Male,54,Yes,9780,26,Yes,24.17,Yes,Fiber Optic,75,No,No,No,No,Yes,One Year,No,Bank Withdrawal,78.95,2034.25,No
4632-XJMEX,Male,20,Yes,3258,53,Yes,47.81,Yes,Cable,59,Yes,Yes,No,Yes,Yes,One Year,No,Credit Card,62.85,3419.5,No
2716-GFZOR,Male,48,No,972,43,Yes,7.63,Yes,Fiber Optic,20,Yes,Yes,Yes,No,Yes,Month-to-Month,Yes,Credit Card,86.1,3551.65,No
3724-UCSHY,Male,48,Yes,25923,6,Yes,36.54,No,None,0,No,No,No,No,No,Month-to-Month,No,Credit Card,19.55,122.9,No
8626-XHBIE,Male,48,Yes,5729,56,Yes,22.47,No,None,0,No,No,No,No,No,Two Year,Yes,Credit Card,24.8,1424.2,No
3192-LNKRK,Male,63,Yes,4318,34,Yes,5.65,Yes,Fiber Optic,26,No,No,Yes,No,Yes,Month-to-Month,Yes,Credit Card,84.05,2909.95,No
4439-YRNVD,Female,33,No,26213,10,No,0,Yes,DSL,23,No,Yes,No,Yes,Yes,Month-to-Month,No,Bank Withdrawal,36.25,374,No
2208-UGTGR,Male,62,No,306,56,Yes,10.99,Yes,Fiber Optic,28,No,Yes,No,No,Yes,Month-to-Month,No,Bank Withdrawal,98.6,5581.05,No
3005-TYFRD,Female,54,No,2633,55,Yes,33.66,Yes,Fiber Optic,25,No,Yes,Yes,No,Yes,Month-to-Month,Yes,Credit Card,103.65,5676.65,No
8670-MEFCP,Female,23,Yes,1130,36,Yes,40.54,Yes,Cable,59,Yes,Yes,Yes,Yes,Yes,Two Year,Yes,Credit Card,92.9,3379.25,No
3079-BCHLN,Male,26,No,327,47,Yes,43.2,No,None,0,No,No,No,No,No,One Year,No,Bank Withdrawal,19.9,942.95,No
7777-UNYHB,Female,43,Yes,646,12,Yes,24.65,No,None,0,No,No,No,No,No,Month-to-Month,Yes,Credit Card,20.1,232.4,No
2969-VAPYH,Female,28,No,26580,67,Yes,35.99,Yes,DSL,73,Yes,Yes,No,Yes,Yes,One Year,No,Credit Card,60.5,3870,No
7181-OQCUT,Male,60,No,35790,21,Yes,15.89,Yes,Fiber Optic,3,Yes,No,Yes,No,Yes,Month-to-Month,No,Credit Card,103.85,2215,No
8474-UMLNT,Female,36,No,29337,13,Yes,28.45,Yes,DSL,30,Yes,Yes,No,Yes,Yes,Month-to-Month,No,Bank Withdrawal,67.8,842.25,No
9142-XMYJH,Female,46,No,6848,29,Yes,2.76,No,None,0,No,No,No,No,No,Month-to-Month,No,Credit Card,19.35,601.6,No
2649-HWLYB,Male,45,No,54701,65,Yes,21.58,Yes,DSL,13,Yes,No,Yes,Yes,Yes,Two Year,No,Bank Withdrawal,76.15,4929.55,No
5214-CHIWJ,Male,44,No,16346,27,Yes,21.66,No,None,0,No,No,No,No,No,One Year,No,Credit Card,20.3,595.05,No
2465-BLLEU,Male,31,No,53946,1,Yes,10.22,No,None,0,No,No,No,No,No,Month-to-Month,Yes,Credit Card,19.75,19.75,No
1685-VAYJF,Male,44,No,22292,11,Yes,40.59,Yes,DSL,22,No,No,No,No,No,Month-to-Month,No,Credit Card,45.2,492,No
8874-EJNSR,Male,64,Yes,13027,39,Yes,20.49,No,None,0,No,No,No,No,No,Two Year,No,Credit Card,25.2,987.95,No
5049-MUBWG,Male,24,No,2966,26,Yes,49.61,Yes,DSL,76,Yes,No,No,Yes,Yes,One Year,No,Bank Withdrawal,75,1908.35,No
0769-MURVM,Female,44,Yes,6691,72,No,0,Yes,Cable,23,Yes,Yes,Yes,Yes,Yes,Two Year,No,Bank Withdrawal,65.7,4575.35,No
9253-VIFJQ,Male,50,No,1140,65,Yes,39.49,Yes,DSL,18,Yes,Yes,Yes,No,Yes,One Year,No,Credit Card,67.05,4309.55,No
7030-FZTFM,Male,31,Yes,9023,72,Yes,45.32,Yes,Fiber Optic,11,No,Yes,Yes,Yes,No,Two Year,No,Credit Card,110.9,7922.75,No
9741-YLNTD,Male,37,No,14204,6,Yes,43.37,Yes,Fiber Optic,12,No,No,No,Yes,Yes,Month-to-Month,Yes,Bank Withdrawal,87.95,522.35,No
5120-ZBLAI,Female,40,No,14477,50,Yes,9.47,Yes,DSL,28,No,No,Yes,No,Yes,One Year,No,Bank Withdrawal,75.7,3876.2,No
1194-BHJYC,Male,22,No,538,61,No,0,Yes,DSL,59,Yes,No,Yes,Yes,Yes,Two Year,Yes,Credit Card,62.15,3778.85,No
0906-QVPMS,Male,29,No,32857,72,Yes,35.71,Yes,Fiber Optic,58,Yes,Yes,Yes,Yes,Yes,Two Year,No,Bank Withdrawal,115.15,8349.45,No
1905-OEILC,Female,42,No,4602,1,Yes,20.11,No,None,0,No,No,No,No,No,Month-to-Month,No,Credit Card,19.5,19.5,No
7858-GTZSP,Female,33,No,521,12,Yes,18.75,Yes,Fiber Optic,25,No,No,No,No,No,Month-to-Month,Yes,Bank Withdrawal,86.55,1066.9,No
6248-BSHKG,Male,42,Yes,13003,61,Yes,31.49,No,None,0,No,No,No,No,No,One Year,No,Credit Card,20.4,1226.45,No
4685-TFLLS,Male,39,Yes,407,18,Yes,45.18,No,None,0,No,No,No,No,No,One Year,No,Bank Withdrawal,19.8,342.3,No
3470-BTGQO,Male,60,Yes,25566,21,Yes,19.57,Yes,DSL,29,No,No,No,No,Yes,Month-to-Month,No,Credit Card,45.65,985.05,No
1209-VFFOC,Male,47,Yes,3635,68,No,0,Yes,DSL,19,Yes,Yes,Yes,Yes,Yes,Two Year,Yes,Credit Card,56.4,3948.45,No
4553-DVPZG,Female,30,No,63337,62,Yes,15.06,Yes,Fiber Optic,82,No,No,Yes,No,Yes,Month-to-Month,Yes,Bank Withdrawal,101.35,6164.7,No
6917-IAYHD,Male,44,Yes,1622,1,No,0,Yes,Cable,19,No,Yes,No,Yes,No,Month-to-Month,No,Credit Card,33.6,33.6,No
8620-RJPZN,Female,27,No,18486,1,Yes,45.86,No,None,0,No,No,No,No,No,Month-to-Month,No,Bank Withdrawal,20.7,20.7,No
7572-KPVKK,Male,44,Yes,21496,62,Yes,17.67,Yes,Fiber Optic,19,No,No,Yes,Yes,Yes,Two Year,Yes,Bank Withdrawal,104.05,6590.5,No
2642-MAWLJ,Female,26,Yes,39062,36,Yes,42.51,No,None,0,No,No,No,No,No,Two Year,No,Bank Withdrawal,20.25,717.95,No
7103-ZGVNT,Female,59,Yes,6601,69,Yes,7.84,Yes,Cable,21,Yes,Yes,No,Yes,Yes,One Year,No,Credit Card,73.7,4885.85,No
2027-WKXMW,Female,49,No,2346,63,Yes,20.37,Yes,Fiber Optic,26,No,Yes,Yes,Yes,Yes,Month-to-Month,Yes,Bank Withdrawal,108.75,6871.7,No
7137-NAXML,Male,63,No,3064,23,Yes,26.37,No,None,0,No,No,No,No,No,One Year,No,Bank Withdrawal,20.15,405.6,No
2428-ZMCTB,Male,24,No,32143,10,Yes,20.29,No,None,0,No,No,No,No,No,Month-to-Month,No,Credit Card,19.75,208.25,No
2961-VNFKL,Female,42,No,13483,71,Yes,24.71,No,None,0,No,No,No,No,No,Two Year,Yes,Credit Card,25.95,1801.9,No
6963-KQYQB,Female,24,Yes,38885,70,Yes,4.27,No,None,0,No,No,No,No,No,Two Year,No,Credit Card,24.05,1764.75,No
5934-RMPOV,Female,32,Yes,2055,22,Yes,33.73,Yes,Fiber Optic,19,No,No,No,No,Yes,Month-to-Month,Yes,Bank Withdrawal,84.75,1816.75,No
1207-BLKSA,Female,42,Yes,35737,52,Yes,19.21,No,None,0,No,No,No,No,No,Two Year,No,Credit Card,23.05,1255.1,No
8316-BBQAY,Female,45,No,32368,65,No,0,Yes,Cable,22,Yes,No,Yes,Yes,Yes,Two Year,No,Credit Card,59.95,3921.1,No
1166-PQLGG,Female,58,Yes,10658,72,Yes,17.33,No,None,0,No,No,No,No,No,Two Year,No,Bank Withdrawal,19.55,1463.45,No
3146-JTQHR,Male,23,No,39566,10,Yes,39.35,No,None,0,No,No,No,No,No,One Year,No,Bank Withdrawal,19.6,189.45,No
4291-YZODP,Female,56,Yes,28098,7,Yes,49.66,No,None,0,No,No,No,No,No,One Year,No,Credit Card,20.05,96.8,No
6427-FEFIG,Female,63,Yes,60599,24,Yes,21.43,Yes,DSL,56,Yes,No,Yes,No,Yes,Two Year,No,Credit Card,78.6,1846.65,No
0017-IUDMW,Female,25,Yes,64010,72,Yes,16.01,Yes,Fiber Optic,59,Yes,Yes,Yes,Yes,Yes,Two Year,Yes,Credit Card,116.8,8456.75,No
8706-HRADD,Male,29,No,50070,21,No,0,Yes,DSL,26,Yes,No,No,Yes,Yes,Month-to-Month,Yes,Credit Card,43.55,1011.5,No
9955-QOPOY,Male,23,No,16985,69,No,0,Yes,DSL,42,No,Yes,Yes,Yes,Yes,One Year,Yes,Credit Card,60.8,4263.4,No
4385-ZKVNW,Male,58,Yes,28998,44,Yes,46.54,Yes,DSL,52,No,Yes,No,Yes,No,Month-to-Month,Yes,Bank Withdrawal,54.9,2549.1,No
9031-ZVQPT,Male,21,No,56330,72,Yes,14.19,Yes,Fiber Optic,71,No,Yes,Yes,Yes,Yes,Two Year,Yes,Bank Withdrawal,108.2,7840.6,No
2990-IAJSV,Male,55,No,74641,72,Yes,45.41,Yes,Cable,20,Yes,Yes,Yes,Yes,Yes,Two Year,No,Bank Withdrawal,92,6632.75,No
9027-YFHQJ,Male,26,No,73117,7,Yes,45.13,No,None,0,No,No,No,No,No,Month-to-Month,Yes,Bank Withdrawal,25.05,152.95,No
5176-LDKUH,Female,64,No,30587,48,Yes,41.26,Yes,Fiber Optic,23,No,Yes,No,No,Yes,One Year,No,Bank Withdrawal,75.15,3772.65,No
4644-OBGFZ,Male,43,Yes,33122,55,Yes,36.23,No,None,0,No,No,No,No,No,One Year,No,Credit Card,19.5,1026.35,No
7926-IJOOU,Male,50,No,42959,1,Yes,16.36,No,None,0,No,No,No,No,No,Month-to-Month,No,Credit Card,19.3,19.3,No
6480-YAGIY,Male,57,No,38756,45,Yes,28.72,Yes,Fiber Optic,3,Yes,Yes,Yes,Yes,Yes,One Year,No,Credit Card,112.2,5031.85,No
4029-HPFVY,Male,35,No,38955,3,Yes,9.74,Yes,Fiber Optic,27,No,No,No,No,Yes,Month-to-Month,Yes,Credit Card,70.3,220.4,No
7602-DBTOU,Female,46,No,42476,71,Yes,37.83,No,None,0,No,No,No,No,No,Two Year,No,Credit Card,19.6,1416.5,No
5345-BMKWB,Male,29,No,55504,8,Yes,4.98,No,None,0,No,No,No,No,No,Month-to-Month,No,Credit Card,20.25,158.35,No
5457-COLHT,Male,48,Yes,33177,69,Yes,40.36,Yes,Cable,53,Yes,Yes,No,Yes,Yes,Two Year,No,Bank Withdrawal,80.65,5542.55,No
7998-WNZEM,Male,51,No,27906,71,Yes,12.27,Yes,DSL,21,Yes,Yes,Yes,Yes,Yes,Two Year,No,Bank Withdrawal,80.6,5708.2,No
4664-NJCMS,Female,52,No,26831,33,No,0,Yes,DSL,7,Yes,No,Yes,Yes,Yes,Two Year,No,Bank Withdrawal,59.55,2016.3,No
0307-BCOPK,Female,62,No,40137,16,Yes,41.51,No,None,0,No,No,No,No,No,One Year,No,Credit Card,19.05,326.65,No
2542-HYGIQ,Female,58,No,45499,1,Yes,38.84,No,None,0,No,No,No,No,No,Month-to-Month,No,Credit Card,19.95,19.95,No
5016-LIPDW,Male,45,Yes,13386,57,Yes,41.56,No,None,0,No,No,No,No,No,One Year,No,Credit Card,19.4,1061.6,No
6481-LXPWL,Male,61,Yes,24492,56,No,0,Yes,DSL,28,No,Yes,Yes,No,No,One Year,Yes,Credit Card,36.1,1971.5,No
6124-ACRHJ,Female,59,No,37926,1,Yes,41.28,No,None,0,No,No,No,No,No,Month-to-Month,No,Credit Card,19.75,19.75,No
9362-MWODR,Female,63,Yes,31882,40,Yes,20.13,Yes,DSL,10,Yes,No,No,Yes,Yes,Month-to-Month,Yes,Credit Card,64.1,2460.35,No
9975-GPKZU,Male,62,Yes,58555,46,Yes,7.67,No,None,0,No,No,No,No,No,Two Year,No,Credit Card,19.75,856.5,No
9625-RZFUK,Male,47,Yes,13996,63,Yes,3.65,No,None,0,No,No,No,No,No,Two Year,No,Credit Card,19.7,1275.85,No
5153-LXKDT,Male,51,Yes,19777,68,Yes,18.47,Yes,Fiber Optic,75,Yes,Yes,Yes,No,Yes,Two Year,Yes,Bank Withdrawal,110.2,7467.5,No
5161-UBZXI,Male,38,Yes,15187,69,Yes,42.9,Yes,Fiber Optic,24,Yes,Yes,No,Yes,Yes,Two Year,Yes,Credit Card,106.35,7261.75,No
1020-JPQOW,Female,63,No,3641,56,Yes,2.8,Yes,Fiber Optic,20,No,Yes,Yes,Yes,No,Month-to-Month,No,Bank Withdrawal,90.55,5116.6,No
7919-ZODZZ,Female,32,Yes,90891,10,Yes,42,Yes,DSL,14,No,Yes,Yes,No,Yes,One Year,Yes,Credit Card,65.9,660.05,No
0565-JUPYD,Male,26,No,25578,63,Yes,21.45,Yes,Fiber Optic,85,Yes,Yes,Yes,Yes,Yes,One Year,No,Credit Card,104.5,6590.8,No
6867-ACCZI,Female,34,Yes,2379,24,No,0,Yes,DSL,75,Yes,Yes,Yes,Yes,Yes,Two Year,Yes,Credit Card,52.5,1208.15,No
5939-XAIXZ,Female,54,No,138,19,Yes,36.88,Yes,DSL,27,No,No,Yes,No,Yes,Month-to-Month,Yes,Credit Card,56.1,1033.9,No
9054-FOWNV,Male,53,Yes,26577,22,Yes,11.39,Yes,Fiber Optic,56,No,No,Yes,No,Yes,Month-to-Month,Yes,Bank Withdrawal,88.75,1885.15,No
8207-VVMYB,Female,44,No,14239,70,Yes,14.15,No,None,0,No,No,No,No,No,Two Year,Yes,Bank Withdrawal,26,2006.95,No
9732-EQMWY,Female,20,No,27394,49,Yes,12.39,Yes,Fiber Optic,46,No,Yes,Yes,No,No,Month-to-Month,No,Bank Withdrawal,99.4,5025,No
5269-NRGDP,Male,54,Yes,39888,42,Yes,14.8,Yes,DSL,23,No,No,Yes,Yes,Yes,One Year,No,Bank Withdrawal,73.15,3088.25,No
6195-MELTI,Male,57,No,32685,57,Yes,9.32,Yes,DSL,20,No,Yes,No,Yes,Yes,One Year,Yes,Credit Card,54.65,3134.7,No
2121-JAFOM,Female,23,No,32873,72,Yes,1.67,Yes,Fiber Optic,59,Yes,Yes,Yes,Yes,Yes,Two Year,Yes,Credit Card,115.55,8312.4,No
1227-UDMZR,Female,53,No,66543,72,Yes,2.95,Yes,Cable,26,Yes,Yes,Yes,Yes,Yes,Two Year,Yes,Bank Withdrawal,91.15,6637.9,No
5198-HQAEN,Male,50,Yes,56126,35,Yes,1.53,Yes,Fiber Optic,57,No,Yes,No,Yes,Yes,One Year,Yes,Bank Withdrawal,89.7,3165.6,No
2167-FQSTQ,Female,20,No,60274,72,Yes,37.45,Yes,DSL,48,Yes,Yes,Yes,Yes,No,Two Year,Yes,Bank Withdrawal,92.4,6786.1,No
2819-GWENI,Female,64,Yes,11147,28,Yes,21.91,No,None,0,No,No,No,No,No,One Year,No,Credit Card,19.9,543,No
3572-UUHRS,Male,47,No,41698,45,Yes,40.59,No,None,0,No,No,No,No,No,One Year,No,Bank Withdrawal,18.85,867.3,No
2692-PFYTJ,Female,23,No,22479,1,Yes,15.22,No,None,0,No,No,No,No,No,Month-to-Month,Yes,Credit Card,25.75,25.75,No
5955-EPOAZ,Female,40,No,75929,6,Yes,43.19,No,None,0,No,No,No,No,No,Month-to-Month,Yes,Credit Card,20.95,109.5,No
6821-JPCDC,Female,29,No,13212,48,Yes,47.64,Yes,Fiber Optic,59,No,Yes,Yes,No,Yes,One Year,Yes,Bank Withdrawal,97.05,4692.95,No
8815-LMFLX,Male,61,Yes,46677,25,Yes,19.56,No,None,0,No,No,No,No,No,Month-to-Month,Yes,Bank Withdrawal,25.4,546.85,No
9135-HSWOC,Male,28,Yes,33883,64,Yes,14.93,No,None,0,No,No,No,No,No,Two Year,Yes,Bank Withdrawal,19.7,1274.05,No
8582-KRHPJ,Male,51,No,16510,50,No,0,Yes,DSL,20,Yes,Yes,No,No,Yes,Month-to-Month,Yes,Credit Card,35,1782.4,No
5811-IWXYM,Female,20,Yes,63947,52,Yes,44.79,Yes,Fiber Optic,52,No,No,Yes,No,Yes,One Year,No,Bank Withdrawal,101.25,5301.1,No
1506-YJTYT,Male,21,Yes,27607,45,Yes,25.69,Yes,DSL,26,Yes,Yes,No,Yes,Yes,Two Year,No,Credit Card,73.85,3371,No
4123-DVHPH,Male,49,No,17964,9,Yes,22.41,Yes,Fiber Optic,21,Yes,No,No,No,Yes,Month-to-Month,Yes,Bank Withdrawal,88.05,801.3,No
2228-BZDEE,Female,45,No,36669,54,Yes,26.25,No,None,0,No,No,No,No,No,Two Year,No,Credit Card,20.1,1079.45,No
2789-CZANW,Female,49,Yes,29636,64,Yes,21.16,Yes,Fiber Optic,23,Yes,Yes,No,Yes,Yes,Two Year,No,Bank Withdrawal,110.3,6997.3,No
7596-LDUXP,Female,61,No,8506,12,Yes,15.97,Yes,Fiber Optic,19,Yes,No,No,No,Yes,One Year,Yes,Credit Card,85.15,979.05,No
2192-OZITF,Female,60,No,41871,45,Yes,44.29,Yes,DSL,15,Yes,No,No,Yes,Yes,Two Year,No,Credit Card,73.55,3349.1,No
5651-CPDND,Male,45,No,36568,10,Yes,13.51,Yes,DSL,14,No,No,No,No,Yes,Month-to-Month,No,Credit Card,46,492.1,No
1131-ALZWV,Female,58,No,26240,24,Yes,42.66,No,None,0,No,No,No,No,No,One Year,No,Bank Withdrawal,24.6,605.25,No
7729-XBTWX,Male,62,Yes,44078,66,Yes,31.53,No,None,0,No,No,No,No,No,Two Year,Yes,Credit Card,19.75,1344.5,No
9134-WYRVP,Male,51,No,39279,51,Yes,27.3,Yes,Fiber Optic,13,Yes,No,No,No,Yes,One Year,No,Credit Card,86.35,4267.15,No
3284-SVCRO,Female,35,No,790,45,Yes,42.32,No,None,0,No,No,No,No,No,Two Year,No,Credit Card,25.5,1121.05,No
9732-OUYRN,Female,54,No,66472,49,Yes,13.13,No,None,0,No,No,No,No,No,One Year,No,Credit Card,19,918.7,No
0559-CKHUS,Female,44,No,28568,29,Yes,49.96,No,None,0,No,No,No,No,No,Two Year,Yes,Credit Card,19.55,521.8,No
2931-SVLTV,Male,59,Yes,42209,40,Yes,11.5,Yes,Fiber Optic,22,Yes,Yes,No,Yes,Yes,Month-to-Month,Yes,Credit Card,110.1,4469.1,No
7504-UWHNB,Male,42,No,51665,25,Yes,40.11,Yes,Fiber Optic,18,No,No,No,No,No,Month-to-Month,No,Bank Withdrawal,69.75,1729.35,No
2582-FFFZR,Female,34,No,159,22,No,0,Yes,DSL,8,No,No,Yes,No,Yes,Month-to-Month,Yes,Bank Withdrawal,50.6,1073.3,No
8908-NMQTX,Male,36,No,18024,72,No,0,Yes,Cable,9,Yes,Yes,Yes,Yes,Yes,Two Year,Yes,Bank Withdrawal,65.6,4566.5,No
1431-AIDJQ,Male,44,Yes,26022,33,Yes,1.62,Yes,Cable,30,No,Yes,Yes,Yes,Yes,Two Year,No,Credit Card,82.1,2603.1,No
6288-LBEAR,Female,22,No,2873,23,Yes,15.18,Yes,Fiber Optic,46,No,Yes,No,Yes,Yes,Month-to-Month,Yes,Credit Card,79.1,1783.75,No
8413-YNHNV,Male,42,No,31392,69,Yes,47.43,Yes,DSL,22,Yes,Yes,Yes,Yes,Yes,Two Year,No,Credit Card,90.65,6322.1,No
5808-TOTXO,Female,37,Yes,42854,3,Yes,11.27,No,None,0,No,No,No,No,No,One Year,Yes,Credit Card,20.55,57.4,No
4369-NYSCF,Male,61,No,41876,56,Yes,18.42,Yes,DSL,13,No,Yes,No,Yes,No,One Year,Yes,Bank Withdrawal,75.75,4284.65,No
6333-YDVLT,Male,61,No,21054,65,Yes,33.11,Yes,Fiber Optic,10,Yes,No,Yes,Yes,Yes,One Year,Yes,Credit Card,110,7138.65,No
5324-KTGCG,Male,55,No,24589,71,Yes,44.82,No,None,0,No,No,No,No,No,One Year,No,Bank Withdrawal,20.85,1539.75,No
7394-LWLYN,Female,57,No,29964,2,Yes,33.75,Yes,Fiber Optic,10,No,No,No,No,Yes,Month-to-Month,Yes,Bank Withdrawal,70.15,123.8,No
6873-UDNLD,Male,28,No,11702,40,Yes,39.05,Yes,DSL,58,Yes,No,Yes,No,Yes,Month-to-Month,No,Bank Withdrawal,67.45,2731,No
2700-LUEVA,Male,49,No,15438,1,Yes,36.28,No,None,0,No,No,No,No,No,Month-to-Month,No,Credit Card,20.75,20.75,No
0958-YHXGP,Female,25,No,30751,7,Yes,30.99,Yes,Fiber Optic,42,No,No,No,No,Yes,Month-to-Month,Yes,Credit Card,69.9,497.3,No
1101-SSWAG,Female,60,No,15638,15,Yes,31.13,Yes,DSL,5,No,No,No,No,Yes,Month-to-Month,Yes,Bank Withdrawal,51.1,711.15,No
5743-KHMNA,Male,43,No,12448,71,Yes,39.08,No,None,0,No,No,No,No,No,Two Year,No,Bank Withdrawal,25.55,1898.1,No
4194-FJARJ,Female,22,Yes,15882,54,Yes,8.53,Yes,Cable,73,Yes,No,No,Yes,Yes,Two Year,No,Bank Withdrawal,60,3273.95,No
5325-UWTWJ,Male,47,No,11889,31,Yes,22.42,Yes,Fiber Optic,21,Yes,Yes,No,Yes,Yes,Month-to-Month,Yes,Credit Card,90.55,2929.75,No
3969-GYXEL,Female,46,No,10737,11,Yes,36.52,Yes,Fiber Optic,20,Yes,No,No,No,Yes,Month-to-Month,No,Bank Withdrawal,76.4,838.7,No
6992-TKNYO,Male,34,No,39089,38,Yes,32.11,Yes,DSL,16,No,No,Yes,Yes,Yes,One Year,No,Credit Card,69,2669.45,No
4468-YDOVK,Male,57,Yes,13984,5,Yes,13.54,Yes,DSL,21,No,No,No,Yes,Yes,Month-to-Month,Yes,Bank Withdrawal,48.65,235.2,No
2200-DSAAL,Female,52,No,12010,68,Yes,20.3,Yes,DSL,13,No,Yes,Yes,No,No,Two Year,Yes,Bank Withdrawal,80.65,5330.2,No
4302-ZYFEL,Male,23,Yes,13065,69,Yes,26.44,No,None,0,No,No,No,No,No,One Year,Yes,Credit Card,20.55,1403.1,No
9351-LZYGF,Female,56,No,584,42,Yes,36.35,Yes,DSL,30,Yes,Yes,No,Yes,Yes,Month-to-Month,Yes,Credit Card,66.4,2727.8,No
4366-CTOUZ,Female,36,No,1785,50,Yes,15.1,Yes,Fiber Optic,9,No,Yes,No,Yes,Yes,Two Year,Yes,Credit Card,100.2,5038.45,No
1518-OMDIK,Male,23,No,42544,33,Yes,48.49,Yes,DSL,51,No,No,No,No,Yes,Month-to-Month,Yes,Credit Card,44.55,1462.6,No
6671-NGWON,Female,43,No,330,7,Yes,41.57,No,None,0,No,No,No,No,No,Month-to-Month,No,Credit Card,20.35,150.6,No
0595-ITUDF,Male,21,Yes,8486,64,Yes,34.58,Yes,Fiber Optic,27,Yes,Yes,Yes,No,Yes,Month-to-Month,Yes,Bank Withdrawal,91.8,5960.5,No
1955-IBMMB,Male,47,No,1025,59,Yes,47.17,No,None,0,No,No,No,No,No,Two Year,Yes,Bank Withdrawal,20.2,1192.3,No
0096-BXERS,Female,30,No,1004,6,Yes,42.66,Yes,Cable,85,No,No,No,No,Yes,Month-to-Month,No,Bank Withdrawal,50.35,314.55,No
3806-YAZOV,Female,44,No,821,3,Yes,6.61,No,None,0,No,No,No,No,No,Month-to-Month,No,Credit Card,18.8,56,No
7998-ZLXWN,Female,21,No,6773,15,Yes,12.41,No,None,0,No,No,No,No,No,Month-to-Month,No,Credit Card,20.45,330.8,No
6253-WRFHY,Male,59,Yes,406,13,Yes,13.32,Yes,DSL,21,No,No,No,No,Yes,One Year,Yes,Bank Withdrawal,64.75,877.35,No
9133-AYJZG,Female,40,No,28727,23,Yes,14.45,Yes,Fiber Optic,19,No,Yes,No,No,Yes,Month-to-Month,Yes,Credit Card,98.7,2249.1,No
8680-CGLTP,Male,35,No,607,29,Yes,8,Yes,DSL,9,Yes,Yes,No,Yes,No,One Year,Yes,Bank Withdrawal,58.75,1696.2,No
8430-TWCBX,Female,62,No,24741,49,Yes,29.18,No,None,0,No,No,No,No,No,One Year,No,Credit Card,20.7,1032.05,No
5018-GWURO,Female,25,No,13361,56,Yes,42.81,Yes,Fiber Optic,51,No,No,No,No,Yes,Month-to-Month,Yes,Bank Withdrawal,85.6,4902.8,No
6741-QRLUP,Female,50,No,248,63,Yes,31.34,Yes,DSL,26,Yes,Yes,Yes,Yes,Yes,Two Year,Yes,Credit Card,80.3,4995.35,No
4737-HOBAX,Male,51,No,3777,63,Yes,10.07,Yes,Cable,20,No,No,Yes,Yes,Yes,Two Year,No,Credit Card,79.8,5034.05,No
8200-KLNYW,Female,55,No,548,21,Yes,11.27,Yes,DSL,19,Yes,No,Yes,Yes,No,One Year,No,Credit Card,80.9,1714.95,No
3372-CDXFJ,Male,31,Yes,6448,13,Yes,48.7,No,None,0,No,No,No,No,No,One Year,No,Bank Withdrawal,24.5,343.6,No
4781-ZXYGU,Male,25,Yes,11213,1,Yes,18.63,No,None,0,No,No,No,No,No,Month-to-Month,Yes,Bank Withdrawal,20.15,20.15,No
7632-YUTXB,Female,52,Yes,781,25,Yes,13.06,No,None,0,No,No,No,No,No,One Year,No,Credit Card,20.05,520.1,No
2718-YSKCS,Male,64,Yes,384,71,Yes,16.13,No,None,0,No,No,No,No,No,Two Year,Yes,Bank Withdrawal,19.6,1387.45,No
9896-UYMIE,Male,27,No,66,66,Yes,4.32,Yes,Fiber Optic,73,Yes,Yes,Yes,Yes,Yes,One Year,Yes,Bank Withdrawal,114.3,7383.7,No
0853-NWIFK,Female,27,No,1449,45,Yes,1.03,Yes,Fiber Optic,47,Yes,Yes,No,No,Yes,One Year,Yes,Bank Withdrawal,100.3,4483.95,No
8212-CRQXP,Female,20,No,2147,22,Yes,45.1,Yes,Fiber Optic,41,No,No,No,No,No,Month-to-Month,Yes,Credit Card,80,1706.45,No
6980-CDGFC,Female,57,No,24227,67,Yes,7.91,No,None,0,No,No,No,No,No,One Year,Yes,Bank Withdrawal,20.85,1327.4,No
7691-XVTZH,Female,30,No,3373,68,Yes,28.36,Yes,Fiber Optic,82,No,No,Yes,No,Yes,Two Year,Yes,Bank Withdrawal,89.95,5974.3,No
2520-SGTTA,Female,23,Yes,6407,10,Yes,20.05,No,None,0,No,No,No,No,No,Two Year,No,Credit Card,20,200,No
1088-CNNKB,Male,34,No,44976,63,Yes,34.02,Yes,DSL,18,Yes,Yes,Yes,Yes,Yes,One Year,No,Credit Card,80,5040.2,No
1930-BZLHI,Male,31,No,8582,21,Yes,22.53,No,None,0,No,No,No,No,No,One Year,Yes,Credit Card,20.35,422.7,No
5868-YTYKS,Male,21,Yes,857,1,Yes,47.25,No,None,0,No,No,No,No,No,Month-to-Month,Yes,Credit Card,20.25,20.25,No
3525-DVKFN,Female,58,No,8728,17,Yes,30.07,No,None,0,No,No,No,No,No,Two Year,No,Credit Card,19.4,358.05,No
1482-OXZSY,Male,45,No,4753,30,Yes,17.26,Yes,Fiber Optic,19,Yes,No,No,No,Yes,Month-to-Month,Yes,Bank Withdrawal,100.4,2936.25,No
0377-JBKKT,Male,21,Yes,49968,22,Yes,42.58,Yes,DSL,82,Yes,Yes,No,Yes,Yes,Month-to-Month,Yes,Credit Card,57.95,1271.8,No
5778-BVOFB,Female,33,No,48690,9,Yes,39.19,Yes,Cable,20,No,No,No,Yes,Yes,Month-to-Month,Yes,Bank Withdrawal,59.5,530.05,No
3373-YZZYM,Male,57,Yes,13290,1,Yes,32.78,No,None,0,No,No,No,No,No,Month-to-Month,No,Credit Card,19.2,19.2,No
0228-MAUWC,Male,40,No,10172,19,Yes,11.85,Yes,DSL,18,No,No,Yes,Yes,Yes,Month-to-Month,No,Bank Withdrawal,59.55,1144.6,No
7663-YJHSN,Female,33,No,899,72,Yes,44.27,Yes,Fiber Optic,8,Yes,Yes,Yes,Yes,No,Two Year,Yes,Bank Withdrawal,103.95,7556.9,No
4915-BFSXL,Male,49,Yes,77,70,Yes,22.67,Yes,DSL,29,Yes,No,Yes,No,Yes,Two Year,No,Credit Card,68.95,4858.7,No
3086-RUCRN,Female,33,No,813,66,Yes,43.14,Yes,Fiber Optic,20,Yes,Yes,Yes,Yes,Yes,Month-to-Month,Yes,Bank Withdrawal,103.1,6595,No
5215-LNLDJ,Female,20,Yes,3402,7,No,0,Yes,DSL,76,No,No,No,No,Yes,Month-to-Month,Yes,Bank Withdrawal,24.7,149.05,No
0257-KXZGU,Female,29,Yes,52986,32,Yes,33.28,Yes,DSL,51,No,Yes,Yes,No,Yes,Month-to-Month,No,Bank Withdrawal,62.45,2045.55,No
1307-ATKGB,Male,21,No,13031,24,Yes,27.91,Yes,Fiber Optic,59,No,Yes,Yes,No,Yes,Month-to-Month,Yes,Bank Withdrawal,89.55,2187.15,No
3714-XPXBW,Female,43,No,36631,37,Yes,42.41,Yes,DSL,4,Yes,Yes,Yes,Yes,No,Month-to-Month,Yes,Credit Card,78.9,2976.95,No
1850-AKQEP,Male,61,Yes,4563,8,Yes,14.37,No,None,0,No,No,No,No,No,Month-to-Month,No,Credit Card,20.35,178.7,No
2824-DXNKN,Female,26,Yes,8365,72,Yes,38.99,Yes,Cable,73,Yes,No,Yes,No,Yes,Two Year,Yes,Bank Withdrawal,71.45,5025.85,No
0848-ZGQIJ,Female,56,No,30589,16,Yes,10.5,Yes,Fiber Optic,2,No,Yes,No,No,Yes,Month-to-Month,Yes,Bank Withdrawal,94.65,1461.15,No
3621-CHYVB,Female,44,No,9823,57,No,0,Yes,DSL,14,Yes,No,Yes,Yes,Yes,Month-to-Month,Yes,Bank Withdrawal,49.9,2782.4,No
8042-RNLKO,Male,40,No,81141,66,Yes,32.22,No,None,0,No,No,No,No,No,One Year,No,Bank Withdrawal,25.45,1699.15,No
5372-FBKBN,Female,38,Yes,57748,21,Yes,8.68,No,None,0,No,No,No,No,No,Month-to-Month,No,Credit Card,20.75,452.2,No
0420-TXVSG,Male,43,No,52334,66,Yes,37.71,Yes,DSL,15,Yes,Yes,Yes,No,Yes,Two Year,Yes,Credit Card,66.1,4428.45,No
6217-TOWGS,Female,29,No,561,17,Yes,7.6,Yes,DSL,52,No,Yes,No,No,Yes,Month-to-Month,Yes,Bank Withdrawal,75.4,1322.55,No
1045-LTCYT,Female,54,Yes,31926,8,Yes,43.05,No,None,0,No,No,No,No,No,Month-to-Month,No,Credit Card,21.05,139.75,No
1544-JJMYL,Male,19,No,10155,27,Yes,36.39,Yes,DSL,26,Yes,No,Yes,Yes,Yes,One Year,No,Credit Card,69.35,1927.3,No
4636-JGAAI,Male,28,No,37090,34,Yes,13.97,Yes,Fiber Optic,48,No,Yes,No,No,Yes,Month-to-Month,No,Credit Card,88.85,3000.25,No
6874-SGLHU,Male,44,No,37127,30,Yes,12.17,Yes,Fiber Optic,16,No,Yes,No,No,Yes,One Year,Yes,Bank Withdrawal,97,3021.3,No
5951-AOFIH,Male,19,No,59841,33,Yes,45.72,Yes,Cable,51,No,Yes,Yes,No,No,Month-to-Month,Yes,Credit Card,66.4,2245.4,No
3059-NGMXB,Male,52,Yes,45257,14,Yes,2.96,Yes,DSL,76,Yes,Yes,No,No,Yes,Month-to-Month,No,Credit Card,69.2,944.65,No
8652-YHIYU,Female,30,Yes,46185,16,Yes,27.23,Yes,Fiber Optic,69,No,No,No,Yes,Yes,One Year,Yes,Credit Card,79.5,1264.2,No
5278-PNYOX,Female,49,No,27023,49,Yes,11.11,Yes,Fiber Optic,27,No,No,Yes,Yes,Yes,Two Year,No,Credit Card,100.65,4917.75,No
3486-HOOGQ,Female,44,Yes,32804,70,Yes,8.36,Yes,DSL,19,Yes,Yes,Yes,Yes,Yes,Two Year,No,Bank Withdrawal,79.7,5743.3,No
5061-PBXFW,Female,49,Yes,37570,32,Yes,46.66,Yes,DSL,17,Yes,Yes,No,Yes,Yes,Month-to-Month,No,Bank Withdrawal,61.4,1864.65,No
8630-FJLIB,Female,35,No,13481,18,Yes,34.12,Yes,Fiber Optic,20,No,No,No,No,Yes,Month-to-Month,Yes,Bank Withdrawal,69.8,1221.65,No
3891-NLXJB,Male,26,No,26389,37,No,0,Yes,DSL,69,Yes,Yes,No,Yes,No,Two Year,Yes,Credit Card,40.55,1390.85,No
4749-OJKQU,Female,36,No,40568,4,Yes,23.5,Yes,Fiber Optic,22,No,No,No,No,Yes,Month-to-Month,Yes,Bank Withdrawal,75.65,302.35,No
0577-WHMEV,Female,19,No,26032,16,Yes,27.83,Yes,Fiber Optic,52,Yes,Yes,Yes,No,Yes,Month-to-Month,No,Bank Withdrawal,90.7,1374.9,No
5453-AXEPF,Male,31,No,9657,17,Yes,46.71,Yes,Fiber Optic,8,No,Yes,No,No,Yes,Month-to-Month,Yes,Bank Withdrawal,80.5,1336.9,No
3639-XJHKQ,Female,52,Yes,15798,19,Yes,36.48,Yes,DSL,20,Yes,Yes,Yes,No,Yes,Month-to-Month,Yes,Bank Withdrawal,60.6,1297.8,No
3716-LRGXK,Male,27,No,36944,60,Yes,10.05,Yes,Fiber Optic,48,No,No,Yes,No,Yes,Two Year,No,Credit Card,101.15,6067.4,No
2263-SFSQZ,Male,46,Yes,14792,51,Yes,16.85,No,None,0,No,No,No,No,No,Two Year,Yes,Credit Card,24.95,1222.25,No
9950-MTGYX,Male,30,Yes,7023,28,Yes,19.18,No,None,0,No,No,No,No,No,Two Year,Yes,Credit Card,20.3,487.95,No
3397-AVTKU,Male,64,No,38,43,Yes,21.64,Yes,DSL,13,No,Yes,No,No,Yes,Two Year,Yes,Bank Withdrawal,60,2548.55,No
4825-FUREZ,Male,49,No,44103,42,Yes,45.75,No,None,0,No,No,No,No,No,Two Year,No,Bank Withdrawal,20.25,835.5,No
2672-OJQZP,Female,35,No,16357,1,Yes,40.87,Yes,Cable,21,No,No,No,No,Yes,Month-to-Month,No,Credit Card,44.75,44.75,No
3134-DSHVC,Female,49,No,34138,63,Yes,23.62,Yes,Fiber Optic,21,Yes,Yes,Yes,No,Yes,Two Year,No,Credit Card,98,6218.45,No
7821-DPRQE,Male,25,No,49965,68,Yes,24.01,Yes,Fiber Optic,48,Yes,Yes,No,Yes,Yes,Month-to-Month,Yes,Bank Withdrawal,107.7,7320.9,No
2001-EWBQU,Female,23,No,40611,60,Yes,35.47,Yes,Fiber Optic,51,No,Yes,Yes,No,No,Two Year,No,Bank Withdrawal,104.7,6333.8,No
6695-AMZUF,Female,31,No,19109,70,Yes,31.15,Yes,DSL,5,Yes,Yes,Yes,Yes,Yes,Two Year,No,Credit Card,86.45,5950.2,No
8410-BGQXN,Male,26,No,4264,4,Yes,22.54,No,None,0,No,No,No,No,No,Month-to-Month,No,Credit Card,19.4,93.4,No
1619-YWUBB,Female,38,No,115,68,Yes,26.64,No,None,0,No,No,No,No,No,Two Year,Yes,Credit Card,24.95,1614.9,No
7611-YKYTC,Male,50,Yes,27,22,Yes,38.82,Yes,Fiber Optic,19,Yes,No,No,No,Yes,Month-to-Month,No,Bank Withdrawal,75,1573.95,No
0365-GXEZS,Male,55,No,2633,18,Yes,31.79,Yes,Fiber Optic,19,No,No,Yes,Yes,Yes,Month-to-Month,No,Bank Withdrawal,78.2,1468.75,No
0082-OQIQY,Male,50,No,596,29,Yes,2.05,Yes,Fiber Optic,17,No,No,No,Yes,No,Month-to-Month,Yes,Bank Withdrawal,94.2,2607.6,No
3606-SBKRY,Male,35,No,3148,31,No,0,Yes,DSL,5,No,No,Yes,No,Yes,One Year,Yes,Bank Withdrawal,50.05,1523.4,No
0667-NSRGI,Female,45,No,45755,48,Yes,17.03,Yes,DSL,15,No,No,Yes,Yes,Yes,One Year,Yes,Credit Card,69.55,3435.6,No
6893-ODYYE,Male,34,No,2718,50,Yes,15.37,Yes,Fiber Optic,22,Yes,Yes,Yes,Yes,Yes,One Year,Yes,Credit Card,90.1,4549.45,No
8242-JSVBO,Male,22,No,1692,7,Yes,26.76,Yes,DSL,46,No,No,No,No,Yes,Month-to-Month,Yes,Bank Withdrawal,44.65,322.5,No
9541-ZPSEA,Male,25,Yes,3930,68,Yes,24.08,Yes,Fiber Optic,41,Yes,No,Yes,No,Yes,Two Year,No,Credit Card,80.35,5375.15,No
1139-WUOAH,Male,33,No,460,57,No,0,Yes,DSL,28,No,No,Yes,Yes,No,Two Year,No,Credit Card,53.35,3090.05,No
4693-VWVBO,Female,60,No,11266,3,Yes,40.98,No,None,0,No,No,No,No,No,Month-to-Month,No,Bank Withdrawal,19.55,61.05,No
6937-GCDGQ,Male,59,Yes,2198,19,Yes,11.75,Yes,Cable,21,Yes,No,No,No,Yes,One Year,Yes,Bank Withdrawal,48.95,955.6,No
0988-JRWWP,Female,50,No,435,3,Yes,41.38,Yes,DSL,5,No,No,No,No,Yes,Month-to-Month,Yes,Bank Withdrawal,54.2,140.4,No
5075-JSDKI,Female,64,No,4176,59,Yes,41.23,No,None,0,No,No,No,No,No,Two Year,No,Bank Withdrawal,24.45,1493.1,No
8644-XYTSV,Male,37,No,809,42,No,0,Yes,DSL,7,Yes,No,No,No,Yes,Month-to-Month,Yes,Bank Withdrawal,40.15,1626.05,No
3873-WOSBC,Male,58,No,986,67,Yes,11.74,No,None,0,No,No,No,No,No,Two Year,No,Credit Card,25.6,1784.9,No
7465-ZZRVX,Male,63,No,32881,1,Yes,14.42,Yes,Fiber Optic,27,No,No,No,No,No,Month-to-Month,Yes,Bank Withdrawal,70.35,70.35,No
7975-JMZNT,Male,19,No,2144,66,Yes,23.27,Yes,DSL,58,Yes,Yes,Yes,Yes,Yes,Two Year,No,Bank Withdrawal,91.7,6075.9,No
7251-XFOIL,Female,60,No,2271,61,Yes,14.52,Yes,Fiber Optic,27,No,No,Yes,No,Yes,Month-to-Month,No,Credit Card,89.2,5500.6,No
4116-IQRFR,Male,55,Yes,55,4,Yes,16.68,No,None,0,No,No,No,No,No,One Year,No,Credit Card,24.1,73.1,No
8259-DZLIZ,Female,53,Yes,10159,64,Yes,17.07,Yes,DSL,25,No,Yes,No,No,Yes,One Year,Yes,Bank Withdrawal,53.85,3399.85,No
7853-WNZSY,Male,58,No,808,1,Yes,1.61,No,None,0,No,No,No,No,No,Month-to-Month,Yes,Credit Card,19.75,19.75,No
3120-FAZKD,Male,19,Yes,579,54,Yes,41.58,No,None,0,No,No,No,No,No,Two Year,Yes,Bank Withdrawal,24.05,1230.9,No
8606-OEGQZ,Female,45,Yes,11474,18,Yes,30.22,No,None,0,No,No,No,No,No,Two Year,No,Credit Card,25.3,454.65,No
0225-ZORZP,Male,46,No,3680,3,Yes,13.72,Yes,Fiber Optic,26,No,Yes,No,No,Yes,Month-to-Month,No,Bank Withdrawal,84.3,235.05,No
9489-JMTTN,Female,41,Yes,1055,72,Yes,15.58,Yes,DSL,20,Yes,Yes,Yes,Yes,Yes,Two Year,No,Credit Card,89.75,6595.9,No
0967-BMLBD,Female,37,Yes,128,11,Yes,49.19,No,None,0,No,No,No,No,No,One Year,Yes,Credit Card,20,196.35,No
2830-LEWOA,Male,37,Yes,9559,61,Yes,43.08,Yes,Fiber Optic,19,No,Yes,Yes,Yes,Yes,One Year,No,Credit Card,103.9,6449.15,No
5006-MXVRN,Female,23,No,2130,39,Yes,29.79,No,None,0,No,No,No,No,No,Two Year,No,Credit Card,20.7,762.45,No
8327-WKMIE,Male,36,No,3256,37,Yes,34.37,No,None,0,No,No,No,No,No,One Year,No,Credit Card,20.15,785.75,No
6917-FIJHC,Female,60,No,12672,72,Yes,26.98,No,None,0,No,No,No,No,No,Two Year,Yes,Credit Card,26,1776,No
7797-EJMDP,Female,34,No,36738,8,Yes,33.54,Yes,DSL,14,Yes,No,No,Yes,Yes,Month-to-Month,No,Bank Withdrawal,66.05,574.5,No
3530-VWVGU,Female,27,Yes,19867,22,Yes,49.51,No,None,0,No,No,No,No,No,Month-to-Month,No,Credit Card,19.9,400.3,No
6368-NWMCE,Female,61,No,59289,38,Yes,21.19,Yes,DSL,24,No,Yes,No,Yes,Yes,Month-to-Month,No,Credit Card,68.15,2656.3,No
3633-CDBUW,Male,25,Yes,433,17,Yes,45.92,Yes,DSL,73,No,Yes,Yes,Yes,No,One Year,No,Bank Withdrawal,80.85,1445.95,No
3956-MGXOG,Female,62,No,52872,28,Yes,33.84,Yes,Fiber Optic,5,No,No,No,No,Yes,Month-to-Month,Yes,Bank Withdrawal,80.6,2244.95,No
9274-UARKJ,Female,60,No,47536,15,Yes,10.43,Yes,Fiber Optic,29,No,Yes,No,No,Yes,Month-to-Month,Yes,Bank Withdrawal,83.2,1130,No
4077-HWUYD,Male,59,Yes,27135,72,Yes,44.61,Yes,DSL,53,Yes,Yes,Yes,Yes,Yes,Two Year,Yes,Bank Withdrawal,87.55,6463.15,No
0103-CSITQ,Female,20,No,13343,57,Yes,8.01,Yes,Fiber Optic,73,No,Yes,Yes,Yes,Yes,One Year,Yes,Bank Withdrawal,109.4,6252.7,No
8671-KKKOS,Female,50,No,8504,46,No,0,Yes,DSL,30,Yes,Yes,No,No,Yes,Month-to-Month,No,Bank Withdrawal,45.55,2062.15,No
7305-ZWMAJ,Male,45,No,25384,30,Yes,22.89,No,None,0,No,No,No,No,No,One Year,No,Credit Card,20.7,587.1,No
6578-KRMAW,Male,22,No,4150,32,Yes,46.33,Yes,Fiber Optic,85,Yes,Yes,Yes,No,Yes,Month-to-Month,Yes,Credit Card,93.4,2979.3,No
4860-IJUDE,Male,34,No,12646,13,Yes,30.06,Yes,Fiber Optic,5,Yes,No,No,No,Yes,Month-to-Month,Yes,Credit Card,73.75,956.65,No
9688-YGXVR,Female,35,No,12466,44,Yes,32.83,Yes,Fiber Optic,24,No,Yes,Yes,No,Yes,Month-to-Month,Yes,Credit Card,88.15,3973.2,No
1945-XISKS,Female,22,No,25340,67,Yes,33.01,No,None,0,No,No,No,No,No,Two Year,No,Credit Card,19.65,1335.2,No
5360-LJCNJ,Female,37,No,69801,71,Yes,10.46,Yes,Fiber Optic,3,No,Yes,Yes,No,No,Two Year,Yes,Bank Withdrawal,105.15,7555,No
2607-FBDFF,Male,32,No,3979,1,Yes,49.19,Yes,DSL,17,No,No,No,Yes,Yes,Month-to-Month,No,Credit Card,49,49,No
1100-DDVRV,Male,27,No,4848,17,No,0,Yes,DSL,52,No,Yes,No,No,Yes,Month-to-Month,Yes,Credit Card,49.8,836.35,No
6728-WYQBC,Male,52,No,48690,1,Yes,2.29,No,None,0,No,No,No,No,No,Month-to-Month,No,Bank Withdrawal,20.95,20.95,No
7216-KAOID,Male,27,Yes,36125,41,Yes,39.53,No,None,0,No,No,No,No,No,One Year,No,Bank Withdrawal,19.5,798.2,No
6145-NNPNO,Female,45,No,35057,1,Yes,9.82,Yes,Cable,13,No,No,No,No,Yes,Month-to-Month,No,Bank Withdrawal,44.15,44.15,No
5339-TJFEK,Male,22,Yes,30876,62,Yes,14.75,Yes,Fiber Optic,52,Yes,Yes,No,No,No,Month-to-Month,Yes,Bank Withdrawal,105.5,6487.2,No
2074-GUHPQ,Female,37,Yes,1054,17,Yes,49.78,Yes,Fiber Optic,19,No,Yes,Yes,Yes,Yes,Month-to-Month,Yes,Credit Card,92.7,1556.85,No
4625-XMOYM,Female,37,Yes,747,72,Yes,2.57,No,None,0,No,No,No,No,No,Two Year,Yes,Bank Withdrawal,26.25,1988.05,No
5827-MWCZK,Male,39,Yes,1374,56,Yes,23.52,Yes,Fiber Optic,53,No,Yes,No,Yes,Yes,Month-to-Month,Yes,Credit Card,96.95,5432.2,No
1385-TQOZW,Female,32,No,176,9,Yes,45.99,No,None,0,No,No,No,No,No,Month-to-Month,Yes,Credit Card,20.45,147.55,No
5914-XRFQB,Male,58,No,333,72,Yes,43.12,Yes,Fiber Optic,6,Yes,Yes,Yes,Yes,Yes,Two Year,Yes,Bank Withdrawal,115.8,8424.9,No
4329-YPDDQ,Male,40,No,1575,20,Yes,16.05,Yes,Fiber Optic,18,Yes,Yes,Yes,Yes,Yes,Month-to-Month,Yes,Bank Withdrawal,108.2,2203.7,No
4804-NCPET,Male,32,Yes,13485,19,Yes,31.7,No,None,0,No,No,No,No,No,Two Year,No,Credit Card,20.2,387.4,No
5944-UGLLK,Male,62,No,9210,53,No,0,Yes,Cable,17,No,No,Yes,Yes,Yes,One Year,No,Credit Card,54.9,3045.75,No
7787-BNTZM,Male,56,No,371,6,Yes,6.93,No,None,0,No,No,No,No,No,Month-to-Month,No,Bank Withdrawal,20.15,130.5,No
2252-ISRNH,Male,22,Yes,2296,9,Yes,30.46,Yes,Fiber Optic,82,No,No,Yes,No,Yes,One Year,Yes,Bank Withdrawal,90.35,767.9,No
9415-TPKRV,Female,62,Yes,91,8,Yes,12.41,Yes,DSL,53,No,Yes,No,No,Yes,Month-to-Month,No,Bank Withdrawal,55.75,446.8,No
5322-TEUJK,Female,45,Yes,187,71,Yes,4.91,Yes,Fiber Optic,29,Yes,Yes,Yes,Yes,Yes,Two Year,No,Bank Withdrawal,114.6,8100.25,No
1866-DIOQZ,Female,23,No,6216,71,No,0,Yes,Cable,85,Yes,Yes,Yes,Yes,Yes,One Year,No,Bank Withdrawal,66.8,4689.15,No
8375-KVTHK,Male,43,No,14417,68,Yes,49.51,Yes,Fiber Optic,3,No,Yes,No,Yes,No,One Year,Yes,Bank Withdrawal,100.3,6754.35,No
2697-NQBPF,Male,51,No,476,34,Yes,28,Yes,Fiber Optic,18,No,Yes,No,Yes,Yes,Month-to-Month,Yes,Bank Withdrawal,105.35,3540.65,No
3709-OIJEA,Male,51,No,2349,26,Yes,29.72,Yes,Fiber Optic,11,No,Yes,Yes,Yes,Yes,One Year,Yes,Bank Withdrawal,85.2,2184.6,No
1386-ZIKUV,Male,42,No,175,7,Yes,33.18,No,None,0,No,No,No,No,No,Month-to-Month,Yes,Credit Card,18.95,130.55,No
0599-XNYDO,Female,51,No,390,20,Yes,43.49,Yes,Fiber Optic,28,No,No,No,No,Yes,Month-to-Month,Yes,Bank Withdrawal,69.8,1540.35,No
6377-WHAOX,Female,48,No,1916,60,Yes,9.98,Yes,Fiber Optic,22,No,Yes,Yes,No,Yes,Month-to-Month,Yes,Bank Withdrawal,106.15,6411.25,No
6855-VLGOS,Male,51,Yes,4913,72,Yes,37.11,No,None,0,No,No,No,No,No,Two Year,No,Bank Withdrawal,20.55,1432.55,No
8746-OQQRW,Male,64,No,1373,4,Yes,3.69,No,None,0,No,No,No,No,No,Month-to-Month,No,Credit Card,25.25,101.9,No
3181-MIZBN,Male,40,Yes,438,16,Yes,31.99,No,None,0,No,No,No,No,No,Month-to-Month,No,Bank Withdrawal,19.75,313.4,No
7766-CLTIC,Female,58,No,1653,10,Yes,8.35,Yes,Cable,29,No,No,No,Yes,Yes,Month-to-Month,Yes,Credit Card,60.95,629.55,No
5650-YLIBA,Male,60,No,11180,31,Yes,42.05,Yes,Fiber Optic,12,No,Yes,No,No,Yes,Month-to-Month,Yes,Bank Withdrawal,81.15,2640.55,No
0825-CPPQH,Female,26,No,2706,71,Yes,39.44,No,None,0,No,No,No,No,No,Two Year,No,Credit Card,19.1,1372.45,No
9084-OAYKL,Male,29,No,882,58,Yes,49.02,No,None,0,No,No,No,No,No,Two Year,No,Credit Card,20.8,1212.25,No
6122-LJADA,Male,31,Yes,2644,70,Yes,2.5,Yes,Cable,13,Yes,Yes,Yes,Yes,Yes,Two Year,Yes,Credit Card,90.15,6237.05,No
2400-XIWIO,Female,30,No,3002,71,Yes,22.33,Yes,Cable,71,Yes,Yes,Yes,Yes,Yes,Two Year,No,Bank Withdrawal,90.1,6310.9,No
7569-NMZYQ,Female,33,Yes,7789,72,Yes,41.14,Yes,Fiber Optic,53,Yes,Yes,Yes,Yes,Yes,Two Year,Yes,Bank Withdrawal,118.75,8672.45,No
5201-USSQZ,Female,56,No,1537,26,Yes,42.26,Yes,Fiber Optic,2,No,No,No,Yes,Yes,Month-to-Month,No,Credit Card,85.9,2196.45,No
2105-PHWON,Female,41,No,148,33,Yes,10.34,Yes,Fiber Optic,22,No,No,Yes,Yes,No,Month-to-Month,Yes,Credit Card,95,3008.15,No
1494-EJZDW,Female,51,Yes,2223,10,Yes,18.62,No,None,0,No,No,No,No,No,Two Year,No,Credit Card,20.15,220.8,No
8003-EWNDZ,Female,52,No,1113,10,Yes,10.46,No,None,0,No,No,No,No,No,Month-to-Month,Yes,Bank Withdrawal,21.2,222.65,No
1897-RCFUM,Female,31,Yes,1352,39,Yes,5.88,No,None,0,No,No,No,No,No,One Year,Yes,Credit Card,24.2,914.6,No
9256-JTBNZ,Female,40,No,1884,11,Yes,48.92,No,None,0,No,No,No,No,No,Month-to-Month,No,Bank Withdrawal,20.3,246.3,No
2211-RMNHO,Female,36,Yes,298,68,Yes,25.16,Yes,Cable,26,No,Yes,Yes,Yes,Yes,Two Year,No,Bank Withdrawal,85.3,5560,No
2432-TFSMK,Male,43,No,31266,18,Yes,34.78,Yes,Fiber Optic,2,No,No,Yes,No,Yes,One Year,Yes,Credit Card,89.6,1633,No
4929-ROART,Male,47,No,30988,18,Yes,33.8,Yes,Cable,17,Yes,No,No,No,No,Month-to-Month,No,Credit Card,56.25,969.85,No
1834-ABKHQ,Female,59,Yes,2344,52,Yes,10.03,Yes,Cable,29,No,No,Yes,No,Yes,One Year,Yes,Bank Withdrawal,50.95,2610.65,No
1741-WTPON,Male,42,Yes,309,56,Yes,40.86,Yes,Fiber Optic,27,Yes,Yes,Yes,Yes,Yes,Two Year,No,Credit Card,115.85,6567.9,No
3932-IJWDZ,Male,51,No,13472,45,Yes,24.75,Yes,Fiber Optic,13,No,No,Yes,Yes,Yes,Month-to-Month,Yes,Bank Withdrawal,103.65,4747.85,No
1240-HCBOH,Female,45,No,23701,67,Yes,43.3,No,None,0,No,No,No,No,No,Two Year,Yes,Credit Card,26.1,1759.55,No
3594-KADLU,Male,33,No,240,3,No,0,Yes,Cable,25,Yes,No,No,Yes,Yes,Month-to-Month,No,Credit Card,35.1,101.1,No
3796-ENZGF,Male,52,No,752,63,Yes,48.14,Yes,Cable,28,No,Yes,No,Yes,No,Two Year,No,Credit Card,67.25,4234.15,No
1734-ZMNTZ,Female,50,Yes,23224,11,Yes,15.04,No,None,0,No,No,No,No,No,Two Year,No,Credit Card,25,300.7,No
2853-CWQFQ,Male,20,Yes,23570,1,Yes,41.39,Yes,Cable,48,No,No,No,Yes,Yes,Month-to-Month,Yes,Credit Card,59.55,59.55,No
0813-TAXXS,Male,48,No,261,55,Yes,26.3,Yes,DSL,23,No,No,Yes,No,Yes,Two Year,Yes,Bank Withdrawal,77.8,4323.35,No
2519-TWKFS,Male,34,Yes,199,25,Yes,47.1,Yes,DSL,25,No,No,No,Yes,Yes,One Year,Yes,Credit Card,55.1,1466.1,No
0626-QXNGV,Female,55,No,19596,72,Yes,37.98,No,None,0,No,No,No,No,No,Two Year,Yes,Credit Card,24.15,1776.45,No
6723-CEGQI,Female,33,Yes,1689,65,No,0,Yes,DSL,25,No,Yes,No,Yes,Yes,Two Year,No,Credit Card,45.25,2933.95,No
4732-RRJZC,Male,31,Yes,695,7,Yes,39.98,No,None,0,No,No,No,No,No,Month-to-Month,No,Credit Card,20.25,144.35,No
9499-XPZXM,Female,45,No,485,72,Yes,15.23,Yes,DSL,26,Yes,Yes,No,Yes,Yes,Two Year,No,Bank Withdrawal,64.75,4804.75,No
4338-EYCER,Male,57,No,1072,21,Yes,17.19,Yes,DSL,11,No,No,No,No,Yes,Month-to-Month,No,Bank Withdrawal,54.6,1125.2,No
3007-FDPEA,Female,28,No,42239,2,Yes,13.89,No,None,0,No,No,No,No,No,Month-to-Month,Yes,Bank Withdrawal,20.7,39.85,No
8513-OLYGY,Male,50,No,12241,72,Yes,27.59,Yes,Fiber Optic,25,Yes,Yes,Yes,Yes,Yes,Two Year,No,Credit Card,115.8,8332.15,No
0311-QYWSS,Female,63,No,2423,6,Yes,39.16,Yes,DSL,8,Yes,No,No,No,Yes,Month-to-Month,Yes,Bank Withdrawal,49.45,314.6,No
8705-DWKTI,Male,58,No,532,52,Yes,5.92,Yes,Fiber Optic,23,No,No,Yes,No,No,Month-to-Month,Yes,Credit Card,83.8,4331.4,No
3680-CTHUH,Male,22,No,264,60,Yes,44.24,Yes,Fiber Optic,52,Yes,Yes,Yes,Yes,Yes,One Year,Yes,Credit Card,116.6,7049.5,No
1202-KKGFU,Female,24,No,155,12,Yes,23.99,Yes,DSL,51,Yes,No,No,Yes,Yes,Month-to-Month,No,Bank Withdrawal,54.2,690.5,No
6112-KTHFQ,Female,50,No,1447,13,Yes,21.36,No,None,0,No,No,No,No,No,Month-to-Month,Yes,Credit Card,19.3,279.3,No
1852-XEMDW,Male,20,No,265,22,Yes,43.78,Yes,DSL,47,Yes,Yes,Yes,No,No,Month-to-Month,No,Credit Card,65.05,1427.55,No
1820-DJFPH,Female,59,Yes,494,72,Yes,48.29,No,None,0,No,No,No,No,No,Two Year,Yes,Bank Withdrawal,24.05,1709.15,No
9426-SXNHE,Female,23,No,574,2,Yes,4.92,No,None,0,No,No,No,No,No,Month-to-Month,No,Bank Withdrawal,18.75,53.15,No
9068-FHQHD,Female,42,Yes,300,40,Yes,3.01,No,None,0,No,No,No,No,No,Two Year,No,Bank Withdrawal,20.15,777.35,No
1269-FOYWN,Male,23,Yes,163,44,Yes,36.86,No,None,0,No,No,No,No,No,One Year,No,Bank Withdrawal,20,860.85,No
9895-VFOXH,Female,19,No,1125,1,No,0,Yes,DSL,76,No,No,No,No,No,Month-to-Month,No,Credit Card,24.4,24.4,No
1230-QAJDW,Male,32,No,202,3,Yes,42.68,Yes,Cable,27,No,No,No,Yes,Yes,Month-to-Month,Yes,Credit Card,65.25,209.9,No
5701-ZIKJE,Male,28,No,400,13,Yes,33.95,Yes,DSL,59,No,No,No,Yes,Yes,Month-to-Month,Yes,Credit Card,50.55,610.75,No
5032-MIYKT,Female,19,No,270,1,Yes,38.81,Yes,Fiber Optic,52,No,No,No,No,Yes,Month-to-Month,Yes,Credit Card,70.7,70.7,No
7396-VJUZB,Male,33,Yes,1666,4,Yes,35.09,Yes,DSL,30,No,No,No,No,Yes,Month-to-Month,No,Credit Card,45.25,155.35,No
9717-QEBGU,Male,51,No,321,2,Yes,1.57,Yes,Fiber Optic,26,No,No,No,No,Yes,Month-to-Month,Yes,Bank Withdrawal,70.3,144,No
5172-RKOCB,Male,28,No,200,72,Yes,21.26,Yes,Fiber Optic,53,Yes,Yes,No,Yes,Yes,Two Year,Yes,Credit Card,108.95,7875,No
6509-TSGWN,Female,42,Yes,42239,37,Yes,31.83,No,None,0,No,No,No,No,No,Month-to-Month,No,Credit Card,26.45,911.6,No
3178-CIFOT,Female,34,No,222,23,Yes,10.41,No,None,0,No,No,No,No,No,One Year,Yes,Credit Card,19.65,478.1,No
4530-NDRKU,Female,31,Yes,24944,42,Yes,34.66,No,None,0,No,No,No,No,No,One Year,Yes,Bank Withdrawal,19.05,761.85,No
5985-TBABQ,Female,45,No,12756,32,Yes,33.45,Yes,DSL,5,Yes,No,No,No,Yes,One Year,No,Credit Card,74.75,2282.95,No
9800-ONTFE,Female,59,Yes,382,22,Yes,4.67,Yes,Fiber Optic,58,No,No,No,No,Yes,Month-to-Month,Yes,Bank Withdrawal,75.8,1615.1,No
6743-HHQPF,Male,26,No,262,42,No,0,Yes,DSL,59,No,No,No,No,Yes,Month-to-Month,Yes,Credit Card,25.1,1097.15,No
8455-HIRAQ,Female,56,No,58830,8,Yes,10.91,Yes,DSL,16,No,No,No,No,Yes,Month-to-Month,No,Credit Card,44.45,369.3,No
6616-AALSR,Female,23,Yes,43718,65,Yes,13.17,Yes,Fiber Optic,59,Yes,No,Yes,No,No,Two Year,Yes,Credit Card,104.3,6725.3,No
9415-ZNBSX,Female,30,Yes,3674,70,Yes,33.24,Yes,DSL,51,Yes,Yes,Yes,Yes,Yes,Two Year,Yes,Bank Withdrawal,89,6293.2,No
4018-KJYUY,Male,43,Yes,699,22,Yes,34.07,No,None,0,No,No,No,No,No,Month-to-Month,No,Credit Card,20.15,432.5,No
3884-UEBXB,Female,58,Yes,4426,67,No,0,Yes,DSL,15,Yes,Yes,No,No,Yes,Two Year,No,Bank Withdrawal,36.15,2434.45,No
8780-RSYYU,Female,42,No,18529,25,Yes,6,No,None,0,No,No,No,No,No,Month-to-Month,Yes,Credit Card,19.2,532.1,No
5537-UXXVS,Female,49,No,41636,20,Yes,48.03,No,None,0,No,No,No,No,No,Month-to-Month,No,Bank Withdrawal,19.25,375.25,No
1791-PQHBB,Female,28,Yes,4097,2,Yes,32.06,Yes,Cable,52,Yes,No,No,No,Yes,Month-to-Month,Yes,Credit Card,61.2,125.95,No
8701-DGLVH,Male,36,No,38534,51,Yes,47.43,No,None,0,No,No,No,No,No,Two Year,No,Credit Card,20.45,1042.65,No
8741-LQOBK,Female,27,Yes,171,46,No,0,Yes,DSL,52,Yes,Yes,No,No,Yes,Month-to-Month,No,Bank Withdrawal,35.05,1620.25,No
8082-GHXOP,Male,20,Yes,2756,13,Yes,26.63,Yes,DSL,27,No,No,No,No,Yes,Month-to-Month,No,Credit Card,44,659.35,No
0980-FEXWF,Male,32,Yes,850,26,Yes,4.62,Yes,DSL,19,No,No,Yes,No,Yes,One Year,No,Credit Card,50.35,1285.8,No
3011-WQKSZ,Male,41,Yes,5714,19,Yes,24.1,No,None,0,No,No,No,No,No,Month-to-Month,Yes,Bank Withdrawal,20,377.55,No
8218-FFJDS,Female,21,No,2723,72,Yes,15.35,Yes,DSL,41,Yes,Yes,No,Yes,Yes,Two Year,Yes,Bank Withdrawal,86.4,6058.95,No
9360-OMDZZ,Male,60,No,1745,24,Yes,30.42,Yes,Fiber Optic,14,No,No,No,No,No,Month-to-Month,Yes,Bank Withdrawal,94.1,2322.85,No
0345-XMMUG,Female,29,No,9752,46,Yes,2,Yes,Fiber Optic,48,No,Yes,Yes,Yes,Yes,Two Year,Yes,Credit Card,108.9,4854.3,No
2832-SCUCO,Female,52,No,129,2,Yes,26.9,No,None,0,No,No,No,No,No,Month-to-Month,No,Bank Withdrawal,19.9,57.4,No
7036-ZZKBD,Male,56,No,15286,31,Yes,25.3,Yes,Cable,28,No,No,Yes,Yes,Yes,Month-to-Month,Yes,Credit Card,66.4,2019.8,No
0265-PSUAE,Female,57,Yes,485,16,Yes,27.27,Yes,Fiber Optic,76,Yes,No,Yes,No,Yes,Month-to-Month,No,Bank Withdrawal,100.7,1522.7,No
0463-TXOAK,Male,26,Yes,844,52,Yes,23.12,No,None,0,No,No,No,No,No,Two Year,No,Credit Card,25.6,1334.5,No
0594-UFTUL,Male,35,Yes,929,13,Yes,40.2,No,None,0,No,No,No,No,No,Month-to-Month,Yes,Credit Card,19.85,252,No
9509-MPYOD,Female,34,No,6096,35,Yes,35.5,No,None,0,No,No,No,No,No,One Year,No,Credit Card,20.75,700.45,No
9128-CPXKI,Female,36,No,751,59,Yes,30.44,Yes,Fiber Optic,30,No,No,Yes,No,Yes,Two Year,No,Bank Withdrawal,95.8,5655.45,No
0129-KPTWJ,Male,39,No,32202,72,Yes,33.22,Yes,Fiber Optic,23,No,No,Yes,No,Yes,Month-to-Month,Yes,Bank Withdrawal,94.65,6747.35,No
5855-EIBDE,Female,35,No,32040,49,Yes,40.67,Yes,Fiber Optic,12,Yes,Yes,Yes,Yes,Yes,Two Year,No,Credit Card,106.65,5174.35,No
5365-LLFYV,Female,43,No,2048,2,Yes,5.47,Yes,DSL,29,No,No,No,No,Yes,Month-to-Month,Yes,Credit Card,45.85,105.6,No
1928-BXYIV,Male,47,No,34146,1,Yes,17.07,Yes,DSL,3,Yes,Yes,No,No,Yes,Month-to-Month,No,Bank Withdrawal,61.15,61.15,No
5760-FXFVO,Male,55,No,901,6,Yes,29.52,Yes,Fiber Optic,28,Yes,Yes,No,No,Yes,Month-to-Month,Yes,Bank Withdrawal,78.95,494.95,No
0961-ZWLVI,Male,35,Yes,49729,49,Yes,4.76,Yes,Fiber Optic,58,Yes,Yes,Yes,No,Yes,One Year,Yes,Credit Card,109.2,5290.45,No
5181-OABFK,Female,59,Yes,3815,56,Yes,18.99,Yes,Cable,53,Yes,Yes,Yes,No,Yes,Two Year,Yes,Credit Card,61.3,3346.8,No
7816-VGHTO,Female,61,Yes,947,6,No,0,Yes,Cable,10,No,Yes,Yes,Yes,No,Two Year,No,Credit Card,40.55,217.5,No
5871-DGTXZ,Male,55,No,364,32,Yes,41.52,No,None,0,No,No,No,No,No,One Year,No,Credit Card,19.8,607.7,No
7550-WIQVA,Male,34,Yes,21510,50,Yes,41.58,Yes,Fiber Optic,19,Yes,Yes,Yes,No,Yes,One Year,Yes,Bank Withdrawal,108.25,5431.4,No
7544-ZVIKX,Male,33,Yes,30614,58,Yes,33.82,Yes,Fiber Optic,10,No,No,Yes,Yes,Yes,One Year,Yes,Bank Withdrawal,105.05,6004.85,No
0016-QLJIS,Female,43,Yes,1219,65,Yes,28.46,Yes,Cable,14,Yes,Yes,Yes,Yes,Yes,Two Year,Yes,Credit Card,90.45,5957.9,No
7508-DQAKK,Female,21,No,24738,64,Yes,8.52,Yes,DSL,73,Yes,Yes,Yes,Yes,Yes,Two Year,Yes,Credit Card,86.4,5442.05,No
5176-OLSKT,Female,49,No,4731,66,Yes,44.4,Yes,DSL,11,Yes,Yes,Yes,No,No,Two Year,No,Bank Withdrawal,66.9,4370.25,No
9356-AXGMP,Male,59,No,2958,38,Yes,42.08,Yes,Fiber Optic,15,Yes,No,Yes,Yes,Yes,One Year,Yes,Bank Withdrawal,110.7,4428.6,No
3556-BVQGL,Female,21,No,4610,20,Yes,19.15,No,None,0,No,No,No,No,No,One Year,Yes,Credit Card,20,416.45,No
7581-EBBOU,Female,49,No,1273,60,Yes,38.88,Yes,DSL,2,No,Yes,Yes,Yes,Yes,One Year,Yes,Credit Card,70.15,4224.7,No
5073-RZGBK,Female,50,Yes,19050,50,Yes,49.18,Yes,DSL,76,Yes,Yes,Yes,Yes,Yes,One Year,Yes,Bank Withdrawal,80.05,4042.2,No
2192-CKRLV,Female,57,No,5889,72,No,0,Yes,DSL,15,Yes,Yes,Yes,No,Yes,Two Year,Yes,Bank Withdrawal,49.2,3580.95,No
3154-HMWUU,Male,28,No,8406,60,Yes,31.29,No,None,0,No,No,No,No,No,Two Year,Yes,Bank Withdrawal,20.5,1198.8,No
6119-SPUDB,Male,40,No,38547,46,No,0,Yes,DSL,2,Yes,No,Yes,Yes,Yes,Two Year,No,Credit Card,38.25,1755.35,No
6522-OIQSX,Female,60,Yes,751,69,No,0,Yes,Cable,56,No,Yes,Yes,No,Yes,Two Year,Yes,Credit Card,54.95,3772.5,No
8748-HFWBO,Male,49,Yes,4829,19,Yes,32.47,No,None,0,No,No,No,No,No,One Year,No,Credit Card,19.9,357.7,No
1052-QJIBV,Female,28,Yes,8525,71,Yes,20.49,No,None,0,No,No,No,No,No,Two Year,No,Credit Card,19.9,1397.3,No
1319-YLZJG,Male,62,No,350,12,Yes,39,Yes,Fiber Optic,7,Yes,Yes,Yes,No,Yes,Month-to-Month,Yes,Bank Withdrawal,84.6,959.9,No
0723-FDLAY,Male,54,No,407,44,Yes,49.57,Yes,Cable,21,No,Yes,Yes,Yes,No,One Year,Yes,Bank Withdrawal,85.25,3704.15,No
3050-RLLXC,Female,51,Yes,183,56,Yes,25.9,Yes,Cable,30,Yes,Yes,Yes,Yes,Yes,Two Year,No,Credit Card,81.25,4620.4,No
9298-WGMRW,Female,26,No,69,72,Yes,24.32,Yes,Fiber Optic,76,Yes,Yes,Yes,Yes,Yes,Two Year,Yes,Bank Withdrawal,115.5,8312.75,No
3088-LHEFH,Female,28,No,8577,11,Yes,10.06,Yes,Fiber Optic,48,Yes,No,No,No,Yes,Month-to-Month,Yes,Bank Withdrawal,79,929.3,No
8544-JNBOX,Male,31,No,31,72,Yes,23.43,No,None,0,No,No,No,No,No,Two Year,Yes,Credit Card,20.8,1521.2,No
6681-ZSEXG,Male,34,No,299,56,Yes,35.55,Yes,DSL,17,No,Yes,Yes,No,Yes,Two Year,No,Credit Card,59.5,3389.25,No
6116-RFVHN,Female,20,No,25418,34,Yes,35.29,Yes,Fiber Optic,47,No,No,Yes,No,Yes,Month-to-Month,Yes,Bank Withdrawal,100.45,3414.65,No
8884-FEEWR,Male,22,No,22028,35,Yes,42.02,No,None,0,No,No,No,No,No,One Year,No,Bank Withdrawal,20.6,754,No
3125-RAHBV,Male,24,No,15494,22,Yes,23.03,No,None,0,No,No,No,No,No,One Year,No,Credit Card,20.3,467.15,No
0373-AIVNJ,Male,34,No,16599,9,No,0,Yes,Cable,19,Yes,Yes,Yes,No,Yes,One Year,No,Credit Card,39.55,373,No
1682-VCOIO,Male,56,No,16164,23,Yes,46.17,No,None,0,No,No,No,No,No,One Year,No,Credit Card,20.45,481.1,No
2072-ZVJJX,Male,47,No,21313,68,Yes,22.83,No,None,0,No,No,No,No,No,Two Year,No,Bank Withdrawal,25.25,1728.2,No
8849-AYPTR,Male,55,No,15975,33,Yes,26.8,Yes,Fiber Optic,17,No,No,No,No,No,Month-to-Month,No,Bank Withdrawal,91.25,2964.05,No
9518-IMLHK,Male,48,No,37031,31,Yes,41.23,Yes,DSL,27,Yes,Yes,Yes,Yes,Yes,Month-to-Month,Yes,Bank Withdrawal,72.45,2156.25,No
3646-ITDGM,Female,42,No,44683,56,Yes,32.88,No,None,0,No,No,No,No,No,Two Year,No,Bank Withdrawal,19.7,1051.9,No
3569-VLDHH,Male,59,Yes,30580,66,Yes,29.5,Yes,DSL,76,Yes,Yes,Yes,Yes,Yes,One Year,Yes,Bank Withdrawal,75.1,5013,No
8224-KDLKN,Male,22,Yes,30715,72,Yes,19.04,No,None,0,No,No,No,No,No,Two Year,No,Bank Withdrawal,25,1738.9,No
4001-TSBTV,Female,49,Yes,19611,58,Yes,40.74,Yes,Fiber Optic,17,No,Yes,Yes,No,Yes,Month-to-Month,Yes,Bank Withdrawal,91.55,5511.65,No
8727-XDPUD,Male,51,No,11396,37,No,0,Yes,DSL,25,No,No,No,No,No,Two Year,No,Credit Card,35.8,1316.9,No
1043-UXOVO,Female,25,No,592,71,Yes,28.4,Yes,Fiber Optic,76,Yes,Yes,Yes,Yes,Yes,Two Year,Yes,Credit Card,113.15,7993.3,No
1064-FBXNK,Male,55,Yes,42832,1,Yes,47.46,No,None,0,No,No,No,No,No,One Year,No,Credit Card,19.85,19.85,No
2878-DHMIN,Male,63,Yes,31422,35,Yes,24.23,No,None,0,No,No,No,No,No,One Year,No,Bank Withdrawal,19.9,666,No
7762-ONLJY,Female,62,Yes,8403,6,Yes,44.13,No,None,0,No,No,No,No,No,One Year,No,Credit Card,19.7,94.45,No
5795-BKOYE,Female,47,Yes,264,69,Yes,14.48,Yes,DSL,19,No,Yes,Yes,Yes,Yes,One Year,No,Bank Withdrawal,59.1,4134.7,No
7402-PWYJJ,Female,21,No,20993,53,Yes,42.18,Yes,Fiber Optic,53,No,No,No,Yes,No,One Year,Yes,Bank Withdrawal,91.15,4862.5,No
0018-NYROU,Female,58,No,36432,5,Yes,18.65,Yes,Fiber Optic,10,No,No,No,No,Yes,Month-to-Month,Yes,Bank Withdrawal,68.95,351.5,No
7501-VTYLJ,Female,21,Yes,23362,2,Yes,18.61,Yes,DSL,27,No,Yes,No,No,Yes,Month-to-Month,No,Credit Card,51.55,106.2,No
7608-RGIRO,Male,62,Yes,38091,62,Yes,17.56,No,None,0,No,No,No,No,No,Two Year,Yes,Credit Card,24.4,1413,No
0480-BIXDE,Female,58,No,5654,19,Yes,10.68,Yes,Fiber Optic,23,No,No,Yes,No,Yes,Month-to-Month,Yes,Bank Withdrawal,96.8,1743.05,No
5895-QSXOD,Male,42,No,118,9,Yes,48.25,Yes,Fiber Optic,24,No,No,No,No,Yes,Month-to-Month,No,Credit Card,70.05,657.5,No
9814-AOUDH,Male,29,No,4796,53,Yes,24.17,No,None,0,No,No,No,No,No,Two Year,No,Credit Card,19.5,1050.5,No
6175-IRFIT,Male,32,No,626,5,Yes,32.91,Yes,Fiber Optic,24,No,No,No,No,No,Month-to-Month,No,Credit Card,78.75,426.35,No
1622-HSHSF,Female,44,No,3169,1,Yes,10.2,No,None,0,No,No,No,No,No,Month-to-Month,Yes,Credit Card,19.55,19.55,No
6749-UTDVX,Male,64,No,1237,72,Yes,10.87,Yes,Fiber Optic,16,No,Yes,Yes,No,Yes,Two Year,Yes,Bank Withdrawal,103.65,7634.8,No
5542-DHSXL,Female,36,No,303,4,Yes,6.77,Yes,Cable,3,Yes,Yes,No,No,Yes,Month-to-Month,No,Credit Card,54.7,235.05,No
9102-OXKFY,Male,35,No,632,59,Yes,49.48,Yes,Cable,9,No,No,Yes,No,Yes,Two Year,No,Credit Card,54.15,3116.15,No
7808-DVWEP,Male,51,No,35808,3,Yes,31.06,No,None,0,No,No,No,No,No,Month-to-Month,No,Bank Withdrawal,20,49.65,No
2284-VFLKH,Male,23,No,282,49,Yes,33.93,Yes,Fiber Optic,27,No,No,Yes,Yes,Yes,One Year,Yes,Credit Card,99.25,4920.8,No
0366-NQSHS,Male,42,No,7503,2,Yes,44.34,No,None,0,No,No,No,No,No,Month-to-Month,No,Credit Card,19.35,46.35,No
3807-BPOMJ,Female,59,No,614,55,Yes,24.93,Yes,Fiber Optic,17,Yes,No,No,No,Yes,One Year,Yes,Bank Withdrawal,94.75,5276.1,No
3892-NXAZG,Male,56,Yes,404,72,Yes,5.81,Yes,Fiber Optic,29,Yes,Yes,Yes,Yes,Yes,Two Year,Yes,Credit Card,114.05,8289.2,No
4182-BGSIQ,Female,46,Yes,3524,10,Yes,19.05,No,None,0,No,No,No,No,No,Month-to-Month,Yes,Bank Withdrawal,19.8,196.75,No
0988-AADSA,Female,40,Yes,452,72,Yes,9.72,Yes,Cable,15,Yes,Yes,Yes,Yes,No,Two Year,No,Bank Withdrawal,80.85,5824.75,No
9972-NKTFD,Female,55,No,1351,28,Yes,25.59,Yes,Cable,7,No,Yes,No,Yes,Yes,Month-to-Month,No,Bank Withdrawal,54.65,1517.5,No
3717-LNXKW,Male,36,No,1454,38,Yes,12.71,Yes,Fiber Optic,9,Yes,No,No,No,Yes,Month-to-Month,No,Bank Withdrawal,91.7,3479.05,No
5734-EJKXG,Female,25,No,76,61,Yes,38.78,Yes,Fiber Optic,42,Yes,Yes,Yes,Yes,Yes,One Year,Yes,Bank Withdrawal,118.6,7365.7,No
2207-RYYRL,Male,34,Yes,23990,52,Yes,29.55,No,None,0,No,No,No,No,No,Two Year,No,Credit Card,24.55,1331.05,No
6729-FZWSY,Male,45,No,9752,67,Yes,9.05,No,None,0,No,No,No,No,No,One Year,Yes,Credit Card,19.45,1195.95,No
9695-IDRZR,Female,26,Yes,2064,34,Yes,27.47,Yes,Fiber Optic,51,Yes,Yes,Yes,Yes,Yes,Two Year,Yes,Credit Card,116.15,3946.9,No
8144-DGHXP,Female,46,No,9763,54,Yes,36.68,Yes,DSL,28,Yes,No,Yes,Yes,No,Two Year,No,Bank Withdrawal,80.6,4299.95,No
7814-LEEVE,Female,60,No,17922,1,Yes,6.64,No,None,0,No,No,No,No,No,Month-to-Month,Yes,Bank Withdrawal,20.3,20.3,No
8631-WUXGY,Female,26,Yes,11168,46,Yes,17.51,Yes,Fiber Optic,85,No,Yes,Yes,No,Yes,Month-to-Month,Yes,Bank Withdrawal,99.8,4391.25,No
5906-DVAPM,Female,27,Yes,776,55,Yes,33.5,Yes,DSL,51,Yes,Yes,No,Yes,Yes,One Year,Yes,Credit Card,75,4213.9,No
6654-QGBZZ,Female,21,No,17269,1,Yes,1.5,No,None,0,No,No,No,No,No,Month-to-Month,No,Credit Card,19.9,19.9,No
5641-DMBFJ,Female,29,No,1519,58,Yes,31.27,Yes,DSL,59,Yes,No,Yes,Yes,Yes,Two Year,Yes,Bank Withdrawal,84.3,4916.4,No
9200-NLNPD,Male,20,No,13706,56,No,0,Yes,DSL,30,No,No,Yes,Yes,No,One Year,Yes,Bank Withdrawal,54.05,2959.8,No
2664-XJZNO,Male,43,Yes,17782,72,Yes,6.95,Yes,Fiber Optic,57,Yes,No,Yes,Yes,Yes,Two Year,Yes,Credit Card,104.9,7559.55,No
0921-OHLVP,Male,35,No,28318,22,Yes,11.46,Yes,Fiber Optic,16,No,No,No,No,Yes,Month-to-Month,No,Bank Withdrawal,83.05,1799.3,No
8350-NYMVI,Female,35,No,26971,39,No,0,Yes,DSL,8,No,Yes,Yes,Yes,Yes,Month-to-Month,No,Bank Withdrawal,41.1,1597.05,No
1600-DILPE,Female,47,No,74,12,Yes,36.11,Yes,DSL,13,No,No,No,No,Yes,Month-to-Month,Yes,Bank Withdrawal,45,524.35,No
0536-ESJEP,Male,48,No,1601,54,Yes,14.18,Yes,DSL,25,Yes,Yes,No,No,Yes,Two Year,Yes,Bank Withdrawal,74.55,4191.45,No
4654-GGUII,Female,28,No,963,18,No,0,Yes,DSL,48,Yes,Yes,No,Yes,No,One Year,Yes,Credit Card,40.2,711.95,No
6478-HRRCZ,Male,47,No,28,32,Yes,44.45,Yes,DSL,6,Yes,Yes,No,Yes,Yes,One Year,No,Credit Card,70.5,2201.75,No
8510-BBWMU,Female,40,No,844,41,Yes,37.46,No,None,0,No,No,No,No,No,One Year,Yes,Credit Card,19.75,806.95,No
6857-TKDJV,Male,60,Yes,101,67,Yes,14.41,No,None,0,No,No,No,No,No,Two Year,No,Bank Withdrawal,24.65,1620.45,No
2360-RDGRO,Male,48,No,3193,65,Yes,41.2,Yes,Fiber Optic,10,Yes,No,Yes,No,Yes,Month-to-Month,Yes,Bank Withdrawal,104.25,6812.95,No
0584-BJQGZ,Female,19,No,513,25,Yes,28.05,Yes,Cable,85,Yes,Yes,Yes,Yes,Yes,Month-to-Month,Yes,Bank Withdrawal,78.35,1837.9,No
1360-XFJMR,Female,50,No,145,67,Yes,17.72,Yes,Fiber Optic,23,No,Yes,Yes,Yes,Yes,One Year,Yes,Credit Card,109.7,7344.45,No
9058-MJLZC,Female,37,No,34967,24,Yes,35.56,Yes,Fiber Optic,3,Yes,No,No,No,Yes,Month-to-Month,Yes,Bank Withdrawal,94.6,2283.15,No
0902-XKXPN,Male,29,Yes,31586,69,Yes,23.55,No,None,0,No,No,No,No,No,Two Year,No,Bank Withdrawal,20.2,1376.5,No
5177-RVZNU,Female,28,Yes,30338,37,Yes,10.23,No,None,0,No,No,No,No,No,One Year,No,Bank Withdrawal,20.3,755.4,No
0056-EPFBG,Male,33,Yes,41476,20,No,0,Yes,Cable,22,Yes,No,Yes,Yes,Yes,Two Year,Yes,Credit Card,39.4,825.4,No
8993-IZEUX,Male,54,No,615,7,Yes,21.12,Yes,Fiber Optic,7,No,No,No,No,Yes,Month-to-Month,No,Bank Withdrawal,69.15,488.65,No
8190-ZTQFB,Male,50,No,595,41,No,0,Yes,Cable,8,No,No,Yes,No,No,One Year,Yes,Bank Withdrawal,51.35,2075.1,No
0931-MHTEM,Female,36,No,269,54,Yes,34.27,Yes,Fiber Optic,20,Yes,Yes,No,No,Yes,One Year,Yes,Credit Card,100.05,5299.65,No
0440-UEDAI,Female,59,No,290,53,Yes,33.88,Yes,Fiber Optic,6,No,Yes,Yes,Yes,Yes,One Year,Yes,Credit Card,94.45,5042.75,No
1337-BOZWO,Male,25,Yes,417,18,No,0,Yes,DSL,59,No,Yes,Yes,No,Yes,One Year,No,Credit Card,46.4,812.4,No
0868-VJRDR,Male,61,No,344,64,Yes,4.76,Yes,Fiber Optic,8,Yes,Yes,No,Yes,Yes,Two Year,Yes,Credit Card,104.05,6605.55,No
6344-SFJVH,Female,41,No,6277,20,No,0,Yes,DSL,21,No,No,No,No,Yes,Month-to-Month,No,Credit Card,24.9,505.95,No
3950-VPYJB,Male,37,Yes,2664,57,Yes,14.55,Yes,DSL,58,Yes,Yes,No,Yes,No,One Year,No,Credit Card,59.6,3509.4,No
7321-ZNSLA,Male,58,Yes,12348,13,No,0,Yes,DSL,57,Yes,Yes,No,Yes,Yes,Two Year,No,Credit Card,40.55,590.35,No
8727-JQFHV,Male,60,Yes,2602,57,Yes,29.64,No,None,0,No,No,No,No,No,Two Year,No,Credit Card,20.75,1123.15,No
9475-NNDGC,Male,50,No,2156,71,Yes,27.16,Yes,Fiber Optic,3,No,Yes,Yes,Yes,Yes,One Year,Yes,Bank Withdrawal,113.15,7953.25,No
1355-KUSBG,Female,56,Yes,1902,7,Yes,9.1,Yes,DSL,28,No,No,No,No,Yes,Month-to-Month,No,Bank Withdrawal,48.8,349.8,No
3688-FTHLT,Female,56,No,84,16,Yes,42.73,Yes,DSL,23,No,No,No,No,No,Month-to-Month,Yes,Bank Withdrawal,63.05,1067.05,No
0899-LIIBW,Male,21,No,170,34,Yes,33.55,Yes,Fiber Optic,41,No,No,Yes,No,Yes,Month-to-Month,No,Bank Withdrawal,100.85,3527.3,No
1384-RCUXW,Male,58,No,373,16,Yes,34.18,Yes,Fiber Optic,8,No,Yes,No,No,Yes,Month-to-Month,Yes,Credit Card,80.55,1248.9,No
5825-XJOCM,Male,39,Yes,392,48,Yes,26.24,Yes,Cable,53,Yes,Yes,Yes,No,Yes,One Year,Yes,Bank Withdrawal,64.4,3035.35,No
6848-YLDFR,Male,54,Yes,3357,58,Yes,35.35,Yes,DSL,29,No,Yes,No,Yes,Yes,One Year,Yes,Credit Card,75.2,4300.8,No
8125-QPFJD,Female,36,No,295,72,Yes,1.34,Yes,DSL,19,Yes,No,Yes,Yes,Yes,Two Year,Yes,Bank Withdrawal,84.9,6065.3,No
2320-YKQBO,Female,51,No,616,7,Yes,7.32,No,None,0,No,No,No,No,No,Month-to-Month,No,Credit Card,19.3,144.95,No
4973-RLZVI,Female,52,No,1026,30,Yes,4.22,Yes,DSL,13,Yes,Yes,Yes,Yes,No,One Year,No,Credit Card,74.65,2308.6,No
7869-ZYDST,Male,33,No,268,31,Yes,28.72,Yes,Cable,21,No,No,No,No,Yes,Month-to-Month,Yes,Credit Card,59.05,1882.8,No
1215-EXRMO,Male,32,No,734,50,Yes,46.91,No,None,0,No,No,No,No,No,Two Year,No,Credit Card,20.55,1067.65,No
2305-MRGLV,Male,31,No,482,28,Yes,21.91,Yes,Fiber Optic,5,No,No,No,Yes,Yes,Month-to-Month,No,Bank Withdrawal,76.55,2065.4,No
8404-VIOMB,Female,52,No,1236,66,No,0,Yes,DSL,15,Yes,Yes,Yes,Yes,Yes,Two Year,Yes,Bank Withdrawal,62.5,4136.4,No
2359-KLTEK,Female,25,Yes,386,41,Yes,43.19,Yes,Fiber Optic,59,No,No,Yes,No,Yes,Month-to-Month,Yes,Bank Withdrawal,94.9,3848,No
2673-ZALNP,Female,29,No,1554,7,Yes,16.2,No,None,0,No,No,No,No,No,One Year,No,Credit Card,19.9,173.15,No
9184-GALIL,Female,26,Yes,1586,38,Yes,2.86,No,None,0,No,No,No,No,No,Month-to-Month,No,Credit Card,20.45,781.25,No
4393-RYCRE,Male,25,No,816,44,Yes,38.33,Yes,Fiber Optic,41,Yes,Yes,Yes,No,Yes,One Year,Yes,Bank Withdrawal,106.05,4510.8,No
9746-MDMBK,Male,58,Yes,598,47,Yes,9.19,Yes,Fiber Optic,19,Yes,Yes,Yes,Yes,Yes,One Year,Yes,Bank Withdrawal,113.45,5317.8,No
3162-ZJZFU,Male,25,Yes,78,53,Yes,24.33,Yes,Fiber Optic,52,No,Yes,No,Yes,Yes,Month-to-Month,Yes,Bank Withdrawal,92.55,4779.45,No
8404-GFGCZ,Male,49,No,830,4,Yes,10.13,Yes,DSL,3,No,No,Yes,No,Yes,Month-to-Month,No,Bank Withdrawal,65.6,250.1,No
3521-MNKLV,Male,25,No,240,24,Yes,38.68,Yes,DSL,73,No,No,Yes,No,Yes,Month-to-Month,Yes,Credit Card,49.7,1167.8,No
2533-TIBIX,Male,59,Yes,829,15,No,0,Yes,Cable,16,Yes,No,No,No,Yes,Month-to-Month,Yes,Bank Withdrawal,30.2,469.65,No
5092-STPKP,Female,45,No,215,24,Yes,30.18,Yes,DSL,4,Yes,No,No,Yes,Yes,Month-to-Month,No,Credit Card,56.35,1381.2,No
0114-PEGZZ,Female,39,No,459,33,Yes,49.69,Yes,Fiber Optic,12,No,Yes,Yes,No,Yes,Month-to-Month,No,Bank Withdrawal,107.55,3645.5,No
3359-DSRKA,Female,48,Yes,88,58,Yes,11.81,No,None,0,No,No,No,No,No,Two Year,Yes,Credit Card,19.85,1158.85,No
8639-NHQEI,Female,26,Yes,332,72,Yes,11.85,Yes,Fiber Optic,59,Yes,Yes,No,No,Yes,Two Year,Yes,Bank Withdrawal,95.9,6954.15,No
7161-DFHUF,Female,55,No,528,71,Yes,21.19,No,None,0,No,No,No,No,No,Two Year,No,Credit Card,23.85,1672.1,No
3720-DBRWL,Male,20,No,405,51,Yes,6.89,Yes,Cable,41,Yes,Yes,Yes,Yes,Yes,Two Year,Yes,Credit Card,83.85,4307.1,No
4994-OBRSZ,Male,24,Yes,5896,14,Yes,36.73,Yes,Cable,52,Yes,Yes,Yes,Yes,Yes,Two Year,No,Bank Withdrawal,76.1,1054.8,No
0562-FGDCR,Female,61,Yes,843,72,Yes,21.84,Yes,DSL,30,Yes,Yes,No,Yes,Yes,Two Year,No,Credit Card,74.55,5430.65,No
2436-QBZFP,Female,53,Yes,9538,22,No,0,Yes,DSL,19,No,Yes,No,No,No,Month-to-Month,No,Bank Withdrawal,39.2,849.9,No
3420-YJLQT,Female,45,No,5096,2,Yes,25.56,Yes,Fiber Optic,6,No,Yes,No,No,Yes,Month-to-Month,No,Bank Withdrawal,79.55,151.75,No
6040-CGACY,Female,48,No,1839,15,Yes,39.87,No,None,0,No,No,No,No,No,Month-to-Month,No,Credit Card,19.6,299.4,No
6582-PLFUU,Male,40,Yes,857,51,Yes,28.96,No,None,0,No,No,No,No,No,Two Year,No,Credit Card,19.55,1086.75,No
8242-PDSGJ,Male,47,No,650,70,No,0,Yes,DSL,18,Yes,No,Yes,Yes,Yes,Two Year,Yes,Credit Card,39.15,2692.75,No
0264-CNITK,Female,45,Yes,88,71,Yes,31.03,No,None,0,No,No,No,No,No,Two Year,No,Bank Withdrawal,20.1,1389.6,No
0089-IIQKO,Female,35,Yes,1332,39,Yes,24.38,Yes,Fiber Optic,53,No,No,No,Yes,Yes,Month-to-Month,Yes,Credit Card,99.95,3767.4,No
7839-NUIAA,Female,27,Yes,104,61,Yes,26.7,Yes,DSL,30,Yes,Yes,No,No,No,Month-to-Month,No,Bank Withdrawal,59.8,3641.5,No
6075-QMNRR,Female,33,No,1177,52,Yes,38.93,Yes,DSL,8,Yes,No,No,No,Yes,Month-to-Month,Yes,Bank Withdrawal,49.75,2535.55,No
5966-EMAZU,Male,27,No,231,64,Yes,4.01,Yes,Fiber Optic,71,Yes,No,Yes,Yes,Yes,One Year,Yes,Credit Card,108.5,6880.85,No
0440-EKDCF,Male,47,No,946,62,Yes,33.7,Yes,Cable,15,No,Yes,Yes,Yes,Yes,Two Year,Yes,Credit Card,60.15,3753.2,No
4774-HHGGS,Male,64,No,3093,30,Yes,11.38,No,None,0,No,No,No,No,No,Two Year,No,Credit Card,19.05,637.55,No
8180-AKMJV,Female,27,No,385,1,Yes,23.04,Yes,Cable,82,No,No,No,No,Yes,Month-to-Month,Yes,Credit Card,44.55,44.55,No
4298-OYIFC,Male,59,No,1822,15,Yes,18.6,Yes,Fiber Optic,13,No,No,Yes,Yes,No,Month-to-Month,Yes,Bank Withdrawal,103.45,1539.8,No
5566-SOEZD,Male,47,Yes,85,27,Yes,15.71,Yes,Fiber Optic,53,Yes,Yes,No,No,Yes,One Year,Yes,Credit Card,80.65,2209.75,No
9842-EFSYY,Female,31,Yes,957,4,No,0,Yes,Cable,52,Yes,Yes,Yes,No,Yes,Month-to-Month,Yes,Credit Card,57.2,223.75,No
2272-WUSPA,Female,48,No,481,72,Yes,39.74,Yes,Fiber Optic,5,Yes,Yes,Yes,No,Yes,Two Year,Yes,Bank Withdrawal,110.75,7751.7,No
0930-EHUZA,Female,33,No,322,36,Yes,44.87,Yes,Cable,8,Yes,Yes,Yes,Yes,Yes,One Year,Yes,Credit Card,76.35,2606.35,No
9975-SKRNR,Male,24,No,227,1,Yes,49.51,No,None,0,No,No,No,No,No,Month-to-Month,No,Credit Card,18.9,18.9,No
4973-MGTON,Female,33,No,116,71,Yes,3.09,Yes,DSL,26,Yes,Yes,Yes,Yes,Yes,Two Year,Yes,Credit Card,84.4,5969.3,No
3682-YEUWS,Male,27,Yes,2595,10,Yes,4.16,No,None,0,No,No,No,No,No,Month-to-Month,Yes,Credit Card,24.4,253.9,No
1223-UNPKS,Male,55,Yes,162,20,Yes,3.87,No,None,0,No,No,No,No,No,Two Year,No,Credit Card,20.05,400,No
3446-QDSZF,Female,57,No,858,4,Yes,38.96,Yes,DSL,10,No,No,No,No,Yes,Month-to-Month,No,Credit Card,55.5,227.35,No
7379-FNIUJ,Male,49,No,942,2,Yes,22.56,Yes,Fiber Optic,15,Yes,Yes,No,No,No,Month-to-Month,No,Bank Withdrawal,100.2,198.5,No
1627-AFWVJ,Female,30,No,678,29,Yes,15.06,No,None,0,No,No,No,No,No,Two Year,No,Credit Card,19.4,554.25,No
4486-EFAEB,Male,56,No,44586,13,Yes,46.92,No,None,0,No,No,No,No,No,Month-to-Month,Yes,Bank Withdrawal,20.4,251.65,No
0060-FUALY,Female,60,No,58198,59,Yes,16.39,Yes,Fiber Optic,14,Yes,Yes,No,No,Yes,Month-to-Month,Yes,Bank Withdrawal,94.75,5597.65,No
6954-OOYZZ,Male,41,No,62784,18,Yes,45.92,Yes,DSL,17,No,No,No,No,Yes,Month-to-Month,Yes,Bank Withdrawal,44.35,768.05,No
7088-FBAWU,Female,22,Yes,45025,17,Yes,44.9,Yes,DSL,47,Yes,Yes,No,No,Yes,Month-to-Month,No,Credit Card,74.55,1215.8,No
8313-AFGBW,Male,55,No,30852,47,Yes,14.14,Yes,DSL,28,No,Yes,Yes,No,Yes,Two Year,No,Bank Withdrawal,73.6,3522.65,No
3097-IDVPU,Male,51,Yes,30596,19,Yes,9.47,Yes,DSL,13,No,No,No,No,No,Month-to-Month,No,Credit Card,50.1,910.45,No
2303-PJYHN,Female,27,No,15140,2,Yes,36.05,No,None,0,No,No,No,No,No,Month-to-Month,No,Bank Withdrawal,19.85,52,No
9795-VOWON,Male,23,No,46984,7,No,0,Yes,Cable,48,No,No,No,No,Yes,One Year,Yes,Credit Card,24.35,150.85,No
1237-WIYYZ,Female,49,No,20692,18,Yes,10.67,No,None,0,No,No,No,No,No,Month-to-Month,Yes,Credit Card,19.55,389.25,No
1987-AUELQ,Female,46,No,47143,71,Yes,44.84,No,None,0,No,No,No,No,No,Two Year,No,Credit Card,25.05,1873.7,No
4822-LPTYJ,Male,38,No,3012,72,Yes,16.5,Yes,Fiber Optic,22,No,Yes,Yes,No,No,Two Year,Yes,Bank Withdrawal,103.75,7346.2,No
8165-CBKXO,Male,35,Yes,68701,66,No,0,Yes,Cable,25,No,Yes,Yes,No,Yes,Two Year,Yes,Credit Card,56.75,3708.4,No
6527-PZFPV,Male,19,Yes,47487,24,Yes,25.84,No,None,0,No,No,No,No,No,One Year,Yes,Credit Card,20.8,469.65,No
9593-CVZKR,Female,20,Yes,41175,56,Yes,31.53,No,None,0,No,No,No,No,No,Two Year,Yes,Credit Card,24.45,1385.85,No
5236-XMZJY,Female,27,No,38415,42,Yes,22.08,Yes,Cable,26,Yes,Yes,Yes,No,Yes,Month-to-Month,No,Bank Withdrawal,59.65,2536.55,No
4827-DPADN,Female,28,Yes,46960,72,Yes,24.48,Yes,Cable,69,Yes,No,Yes,Yes,No,Two Year,Yes,Bank Withdrawal,83.3,6042.7,No
2694-CIUMO,Female,47,No,49431,12,Yes,21.93,Yes,Fiber Optic,16,No,No,No,Yes,Yes,Month-to-Month,Yes,Credit Card,79.55,958.25,No
5846-ABOBJ,Male,24,No,58218,71,Yes,33.61,No,None,0,No,No,No,No,No,Two Year,No,Bank Withdrawal,24.45,1730.65,No
1439-LCGVL,Female,42,No,27799,26,Yes,1.75,No,None,0,No,No,No,No,No,One Year,No,Credit Card,19.2,459.6,No
0909-SDHNU,Female,33,Yes,32901,7,No,0,Yes,Cable,19,Yes,No,No,No,Yes,Month-to-Month,No,Credit Card,29.8,201.95,No
4647-XXZAM,Female,41,Yes,56709,6,Yes,29.41,Yes,DSL,29,No,No,No,No,Yes,Month-to-Month,No,Credit Card,45.5,285.2,No
7740-KKCXF,Male,61,No,29310,51,No,0,Yes,DSL,6,No,Yes,No,No,Yes,Month-to-Month,Yes,Credit Card,30.05,1529.45,No
5360-XGYAZ,Male,32,Yes,9805,72,No,0,Yes,DSL,16,Yes,Yes,Yes,Yes,No,Two Year,Yes,Bank Withdrawal,65.65,4664.5,No
3557-HTYWR,Female,56,No,44764,47,Yes,45.67,Yes,DSL,3,Yes,Yes,No,Yes,Yes,Two Year,No,Credit Card,74.05,3496.3,No
1699-TLDLZ,Female,44,Yes,49839,16,Yes,7.14,No,None,0,No,No,No,No,No,Two Year,No,Credit Card,19.7,301.55,No
5600-PDUJF,Male,60,No,47107,6,Yes,26.76,Yes,DSL,22,No,No,No,Yes,Yes,Month-to-Month,Yes,Credit Card,49.5,312.7,No
0567-XRHCU,Female,19,Yes,33523,69,No,0,Yes,DSL,59,Yes,No,Yes,No,Yes,Two Year,Yes,Credit Card,43.95,2960.1,No
2067-QYTCF,Female,41,No,44004,64,Yes,8.6,Yes,Fiber Optic,21,No,Yes,Yes,Yes,Yes,Month-to-Month,Yes,Bank Withdrawal,111.15,6953.4,No
7407-SUJIZ,Male,33,No,24511,25,Yes,13.36,No,None,0,No,No,No,No,No,Month-to-Month,No,Credit Card,20.6,541.5,No
9150-KPBJQ,Female,43,No,29299,6,Yes,29.09,No,None,0,No,No,No,No,No,Two Year,No,Credit Card,19.65,116.85,No
0052-DCKON,Male,28,No,55668,66,Yes,43.77,Yes,Fiber Optic,41,Yes,Yes,Yes,Yes,Yes,One Year,No,Bank Withdrawal,115.8,7942.15,No
3654-ARMGP,Female,60,No,24505,61,Yes,19.58,Yes,DSL,22,No,Yes,Yes,Yes,Yes,Two Year,No,Credit Card,88.65,5321.25,No
9367-TCUYN,Female,25,No,55204,12,Yes,8.82,No,None,0,No,No,No,No,No,Month-to-Month,No,Credit Card,20.1,223.6,No
0708-SJDIS,Female,32,No,20408,34,Yes,45.28,Yes,Cable,27,No,No,No,Yes,Yes,Month-to-Month,No,Credit Card,65,2157.5,No
2073-QBVBI,Female,59,No,10470,41,No,0,Yes,Cable,17,No,Yes,No,Yes,Yes,One Year,No,Credit Card,35.45,1391.65,No
6928-ONTRW,Female,53,Yes,105285,72,Yes,48.04,No,None,0,No,No,No,No,No,Two Year,No,Credit Card,19.7,1379.8,No
5231-FIQPA,Female,53,No,8321,41,Yes,2.32,No,None,0,No,No,No,No,No,Two Year,Yes,Credit Card,19.85,810.45,No
6617-WLBQC,Female,51,Yes,11355,23,Yes,5.7,Yes,Fiber Optic,30,Yes,No,No,No,Yes,One Year,No,Credit Card,81.85,1810.85,No
2599-CIPQE,Male,36,Yes,47305,71,Yes,28.47,Yes,Fiber Optic,57,Yes,Yes,Yes,Yes,No,Two Year,No,Credit Card,109.3,7782.85,No
8774-GSBUN,Male,40,No,29825,72,Yes,4.15,No,None,0,No,No,No,No,No,Two Year,No,Credit Card,25.4,1797.1,No
7326-RIGQZ,Male,48,Yes,31963,6,Yes,38.5,Yes,Fiber Optic,20,No,No,No,No,Yes,Month-to-Month,Yes,Bank Withdrawal,69.8,377.85,No
1401-FTHFQ,Male,64,Yes,15195,23,Yes,24.22,No,None,0,No,No,No,No,No,One Year,Yes,Credit Card,20,445.3,No
0254-FNMCI,Female,19,No,40152,72,Yes,41.91,Yes,Fiber Optic,73,Yes,Yes,Yes,Yes,Yes,Two Year,Yes,Bank Withdrawal,109.9,7624.2,No
1848-LBZHY,Female,19,No,42459,7,Yes,33.24,Yes,DSL,53,Yes,No,No,No,Yes,Month-to-Month,Yes,Bank Withdrawal,50.3,355.1,No
8118-TJAFG,Male,33,Yes,47758,9,Yes,36.94,Yes,Fiber Optic,16,No,Yes,No,Yes,Yes,Month-to-Month,Yes,Bank Withdrawal,101.5,906.85,No
5429-LWCMV,Female,52,No,9960,12,Yes,34.73,Yes,Fiber Optic,6,No,Yes,No,No,No,Month-to-Month,Yes,Bank Withdrawal,89.15,1057.55,No
7298-IZWLY,Female,43,No,26442,1,Yes,23.97,No,None,0,No,No,No,No,No,Month-to-Month,Yes,Credit Card,19.4,19.4,No
3955-JBZZM,Male,45,No,18693,20,Yes,45.39,Yes,Fiber Optic,24,No,No,No,No,Yes,Month-to-Month,No,Bank Withdrawal,78.8,1641.3,No
4815-TUMEQ,Female,25,No,69850,10,Yes,45.42,No,None,0,No,No,No,No,No,One Year,Yes,Credit Card,19.3,185.2,No
9909-IDLEK,Male,32,Yes,19630,20,Yes,42.06,Yes,Fiber Optic,23,No,Yes,No,Yes,Yes,Month-to-Month,No,Credit Card,96.8,1826.7,No
4092-OFQZS,Male,27,No,33758,20,Yes,46.47,No,None,0,No,No,No,No,No,One Year,No,Credit Card,20.65,417.5,No
1561-BWHIN,Male,33,Yes,28094,19,Yes,13.13,No,None,0,No,No,No,No,No,One Year,No,Credit Card,19.8,344.5,No
9927-DSWDF,Male,53,No,24979,22,Yes,49.66,Yes,Fiber Optic,3,Yes,Yes,No,Yes,Yes,Month-to-Month,Yes,Bank Withdrawal,104.6,2180.55,No
9500-LTVBP,Female,63,No,41263,35,Yes,13.14,Yes,Fiber Optic,6,No,No,No,Yes,Yes,Month-to-Month,No,Credit Card,80.05,2835.9,No
7252-NTGSS,Female,43,No,34191,1,Yes,42.34,Yes,DSL,10,No,No,No,No,Yes,Month-to-Month,No,Credit Card,45.15,45.15,No
8149-AIQCG,Male,43,No,37322,39,Yes,8.69,Yes,Fiber Optic,24,No,No,No,No,Yes,Month-to-Month,Yes,Credit Card,73.15,2730.85,No
0899-WZRSD,Male,31,No,18058,56,Yes,37.99,Yes,Fiber Optic,24,Yes,No,No,Yes,Yes,Month-to-Month,Yes,Credit Card,105.35,5794.45,No
3255-GRXMG,Male,58,Yes,11264,18,Yes,34.07,Yes,DSL,28,No,No,No,No,No,Month-to-Month,Yes,Credit Card,45.65,747.2,No
4828-FAZPK,Female,30,Yes,37527,16,Yes,49.85,Yes,Fiber Optic,69,No,Yes,No,No,Yes,Month-to-Month,Yes,Credit Card,79.95,1267.95,No
6094-ZIVKX,Female,45,No,30779,68,Yes,17.41,Yes,Cable,27,Yes,No,Yes,No,Yes,One Year,Yes,Credit Card,54.45,3674.95,No
3262-EIDHV,Female,46,Yes,28680,72,Yes,24.9,Yes,DSL,19,Yes,No,Yes,Yes,Yes,Two Year,No,Credit Card,84.7,5893.9,No
7354-OIJLX,Male,52,No,13779,9,Yes,7.32,Yes,Fiber Optic,11,No,No,No,No,Yes,Month-to-Month,Yes,Bank Withdrawal,75.85,724.65,No
1376-HHBDV,Female,37,No,5221,30,Yes,10.74,Yes,DSL,13,Yes,No,No,No,Yes,Month-to-Month,Yes,Credit Card,48.8,1536.75,No
6133-OZILE,Female,45,No,23559,18,No,0,Yes,DSL,11,No,No,Yes,Yes,No,Month-to-Month,Yes,Bank Withdrawal,35.2,607.3,No
7191-ADRGF,Male,63,No,31678,44,No,0,Yes,Cable,18,No,Yes,Yes,No,Yes,Two Year,No,Bank Withdrawal,54.3,2390.45,No
5018-LXQQG,Female,47,Yes,34873,30,Yes,16.48,Yes,DSL,17,Yes,No,No,Yes,Yes,Month-to-Month,No,Bank Withdrawal,66.3,1923.5,No
6892-BOGQE,Female,44,No,32050,71,Yes,14.91,No,None,0,No,No,No,No,No,Two Year,Yes,Bank Withdrawal,20.9,1493.2,No
1746-TGTWV,Male,32,No,37887,1,Yes,38.89,Yes,Fiber Optic,9,No,No,Yes,No,Yes,Month-to-Month,No,Credit Card,75.35,75.35,No
8050-WYBND,Female,55,Yes,32148,22,No,0,Yes,DSL,29,No,No,Yes,No,Yes,One Year,Yes,Credit Card,49.45,1031.4,No
2821-WARNZ,Female,25,Yes,44442,49,Yes,45.64,No,None,0,No,No,No,No,No,One Year,No,Credit Card,19.45,921.3,No
4879-GZLFH,Female,33,Yes,33528,42,Yes,17.75,Yes,Fiber Optic,53,No,No,Yes,No,Yes,Month-to-Month,Yes,Bank Withdrawal,92.15,3875.4,No
8314-HTWVE,Female,38,Yes,47344,7,Yes,35.26,No,None,0,No,No,No,No,No,Two Year,No,Credit Card,19.85,144.15,No
9402-ROUMJ,Female,52,Yes,67354,67,Yes,3.04,Yes,Fiber Optic,30,Yes,No,Yes,Yes,Yes,One Year,Yes,Bank Withdrawal,100.25,6689,No
2507-QZPQS,Male,24,No,47568,15,Yes,9.97,Yes,Fiber Optic,47,No,Yes,No,Yes,Yes,Month-to-Month,No,Bank Withdrawal,95.7,1451.1,No
7159-NOKYQ,Male,42,No,62425,67,Yes,17.4,Yes,Fiber Optic,11,No,Yes,Yes,No,No,Two Year,Yes,Bank Withdrawal,93.15,6368.2,No
5707-ZMDJP,Male,61,Yes,103214,53,Yes,31.69,Yes,DSL,16,Yes,Yes,No,Yes,Yes,Two Year,Yes,Credit Card,69.7,3729.6,No
8779-YIQQA,Male,38,Yes,63288,21,Yes,18,No,None,0,No,No,No,No,No,One Year,No,Credit Card,19.8,350.1,No
7136-IHZJA,Female,30,Yes,16271,40,Yes,29.14,Yes,DSL,48,Yes,Yes,No,Yes,Yes,Month-to-Month,Yes,Credit Card,71.35,2847.2,No
8966-OIQHG,Female,49,Yes,29694,22,Yes,45.35,No,None,0,No,No,No,No,No,One Year,No,Bank Withdrawal,20.75,452.35,No
7074-STDCN,Male,25,No,16398,39,No,0,Yes,Cable,26,No,No,No,Yes,Yes,Month-to-Month,Yes,Bank Withdrawal,40.6,1494.5,No
8739-QOTTN,Female,35,No,3699,2,Yes,5.42,No,None,0,No,No,No,No,No,Month-to-Month,No,Credit Card,20.35,41.85,No
1399-OUPJN,Female,43,Yes,72893,57,Yes,12.26,No,None,0,No,No,No,No,No,Two Year,No,Bank Withdrawal,19.75,1272.05,No
0277-BKSQP,Male,49,Yes,24660,8,Yes,1.56,Yes,DSL,57,No,No,No,No,Yes,Month-to-Month,Yes,Bank Withdrawal,54.4,475.1,No
5774-XZTQC,Female,30,Yes,20890,7,Yes,5.84,No,None,0,No,No,No,No,No,Month-to-Month,No,Credit Card,20.45,150.75,No
2676-SSLTO,Male,49,No,14852,49,Yes,17.77,Yes,DSL,13,No,No,No,Yes,Yes,Two Year,Yes,Bank Withdrawal,66.15,3199,No
6266-QHOJZ,Female,47,No,21065,65,Yes,38.33,Yes,Fiber Optic,7,Yes,Yes,No,Yes,Yes,One Year,Yes,Bank Withdrawal,89.85,5844.65,No
7269-JISCY,Female,48,No,21343,55,Yes,33.6,Yes,DSL,5,No,No,No,No,Yes,One Year,No,Bank Withdrawal,45.05,2462.6,No
0363-SVHYR,Male,28,Yes,55306,71,Yes,10.11,Yes,DSL,59,Yes,Yes,Yes,Yes,Yes,Two Year,No,Bank Withdrawal,86.85,6263.8,No
8547-NSBBO,Male,62,No,58639,35,Yes,39.87,Yes,Fiber Optic,23,Yes,Yes,Yes,Yes,No,Month-to-Month,Yes,Credit Card,96.75,3403.4,No
6591-QGOYB,Male,29,No,174,17,Yes,38.78,Yes,Fiber Optic,59,Yes,Yes,Yes,Yes,Yes,Month-to-Month,Yes,Bank Withdrawal,106.65,1672.1,No
9070-BCKQP,Female,20,No,53323,72,Yes,23.7,Yes,Fiber Optic,85,Yes,No,Yes,Yes,Yes,Two Year,Yes,Credit Card,110.15,7881.2,No
6421-SZVEM,Female,30,Yes,55486,28,Yes,16.13,Yes,Fiber Optic,69,Yes,No,No,No,Yes,One Year,Yes,Bank Withdrawal,82.85,2320.8,No
1328-EUZHC,Female,59,No,25566,18,Yes,25.54,No,None,0,No,No,No,No,No,Two Year,No,Credit Card,20.1,370.5,No
8878-RYUKI,Female,30,No,31352,52,Yes,9.37,Yes,DSL,59,No,No,Yes,No,Yes,Month-to-Month,Yes,Bank Withdrawal,59.45,3043.7,No
9633-DENPU,Female,53,No,43467,47,Yes,3.2,Yes,Cable,18,No,Yes,No,No,Yes,Month-to-Month,Yes,Bank Withdrawal,58.6,2723.4,No
7811-JIVPF,Female,44,No,91664,23,Yes,42.26,Yes,Cable,2,No,No,Yes,No,No,Month-to-Month,No,Credit Card,49.7,1081.25,No
7113-HIPFI,Male,59,Yes,49647,66,Yes,26.91,Yes,Cable,30,Yes,Yes,Yes,Yes,Yes,Two Year,No,Credit Card,65.85,4097.05,No
8541-QVFKM,Female,22,No,31556,8,Yes,17.3,Yes,Fiber Optic,41,No,No,No,No,Yes,Month-to-Month,Yes,Bank Withdrawal,73.5,632.2,No
9258-CNWAC,Female,23,Yes,63136,71,Yes,4.32,Yes,Fiber Optic,41,Yes,Yes,Yes,Yes,Yes,Two Year,No,Credit Card,113.65,8166.8,No
6374-AFWOX,Male,23,No,38902,46,Yes,46.71,Yes,Cable,41,Yes,Yes,Yes,Yes,Yes,Two Year,No,Credit Card,65.65,3047.15,No
5317-FLPJF,Female,25,No,36243,66,No,0,Yes,DSL,73,Yes,No,Yes,Yes,No,Two Year,Yes,Bank Withdrawal,61.35,4193.4,No
7621-VPNET,Female,60,No,30028,42,Yes,20.58,Yes,Fiber Optic,13,No,No,Yes,Yes,Yes,Month-to-Month,Yes,Credit Card,85.9,3729.75,No
6034-YMTOB,Female,62,No,30933,5,Yes,29.75,Yes,Fiber Optic,6,No,No,No,Yes,Yes,Month-to-Month,Yes,Credit Card,75.65,399.45,No
4903-CNOZC,Male,25,No,20200,29,Yes,28.83,Yes,DSL,47,No,Yes,Yes,No,Yes,One Year,No,Credit Card,70.9,1964.6,No
4353-HYOJD,Female,37,Yes,41067,27,Yes,19.32,Yes,DSL,30,No,Yes,No,No,Yes,Month-to-Month,No,Credit Card,49.85,1336.15,No
7267-FRMJW,Female,25,Yes,10558,25,Yes,4.57,No,None,0,No,No,No,No,No,Two Year,No,Credit Card,20.1,486.05,No
4188-FRABG,Male,36,No,18752,57,Yes,31.79,Yes,Fiber Optic,13,Yes,Yes,Yes,Yes,Yes,Month-to-Month,Yes,Bank Withdrawal,103.05,5925.75,No
0620-DLSLK,Female,47,No,27891,13,Yes,34.18,Yes,Fiber Optic,19,No,No,No,No,Yes,Month-to-Month,Yes,Credit Card,81.9,1028.9,No
3850-OKINF,Male,42,Yes,23742,71,Yes,37.03,Yes,DSL,26,Yes,No,No,No,Yes,One Year,Yes,Bank Withdrawal,66.2,4692.55,No
1156-ZFYDO,Female,57,No,23981,1,Yes,37.62,No,None,0,No,No,No,No,No,Month-to-Month,No,Bank Withdrawal,19.75,19.75,No
5549-ZGHFB,Male,33,Yes,41390,50,Yes,22.3,No,None,0,No,No,No,No,No,Two Year,No,Credit Card,24.95,1261.45,No
7577-SWIFR,Male,49,No,31297,1,Yes,16.64,Yes,Fiber Optic,2,No,No,No,No,Yes,Month-to-Month,Yes,Bank Withdrawal,89.25,89.25,No
0303-WMMRN,Male,32,No,9864,5,Yes,21.01,No,None,0,No,No,No,No,No,Month-to-Month,Yes,Credit Card,19.25,86.05,No
6408-OTUBZ,Female,44,No,16910,66,Yes,16.39,Yes,Fiber Optic,26,Yes,Yes,Yes,Yes,Yes,One Year,Yes,Bank Withdrawal,104.55,6779.05,No
5204-HMGYF,Female,32,Yes,29110,49,Yes,33.07,Yes,DSL,23,Yes,Yes,Yes,Yes,Yes,One Year,Yes,Credit Card,87.2,4345,No
3727-OVPRY,Male,32,Yes,23661,66,Yes,42.84,No,None,0,No,No,No,No,No,One Year,Yes,Credit Card,25.7,1714.55,No
3797-FKOGQ,Male,31,Yes,23519,11,Yes,5.84,Yes,Fiber Optic,10,No,No,No,No,No,Month-to-Month,No,Bank Withdrawal,86.2,893.2,No
7622-NXQZR,Male,29,No,49242,28,No,0,Yes,DSL,48,No,No,No,Yes,Yes,Month-to-Month,Yes,Credit Card,30.1,810.85,No
6196-HBOBZ,Male,31,No,43857,65,Yes,30.44,Yes,Fiber Optic,20,Yes,Yes,Yes,No,Yes,Two Year,Yes,Bank Withdrawal,99.35,6347.55,No
3970-XGJDU,Female,45,No,23637,62,Yes,24.03,No,None,0,No,No,No,No,No,Two Year,Yes,Credit Card,19.2,1123.65,No
7017-VFULY,Female,38,No,35325,2,Yes,32.86,No,None,0,No,No,No,No,No,Month-to-Month,No,Bank Withdrawal,20.1,43.15,No
5562-YJQGT,Female,57,No,27614,2,Yes,2.46,No,None,0,No,No,No,No,No,Month-to-Month,No,Credit Card,20.35,35.1,No
8807-OPMBM,Female,36,Yes,37779,55,Yes,1.44,No,None,0,No,No,No,No,No,Two Year,Yes,Credit Card,25.65,1388,No
8294-UIMBA,Female,64,No,32307,30,Yes,2.67,Yes,Fiber Optic,27,No,No,No,Yes,Yes,One Year,Yes,Bank Withdrawal,94.4,2638.1,No
8109-YUOHE,Male,58,No,28067,17,Yes,36.47,Yes,Cable,15,Yes,Yes,No,No,Yes,One Year,No,Credit Card,56.1,946.95,No
5840-NVDCG,Female,32,Yes,97318,16,Yes,20.12,Yes,Cable,30,Yes,Yes,No,Yes,Yes,Two Year,No,Bank Withdrawal,68.25,1114.85,No
8092-NLTGF,Male,25,No,68018,72,Yes,29.29,No,None,0,No,No,No,No,No,Two Year,No,Bank Withdrawal,24.75,1777.6,No
5928-QLDHB,Male,48,No,33389,9,Yes,34.75,Yes,Fiber Optic,3,No,No,No,No,Yes,Month-to-Month,Yes,Bank Withdrawal,76.25,684.85,No
9840-EFJQB,Female,43,No,81986,1,Yes,24.41,Yes,Fiber Optic,4,No,Yes,No,No,Yes,Month-to-Month,No,Bank Withdrawal,74.35,74.35,No
0696-UKTOX,Male,64,Yes,57017,23,Yes,8.4,Yes,Cable,27,No,Yes,No,Yes,No,Month-to-Month,No,Bank Withdrawal,54.15,1312.45,No
4801-KFYKL,Male,28,Yes,48867,8,Yes,1.95,No,None,0,No,No,No,No,No,Month-to-Month,No,Bank Withdrawal,19.45,159.2,No
3472-OAOOR,Male,23,Yes,17112,19,No,0,Yes,Cable,52,Yes,Yes,No,No,Yes,Month-to-Month,Yes,Credit Card,34.95,610.2,No
6135-OZQVA,Female,46,No,40077,7,Yes,40.42,Yes,Cable,17,Yes,No,No,No,Yes,Month-to-Month,Yes,Bank Withdrawal,53.65,404.35,No
2252-JHJGE,Male,24,No,46639,61,Yes,45.69,Yes,Fiber Optic,48,Yes,No,Yes,No,Yes,One Year,No,Bank Withdrawal,104,6363.45,No
4188-PCPIG,Female,32,No,17846,57,Yes,48,Yes,Cable,24,Yes,Yes,No,Yes,Yes,Two Year,Yes,Credit Card,70.35,4124.65,No
7105-BENQF,Male,31,Yes,27424,15,Yes,43.69,Yes,DSL,29,Yes,No,Yes,No,Yes,One Year,No,Credit Card,64.85,950.75,No
7721-DVEKZ,Female,42,No,42526,1,Yes,23.67,No,None,0,No,No,No,No,No,Month-to-Month,No,Credit Card,19.65,19.65,No
3566-VVORZ,Female,39,No,18735,12,Yes,30.79,Yes,DSL,4,No,No,No,No,Yes,Month-to-Month,No,Bank Withdrawal,45.9,505.95,No
9507-HSMMZ,Male,48,No,33057,54,Yes,27.3,No,None,0,No,No,No,No,No,Two Year,No,Credit Card,20,1149.65,No
2480-SQIOB,Male,40,Yes,25988,4,Yes,25.9,Yes,DSL,19,No,No,No,No,Yes,Month-to-Month,No,Bank Withdrawal,44.8,169.65,No
7813-TKCVO,Female,23,No,14814,20,Yes,27.96,No,None,0,No,No,No,No,No,One Year,No,Credit Card,20.35,393.15,No
0128-MKWSG,Female,51,Yes,9937,26,No,0,Yes,DSL,19,Yes,No,No,Yes,Yes,Month-to-Month,No,Credit Card,45.8,1147,No
4350-ZTLPI,Female,36,No,40376,53,Yes,18,Yes,Fiber Optic,20,No,Yes,Yes,Yes,Yes,One Year,Yes,Bank Withdrawal,108.95,5718.2,No
0361-HJRDX,Female,38,No,22085,68,No,0,Yes,DSL,28,Yes,Yes,Yes,Yes,No,Two Year,No,Credit Card,64.35,4539.6,No
5727-MYATE,Male,64,Yes,51348,72,Yes,20.63,Yes,DSL,26,Yes,Yes,Yes,Yes,Yes,Two Year,Yes,Credit Card,90.8,6397.6,No
3823-KYNQY,Male,61,No,50047,12,Yes,25.57,No,None,0,No,No,No,No,No,One Year,No,Credit Card,24.95,280.4,No
7570-WELNY,Female,52,No,29387,68,Yes,7.87,Yes,Fiber Optic,4,Yes,Yes,No,No,Yes,Two Year,Yes,Bank Withdrawal,84.7,5711.05,No
3021-VLNRJ,Female,25,Yes,13129,50,Yes,37.52,Yes,DSL,71,Yes,No,Yes,Yes,Yes,One Year,Yes,Credit Card,70.8,3478.15,No
6907-FLBER,Male,62,No,29245,1,Yes,34.02,Yes,DSL,24,No,Yes,No,No,No,Month-to-Month,No,Bank Withdrawal,54.3,54.3,No
5982-PSMKW,Female,20,Yes,36625,23,Yes,27.97,Yes,Cable,51,Yes,Yes,Yes,Yes,Yes,Two Year,Yes,Credit Card,91.1,2198.3,No
3507-GASNP,Male,49,Yes,16996,60,Yes,16.59,No,None,0,No,No,No,No,No,Two Year,No,Credit Card,19.95,1189.9,No
7096-ZNBZI,Female,21,No,26157,72,Yes,22.22,No,None,0,No,No,No,No,No,Two Year,No,Credit Card,26.45,1914.5,No
1676-MQAOA,Male,32,No,45358,72,Yes,15.03,Yes,Cable,22,Yes,Yes,Yes,Yes,Yes,Two Year,Yes,Bank Withdrawal,75.1,5336.35,No
7566-DSRLQ,Female,54,No,39064,72,Yes,12.85,Yes,Fiber Optic,24,No,Yes,Yes,Yes,No,Two Year,Yes,Bank Withdrawal,110.15,7998.8,No
7245-JMTTQ,Female,19,No,76890,51,Yes,43.79,Yes,Fiber Optic,82,No,Yes,Yes,Yes,Yes,One Year,Yes,Bank Withdrawal,111.5,5703.25,No
6050-IJRHS,Female,47,Yes,66754,70,Yes,5.93,Yes,Fiber Optic,19,No,Yes,Yes,No,Yes,One Year,Yes,Bank Withdrawal,106.5,7397,No
6202-JVYEU,Male,28,No,75319,9,Yes,4.02,No,None,0,No,No,No,No,No,One Year,Yes,Bank Withdrawal,19.9,164.6,No
8591-TKMZH,Male,40,Yes,34716,59,Yes,46.1,Yes,Fiber Optic,57,Yes,Yes,No,Yes,Yes,Two Year,Yes,Credit Card,111.1,6555.2,No
0734-OXWBT,Male,44,Yes,33817,3,Yes,25.04,Yes,Cable,17,No,No,No,Yes,Yes,Month-to-Month,No,Credit Card,70.7,225.65,No
0365-TRTPY,Female,52,No,25068,37,Yes,11.73,Yes,Fiber Optic,30,Yes,Yes,Yes,No,No,Month-to-Month,No,Bank Withdrawal,91.2,3382.3,No
7349-ALMUX,Male,35,No,51970,37,Yes,38.43,Yes,Cable,30,Yes,Yes,Yes,Yes,Yes,Two Year,No,Bank Withdrawal,65.6,2313.8,No
6502-KUGLL,Female,29,Yes,62660,14,Yes,42.64,Yes,DSL,69,Yes,Yes,No,Yes,Yes,Month-to-Month,No,Bank Withdrawal,59.45,780.85,No
1841-YSJGV,Male,58,No,45645,72,Yes,40.78,Yes,Fiber Optic,22,Yes,Yes,No,Yes,Yes,Two Year,Yes,Credit Card,109.95,7852.4,No
3511-BFTJW,Male,25,Yes,25135,72,No,0,Yes,DSL,82,Yes,Yes,Yes,No,Yes,Two Year,No,Credit Card,38.5,2763,No
5018-HEKFO,Female,51,No,46342,10,Yes,17.01,No,None,0,No,No,No,No,No,Month-to-Month,Yes,Credit Card,24.5,270.15,No
2923-ARZLG,Male,38,Yes,35530,10,Yes,46.23,No,None,0,No,No,No,No,No,One Year,Yes,Credit Card,19.7,197.54,No
3976-NLDEZ,Male,55,No,18980,1,Yes,1.48,No,None,0,No,No,No,No,No,Month-to-Month,No,Credit Card,20.6,20.6,No
2282-YGNOR,Female,42,No,33280,29,Yes,14.46,Yes,DSL,25,Yes,No,Yes,Yes,Yes,One Year,No,Credit Card,58,1734.5,No
6854-EXGSF,Female,37,No,47,8,Yes,8.73,Yes,DSL,28,Yes,Yes,Yes,No,Yes,Month-to-Month,Yes,Bank Withdrawal,65.5,573.15,No
1241-EZFMJ,Male,48,No,56280,61,Yes,11.53,No,None,0,No,No,No,No,No,Two Year,No,Bank Withdrawal,25.45,1538.6,No
5376-PCKNB,Male,35,Yes,34447,72,Yes,17.49,Yes,Fiber Optic,12,No,Yes,Yes,No,No,One Year,Yes,Credit Card,104.45,7459,No
8044-BGWPI,Male,50,Yes,49474,12,Yes,33.9,No,None,0,No,No,No,No,No,Month-to-Month,Yes,Bank Withdrawal,21.15,306.05,No
4060-LDNLU,Male,22,No,46532,7,Yes,45.93,Yes,Fiber Optic,48,No,No,No,No,Yes,Month-to-Month,No,Bank Withdrawal,96.2,639.7,No
3589-PPVKW,Male,19,No,69974,9,Yes,38.65,Yes,DSL,26,No,No,No,No,Yes,Month-to-Month,Yes,Credit Card,44.4,348.15,No
5887-IKKYO,Male,54,Yes,36057,58,Yes,5.01,Yes,Fiber Optic,23,No,No,Yes,Yes,Yes,Two Year,No,Bank Withdrawal,94.35,5563.65,No
1755-RMCXH,Male,37,Yes,33878,2,Yes,7.27,No,None,0,No,No,No,No,No,Month-to-Month,No,Credit Card,20.3,40.25,No
3858-XHYJO,Female,24,No,38041,40,Yes,22.2,Yes,Fiber Optic,76,Yes,No,Yes,No,Yes,One Year,No,Bank Withdrawal,105.75,4228.55,No
4299-SIMNS,Male,43,No,32718,9,Yes,34.34,Yes,Fiber Optic,6,Yes,No,No,No,No,Month-to-Month,Yes,Bank Withdrawal,81.15,784.45,No
7025-IWFHT,Male,62,No,23331,41,Yes,45.22,Yes,Fiber Optic,15,No,Yes,No,Yes,Yes,One Year,Yes,Bank Withdrawal,89.55,3729.75,No
6261-LHRTG,Female,27,No,48827,26,Yes,39.84,Yes,Cable,42,No,Yes,Yes,No,Yes,Month-to-Month,Yes,Credit Card,54.75,1406.9,No
7841-FCRQD,Female,27,No,45118,33,Yes,15.45,Yes,Cable,59,No,Yes,No,Yes,Yes,One Year,Yes,Credit Card,53.75,1857.3,No
2056-EVGZL,Male,56,Yes,44099,68,Yes,8.88,Yes,Fiber Optic,17,No,Yes,Yes,Yes,Yes,One Year,No,Credit Card,105.75,7322.5,No
7753-USQYQ,Male,47,No,31622,55,Yes,27.65,Yes,Cable,26,No,Yes,No,Yes,No,One Year,Yes,Bank Withdrawal,64.2,3627.3,No
7661-CPURM,Male,49,No,30635,19,Yes,43.11,Yes,Fiber Optic,2,No,No,No,Yes,Yes,One Year,Yes,Credit Card,87.7,1725.95,No
6233-HXJMX,Female,42,No,16486,45,Yes,13.82,Yes,Fiber Optic,8,No,No,Yes,No,Yes,Month-to-Month,Yes,Credit Card,89.3,4192.15,No
5902-WBLSE,Female,32,Yes,17389,70,Yes,26.85,No,None,0,No,No,No,No,No,Two Year,Yes,Credit Card,20.15,1411.2,No
3239-TPHPZ,Female,60,No,74025,12,Yes,40.34,No,None,0,No,No,No,No,No,Two Year,Yes,Bank Withdrawal,20.05,264.55,No
5115-GZDEL,Male,20,Yes,71126,72,No,0,Yes,Cable,71,Yes,Yes,Yes,Yes,Yes,Two Year,No,Credit Card,67.2,4671.7,No
3338-CVVEH,Male,38,No,12884,12,Yes,13.88,Yes,Fiber Optic,8,No,No,No,No,Yes,Month-to-Month,No,Bank Withdrawal,94.55,1173.55,No
4393-GEADV,Male,54,Yes,727,70,Yes,39.06,Yes,Fiber Optic,75,Yes,Yes,Yes,Yes,Yes,Two Year,No,Credit Card,114.75,7842.3,No
8486-AYEQH,Female,30,No,796,31,Yes,38.78,Yes,Fiber Optic,59,No,No,No,No,Yes,Month-to-Month,Yes,Bank Withdrawal,76.05,2227.8,No
2495-KZNFB,Female,26,No,24005,33,Yes,16.76,Yes,Fiber Optic,85,Yes,No,No,No,Yes,Month-to-Month,Yes,Bank Withdrawal,90.65,2989.6,No
4560-WQAQW,Female,62,No,81,59,Yes,28.32,Yes,DSL,9,Yes,No,No,Yes,No,One Year,No,Bank Withdrawal,68.7,4070.95,No
4274-DRSQT,Female,33,No,905,66,Yes,31.93,Yes,Fiber Optic,15,No,Yes,No,No,Yes,One Year,Yes,Bank Withdrawal,88.9,6000.1,No
2027-DNKIV,Male,28,Yes,56100,37,Yes,35.67,Yes,DSL,76,Yes,No,Yes,Yes,Yes,One Year,Yes,Credit Card,58.75,2203.1,No
2885-HIJDH,Male,47,Yes,91,69,Yes,26.35,Yes,DSL,53,Yes,No,Yes,Yes,Yes,Two Year,No,Bank Withdrawal,86.9,6194.1,No
5424-RLQLC,Male,36,No,3849,10,Yes,1.48,Yes,DSL,25,No,Yes,No,No,No,Month-to-Month,Yes,Credit Card,59.65,638.95,No
6507-DTJZV,Male,50,Yes,10375,13,Yes,30.19,Yes,DSL,17,No,No,No,No,Yes,Month-to-Month,No,Credit Card,66.4,831.75,No
7673-BQGKU,Female,64,Yes,43161,69,Yes,11.47,No,None,0,No,No,No,No,No,Two Year,No,Bank Withdrawal,20.15,1337.5,No
2725-IWWBA,Male,52,Yes,55277,46,Yes,38.45,Yes,DSL,15,Yes,No,Yes,Yes,Yes,One Year,No,Credit Card,56.9,2560.1,No
1061-PNTHC,Female,36,Yes,47126,56,Yes,13.94,Yes,Fiber Optic,11,Yes,No,Yes,Yes,Yes,Month-to-Month,Yes,Credit Card,109.6,5953,No
0394-YONDK,Male,28,Yes,49281,70,Yes,1.22,No,None,0,No,No,No,No,No,Two Year,No,Credit Card,25.15,1790.15,No
6574-MCOEH,Female,47,Yes,43436,33,Yes,31.59,Yes,Cable,18,No,No,Yes,Yes,No,One Year,Yes,Bank Withdrawal,79.15,2531.4,No
7399-QHBJS,Female,56,Yes,48690,72,Yes,22.62,Yes,Cable,27,Yes,Yes,No,Yes,Yes,Two Year,No,Credit Card,66.75,4760.3,No
0997-YTLNY,Female,59,Yes,17944,19,Yes,4.03,Yes,Cable,26,No,No,No,Yes,Yes,Month-to-Month,No,Credit Card,48.8,953.65,No
9479-HYNYL,Female,48,No,42617,71,Yes,43.61,Yes,Cable,27,No,Yes,Yes,Yes,Yes,Two Year,Yes,Credit Card,80.7,5705.05,No
9708-KFDBY,Male,29,No,98239,1,Yes,7.32,No,None,0,No,No,No,No,No,Month-to-Month,No,Credit Card,20.55,20.55,No
3642-GKTCT,Female,58,No,46893,61,Yes,5.55,Yes,Fiber Optic,7,Yes,Yes,Yes,Yes,Yes,One Year,Yes,Credit Card,115.1,6993.65,No
0774-RMNUW,Female,44,Yes,1831,71,No,0,Yes,Cable,19,Yes,Yes,No,Yes,Yes,Two Year,No,Bank Withdrawal,59.7,4122.65,No
1334-PDUKM,Female,48,No,234,68,Yes,9.76,Yes,Fiber Optic,15,No,Yes,Yes,No,No,One Year,No,Credit Card,86.45,5762.95,No
0756-MPZRL,Male,35,No,2615,46,No,0,Yes,DSL,18,No,No,Yes,Yes,Yes,One Year,No,Credit Card,33.7,1537.85,No
2242-MFOTG,Male,29,No,47969,33,Yes,25.71,Yes,Fiber Optic,48,Yes,No,No,No,Yes,One Year,No,Bank Withdrawal,80.1,2603.3,No
2927-CVULT,Female,64,Yes,33104,53,Yes,28.36,Yes,Fiber Optic,17,Yes,Yes,Yes,Yes,Yes,Two Year,Yes,Bank Withdrawal,104.05,5566.4,No
8745-PVESG,Female,44,No,7615,57,No,0,Yes,DSL,24,Yes,No,Yes,Yes,Yes,One Year,Yes,Credit Card,41.1,2258.25,No
7647-GYYKX,Female,48,Yes,52664,54,Yes,41.93,No,None,0,No,No,No,No,No,Two Year,Yes,Bank Withdrawal,20.35,1092.35,No
9700-ISPUP,Female,59,Yes,14575,10,Yes,25.89,Yes,DSL,22,No,Yes,No,Yes,Yes,Month-to-Month,Yes,Bank Withdrawal,65.5,616.9,No
9839-ETQOE,Male,41,Yes,62036,43,No,0,Yes,DSL,25,Yes,Yes,Yes,No,Yes,Month-to-Month,Yes,Bank Withdrawal,40.45,1912.85,No
9027-TMATR,Female,42,No,1205,43,Yes,38.53,Yes,DSL,27,Yes,No,Yes,Yes,Yes,Two Year,Yes,Bank Withdrawal,78.8,3460.3,No
1941-HOSAM,Male,20,Yes,27505,1,Yes,24.33,Yes,Fiber Optic,59,No,No,No,No,Yes,Month-to-Month,Yes,Bank Withdrawal,90.1,90.1,No
9110-HSGTV,Female,46,No,47140,69,Yes,25.73,Yes,DSL,22,Yes,No,Yes,Yes,Yes,Two Year,Yes,Credit Card,82.45,5555.3,No
0704-VCUMB,Female,64,No,30202,61,Yes,10.94,No,None,0,No,No,No,No,No,Two Year,No,Credit Card,20.25,1278.8,No
6171-ZTVYB,Male,42,No,47689,43,Yes,26.1,Yes,DSL,17,Yes,Yes,No,Yes,Yes,Month-to-Month,No,Bank Withdrawal,66.25,2907.35,No
1935-IMVBB,Male,43,No,27959,56,Yes,3.79,Yes,Fiber Optic,14,No,No,No,No,Yes,Month-to-Month,No,Credit Card,89.7,4952.95,No
2535-PBCGC,Female,21,No,11650,70,No,0,Yes,Cable,46,Yes,Yes,Yes,Yes,Yes,Two Year,No,Bank Withdrawal,64.55,4504.9,No
1470-PSXNM,Male,27,Yes,24169,49,Yes,36.08,Yes,Fiber Optic,59,No,Yes,Yes,No,Yes,One Year,Yes,Bank Withdrawal,93.65,4520.15,No
2498-XLDZR,Female,26,Yes,47431,32,Yes,19.76,Yes,DSL,59,Yes,Yes,Yes,Yes,Yes,Two Year,No,Credit Card,73.6,2316.85,No
5338-YHWYT,Male,45,Yes,56887,37,Yes,49.99,Yes,Cable,27,Yes,Yes,No,Yes,No,Two Year,No,Credit Card,61.45,2302.35,No
7718-UPSKJ,Female,59,No,33083,69,Yes,24.17,Yes,Fiber Optic,5,Yes,Yes,No,Yes,Yes,One Year,Yes,Credit Card,106.4,7251.9,No
8731-WBBMB,Female,26,No,51213,26,Yes,11.23,Yes,Cable,48,No,Yes,Yes,Yes,Yes,Month-to-Month,No,Bank Withdrawal,81.9,2078.55,No
1448-CYWKC,Female,61,Yes,24093,58,Yes,43.01,Yes,Fiber Optic,30,No,Yes,Yes,No,Yes,One Year,Yes,Credit Card,105.2,6225.4,No
7901-IIDQV,Male,28,No,21866,24,Yes,7.52,Yes,Cable,85,No,No,No,Yes,Yes,One Year,No,Bank Withdrawal,54.6,1242.25,No
2690-DVRVK,Male,27,Yes,25569,5,Yes,41.21,No,None,0,No,No,No,No,No,One Year,No,Bank Withdrawal,20.55,99.45,No
1270-XKUCC,Female,24,Yes,34902,30,Yes,12.85,No,None,0,No,No,No,No,No,Two Year,No,Credit Card,19.7,599.25,No
0334-ZFJSR,Female,41,No,25232,55,Yes,35.38,Yes,Cable,13,Yes,Yes,No,Yes,No,One Year,Yes,Credit Card,66.05,3462.1,No
5583-EJXRD,Male,19,Yes,20046,44,No,0,Yes,Cable,59,Yes,Yes,Yes,Yes,Yes,Two Year,Yes,Credit Card,54.05,2375.2,No
4565-EVZMJ,Female,55,No,42733,47,Yes,26.35,Yes,Cable,5,Yes,Yes,No,Yes,Yes,One Year,Yes,Credit Card,58.9,2813.05,No
3327-YBAKM,Female,31,No,29283,64,Yes,19.22,Yes,Fiber Optic,21,Yes,No,No,Yes,Yes,One Year,Yes,Credit Card,96.9,6314.35,No
9441-QHEVC,Male,61,No,36351,1,Yes,44.22,No,None,0,No,No,No,No,No,Month-to-Month,No,Credit Card,19.1,19.1,No
6705-LNMDD,Male,38,No,68776,20,Yes,49.81,Yes,DSL,4,No,No,No,Yes,Yes,Month-to-Month,No,Credit Card,50,1003.05,No
2580-ASVVY,Female,23,No,28488,37,No,0,Yes,DSL,27,Yes,No,No,Yes,Yes,Two Year,No,Bank Withdrawal,45.4,1593.1,No
3370-GQEAL,Male,63,Yes,56307,30,Yes,21.72,Yes,Fiber Optic,19,No,No,No,No,No,Month-to-Month,No,Bank Withdrawal,85.45,2509.95,No
5032-USPKF,Female,57,No,2743,38,Yes,25.11,Yes,DSL,13,Yes,Yes,Yes,No,Yes,One Year,No,Bank Withdrawal,84.1,3187.65,No
4254-QPEDE,Female,22,No,25859,52,No,0,Yes,DSL,52,Yes,Yes,Yes,Yes,Yes,Two Year,No,Credit Card,66.25,3330.1,No
6283-GITPX,Male,20,Yes,17721,71,Yes,4.76,Yes,DSL,52,Yes,Yes,Yes,Yes,Yes,Two Year,Yes,Credit Card,76.9,5522.7,No
0771-CHWSK,Male,56,No,23394,66,Yes,45.57,Yes,DSL,11,Yes,Yes,Yes,No,Yes,Two Year,Yes,Credit Card,74.6,4798.4,No
9788-HNGUT,Male,45,No,2355,72,Yes,17.87,Yes,Fiber Optic,3,Yes,Yes,Yes,Yes,Yes,Two Year,Yes,Credit Card,116.95,8594.4,No
9495-REDIY,Male,56,Yes,27804,25,No,0,Yes,DSL,18,Yes,No,No,No,Yes,One Year,Yes,Credit Card,40.65,970.55,No
5375-XLDOF,Male,24,Yes,7857,69,Yes,37.97,Yes,Fiber Optic,27,Yes,Yes,Yes,Yes,No,Two Year,Yes,Bank Withdrawal,114.35,7665.8,No
1172-VIYBP,Male,54,Yes,43141,53,Yes,27.93,Yes,DSL,57,Yes,Yes,No,No,Yes,Two Year,No,Bank Withdrawal,69.7,3686.05,No
6559-PDZLR,Male,26,No,964,26,Yes,37,Yes,Fiber Optic,76,No,No,Yes,Yes,Yes,Month-to-Month,Yes,Bank Withdrawal,98.65,2537,No
8992-OBVDG,Male,25,No,22796,21,Yes,39.85,Yes,DSL,52,No,No,Yes,No,Yes,Month-to-Month,No,Credit Card,61.65,1393.6,No
4273-MBHYA,Female,38,Yes,5529,1,Yes,5.36,Yes,Fiber Optic,19,No,No,No,No,Yes,Month-to-Month,Yes,Bank Withdrawal,89.35,89.35,No
4724-WXVWF,Male,28,No,1564,48,Yes,4.15,Yes,Fiber Optic,46,Yes,No,No,Yes,Yes,Month-to-Month,Yes,Bank Withdrawal,95.4,4445.3,No
5701-GUXDC,Female,24,No,43712,26,No,0,Yes,DSL,51,Yes,No,Yes,No,Yes,One Year,No,Credit Card,35.4,978.6,No
1460-UZPRJ,Male,39,No,3535,60,Yes,30.14,No,None,0,No,No,No,No,No,Two Year,No,Credit Card,19.95,1258.15,No
6082-GLJIX,Male,50,No,8062,18,Yes,31.33,No,None,0,No,No,No,No,No,Month-to-Month,No,Credit Card,19.25,331.35,No
2495-TTHBQ,Female,52,Yes,23971,4,Yes,32.15,No,None,0,No,No,No,No,No,One Year,Yes,Credit Card,20.4,84.75,No
0485-ZBSLN,Male,52,Yes,8768,65,Yes,36.5,No,None,0,No,No,No,No,No,Two Year,No,Credit Card,24.75,1715.1,No
3810-PJUHR,Male,63,Yes,3499,70,Yes,10.46,No,None,0,No,No,No,No,No,Two Year,No,Credit Card,25.35,1715.15,No
0847-HGRML,Male,44,Yes,732,62,Yes,24.48,No,None,0,No,No,No,No,No,Two Year,No,Bank Withdrawal,20,1250.1,No
8232-CTLKO,Female,58,Yes,471,66,Yes,8.39,Yes,DSL,16,Yes,No,No,No,Yes,Two Year,Yes,Bank Withdrawal,59.75,3996.8,No
9227-YBAXE,Female,23,Yes,29340,65,Yes,4.75,Yes,DSL,69,Yes,Yes,No,Yes,No,Two Year,Yes,Bank Withdrawal,82.5,5215.1,No
9860-LISIZ,Female,19,No,18884,34,Yes,36.75,No,None,0,No,No,No,No,No,Month-to-Month,No,Credit Card,20.35,673.2,No
0112-QAWRZ,Male,49,Yes,291,16,Yes,48.71,Yes,Fiber Optic,12,No,No,Yes,No,Yes,Month-to-Month,Yes,Bank Withdrawal,90.8,1442.2,No
4043-MKDTV,Male,54,No,12465,71,Yes,37.69,Yes,Fiber Optic,8,No,Yes,Yes,Yes,Yes,Two Year,Yes,Bank Withdrawal,105.25,7291.75,No
9229-RQABD,Male,45,No,799,18,Yes,12.97,No,None,0,No,No,No,No,No,One Year,No,Credit Card,23.75,424.5,No
8313-KTIHG,Male,54,No,6242,4,Yes,37.7,Yes,DSL,2,No,No,No,Yes,No,Month-to-Month,Yes,Bank Withdrawal,61.3,249.4,No
5320-BRKGK,Female,28,Yes,48690,58,Yes,2.87,Yes,DSL,69,Yes,No,Yes,Yes,Yes,Two Year,No,Credit Card,75.8,4415.75,No
6284-KMNUF,Female,33,No,14104,56,Yes,37.5,Yes,Fiber Optic,11,Yes,No,No,No,Yes,One Year,Yes,Bank Withdrawal,98,5270.6,No
6229-UOLQL,Male,24,Yes,805,56,No,0,Yes,Cable,41,Yes,Yes,No,Yes,Yes,One Year,Yes,Credit Card,52,2884.9,No
3137-LUPIX,Female,58,No,20486,4,Yes,1.1,Yes,Cable,19,No,No,No,Yes,Yes,Month-to-Month,Yes,Credit Card,64.4,253,No
6143-JQKEA,Male,34,No,18980,10,Yes,15.45,Yes,Cable,22,No,No,No,No,Yes,Month-to-Month,Yes,Credit Card,45.8,436.2,No
8676-OOQEJ,Male,52,No,42,4,No,0,Yes,Cable,22,No,No,No,Yes,Yes,Month-to-Month,No,Bank Withdrawal,30.5,118.4,No
9701-CDXHR,Female,63,No,42239,51,Yes,45.76,Yes,Fiber Optic,13,No,No,No,No,No,Month-to-Month,No,Credit Card,69.15,3649.6,No
8124-NZVGJ,Female,29,No,904,6,No,0,Yes,Cable,48,No,No,No,Yes,Yes,One Year,Yes,Credit Card,49.25,255.6,No
2162-FRZAA,Male,45,Yes,9465,63,No,0,Yes,DSL,16,No,Yes,Yes,Yes,Yes,Two Year,No,Bank Withdrawal,39.35,2395.05,No
5118-MUEYH,Female,22,No,11024,48,Yes,39.25,Yes,Fiber Optic,51,No,Yes,No,Yes,Yes,Month-to-Month,Yes,Credit Card,105.1,5083.55,No
5627-TVBPP,Female,44,Yes,5447,35,Yes,25.52,No,None,0,No,No,No,No,No,One Year,Yes,Credit Card,20.1,644.5,No
3936-QQFLL,Male,58,No,7334,2,Yes,1.97,No,None,0,No,No,No,No,No,Month-to-Month,No,Credit Card,19.75,39.3,No
2589-AYCRP,Female,63,No,455,50,Yes,37.95,No,None,0,No,No,No,No,No,One Year,No,Bank Withdrawal,19.75,989.05,No
4067-HLYQI,Female,43,No,52202,33,Yes,49.45,Yes,Fiber Optic,19,No,No,No,No,No,Month-to-Month,Yes,Bank Withdrawal,70.4,2406.1,No
5124-EOGYE,Male,59,No,10484,31,Yes,34.57,No,None,0,No,No,No,No,No,Two Year,No,Credit Card,20.45,638.55,No
5057-RKGLH,Female,22,Yes,678,9,Yes,30.83,No,None,0,No,No,No,No,No,Two Year,No,Credit Card,20.35,191.1,No
0292-WEGCH,Female,40,Yes,443,54,Yes,4.33,Yes,DSL,12,No,Yes,Yes,Yes,Yes,Month-to-Month,Yes,Bank Withdrawal,86.2,4524.05,No
8910-ICHIU,Female,27,No,115,46,Yes,30.6,Yes,Fiber Optic,59,Yes,Yes,Yes,No,Yes,One Year,Yes,Credit Card,95.65,4664.2,No
4097-YODCF,Male,35,Yes,414,34,Yes,4.28,Yes,Fiber Optic,16,Yes,Yes,No,No,Yes,One Year,Yes,Bank Withdrawal,103.8,3470.8,No
9715-WZCLW,Male,28,Yes,82630,71,Yes,39.09,Yes,Fiber Optic,69,Yes,No,No,No,Yes,Two Year,Yes,Bank Withdrawal,97.2,6910.3,No
9786-YWNHU,Female,62,Yes,54586,63,Yes,1.18,Yes,DSL,27,Yes,Yes,Yes,Yes,No,Two Year,No,Credit Card,63.55,4014.2,No
6407-GSJNL,Female,56,No,29847,51,Yes,44.35,No,None,0,No,No,No,No,No,Two Year,No,Bank Withdrawal,24.95,1288,No
4049-ZPALD,Female,35,No,958,64,Yes,35.92,Yes,Fiber Optic,11,Yes,No,Yes,No,Yes,Two Year,Yes,Bank Withdrawal,99,6375.8,No
6833-JMZYP,Female,54,No,68515,15,Yes,15.28,Yes,Fiber Optic,16,No,No,Yes,No,Yes,Month-to-Month,Yes,Credit Card,94,1505.45,No
1310-QRITU,Female,40,No,1933,18,Yes,38.32,Yes,DSL,20,No,No,No,No,Yes,Month-to-Month,Yes,Bank Withdrawal,50.3,913.3,No
8961-QDZZJ,Female,35,Yes,9793,57,Yes,42.18,Yes,Fiber Optic,22,No,Yes,No,No,Yes,One Year,Yes,Bank Withdrawal,95,5535.8,No
9715-SBVSU,Male,20,Yes,18068,14,Yes,10.74,Yes,DSL,59,Yes,Yes,No,No,No,Two Year,Yes,Bank Withdrawal,61.4,815.55,No
7929-SKFGK,Male,23,No,7324,70,Yes,21.68,Yes,Fiber Optic,30,Yes,Yes,Yes,Yes,Yes,Two Year,No,Credit Card,114.3,8244.3,No
2300-RQGOI,Female,33,No,5488,38,Yes,41.63,No,None,0,No,No,No,No,No,Two Year,No,Credit Card,20.05,741.5,No
3563-SVYLG,Male,38,Yes,162,68,Yes,36.51,Yes,DSL,24,Yes,Yes,Yes,Yes,Yes,Two Year,No,Credit Card,62.65,4375.8,No
4998-IKFSE,Female,27,No,12463,30,Yes,34.49,Yes,Fiber Optic,59,No,No,Yes,No,No,Month-to-Month,No,Bank Withdrawal,100.45,3096.9,No
8630-QSGXK,Male,39,No,4280,51,Yes,9.99,Yes,DSL,5,No,No,No,Yes,Yes,Two Year,Yes,Bank Withdrawal,75.2,3901.25,No
2455-USLMV,Female,30,No,31230,31,Yes,24.21,Yes,Fiber Optic,48,Yes,No,Yes,No,Yes,Month-to-Month,Yes,Credit Card,84.75,2613.4,No
9488-FVZCC,Female,35,Yes,75882,72,Yes,32.59,Yes,DSL,14,Yes,Yes,Yes,Yes,Yes,Two Year,Yes,Bank Withdrawal,79.5,5661.7,No
5995-WWKKG,Female,62,No,5395,37,Yes,30.17,No,None,0,No,No,No,No,No,One Year,Yes,Bank Withdrawal,19.8,695.05,No
7879-CGSFV,Male,19,No,1834,55,Yes,42.19,Yes,Fiber Optic,51,Yes,Yes,No,No,Yes,One Year,Yes,Credit Card,100.9,5552.05,No
9921-EZKBY,Male,55,Yes,42239,33,Yes,10.36,Yes,Fiber Optic,53,Yes,No,Yes,No,Yes,Month-to-Month,Yes,Bank Withdrawal,95.3,3275.15,No
7432-FFVAR,Female,23,Yes,63235,46,Yes,6.26,Yes,Fiber Optic,48,No,No,Yes,Yes,No,One Year,No,Bank Withdrawal,90.95,4236.6,No
7246-ZGQDF,Female,63,Yes,12083,1,Yes,33.21,Yes,DSL,75,Yes,No,No,Yes,Yes,Month-to-Month,No,Bank Withdrawal,54.5,54.5,No
4456-RHSNB,Female,43,Yes,1779,19,Yes,7.42,Yes,DSL,17,No,No,Yes,No,Yes,Month-to-Month,Yes,Bank Withdrawal,49.6,962.9,No
2481-SBOYW,Female,62,Yes,24644,61,Yes,32.05,No,None,0,No,No,No,No,No,Two Year,Yes,Credit Card,25,1498.35,No
7109-MFBYV,Male,28,No,49355,26,Yes,29.07,Yes,Cable,42,No,No,No,No,Yes,Month-to-Month,No,Bank Withdrawal,45.45,1233.15,No
1833-TCXKK,Male,50,No,12149,45,Yes,29.81,Yes,Fiber Optic,27,No,Yes,Yes,No,Yes,Month-to-Month,Yes,Bank Withdrawal,107.75,4882.8,No
1832-PEUTS,Male,23,Yes,44556,62,Yes,37.75,Yes,Fiber Optic,73,No,No,Yes,No,Yes,Two Year,Yes,Credit Card,89.1,5411.65,No
8660-BUETV,Female,37,No,18999,3,Yes,34.89,Yes,Cable,13,No,No,No,No,No,Month-to-Month,No,Credit Card,44.75,148.05,No
0580-PIQHM,Female,21,Yes,71678,41,Yes,14.73,Yes,Fiber Optic,82,Yes,Yes,Yes,No,Yes,One Year,Yes,Bank Withdrawal,101.6,3930.55,No
5696-CEIQJ,Male,31,Yes,46550,67,Yes,13.26,Yes,Fiber Optic,76,No,Yes,Yes,Yes,Yes,Two Year,No,Bank Withdrawal,103.15,6895.5,No
1696-HXOWK,Female,53,No,42425,71,Yes,5.22,Yes,Fiber Optic,10,Yes,Yes,No,No,Yes,One Year,No,Credit Card,95.65,6856.95,No
3026-ATZYV,Female,32,Yes,48649,37,Yes,1.12,Yes,Cable,23,Yes,Yes,No,No,Yes,One Year,No,Bank Withdrawal,75.1,2658.8,No
4012-YCFAI,Male,45,No,17147,60,Yes,22.22,Yes,DSL,16,Yes,Yes,No,Yes,Yes,Two Year,Yes,Credit Card,61.35,3766.2,No
9970-QBCDA,Female,50,No,1005,6,Yes,31.02,No,None,0,No,No,No,No,No,Month-to-Month,No,Credit Card,19.7,129.55,No
9496-IVVRP,Female,42,Yes,4546,11,Yes,44.84,Yes,DSL,57,Yes,No,No,No,No,Month-to-Month,No,Bank Withdrawal,51,581.7,No
2657-VPXTA,Female,45,Yes,3745,10,Yes,32.76,Yes,Fiber Optic,51,No,No,No,No,Yes,Month-to-Month,Yes,Bank Withdrawal,88.85,929.45,No
6551-VLJMV,Male,44,No,29687,34,Yes,4.42,No,None,0,No,No,No,No,No,Two Year,No,Credit Card,20.05,679,No
1221-GHZEP,Female,45,No,39264,62,Yes,23.18,Yes,DSL,18,Yes,No,No,Yes,Yes,Two Year,Yes,Credit Card,65.1,3846.75,No
9289-LBQVU,Male,24,No,25694,64,Yes,32.93,Yes,DSL,26,No,Yes,No,Yes,Yes,One Year,Yes,Credit Card,70.15,4480.7,No
3458-IDMFK,Male,29,No,3588,25,Yes,29.38,No,None,0,No,No,No,No,No,Two Year,Yes,Credit Card,20.75,499.4,No
6933-FHBZC,Female,30,No,22983,26,Yes,35.75,Yes,Cable,71,No,Yes,Yes,No,Yes,One Year,Yes,Credit Card,56.05,1553.2,No
0221-NAUXK,Male,22,Yes,61205,10,Yes,7.86,No,None,0,No,No,No,No,No,One Year,Yes,Bank Withdrawal,19.95,219.5,No
9770-KXGQU,Female,52,No,12743,53,Yes,29.39,Yes,Fiber Optic,12,Yes,Yes,Yes,No,Yes,One Year,No,Credit Card,98.6,5311.85,No
6538-POCHL,Male,59,No,1500,33,Yes,17.63,Yes,Fiber Optic,19,No,Yes,Yes,No,Yes,Month-to-Month,Yes,Credit Card,79,2576.8,No
3002-WQZWT,Female,25,No,18311,29,Yes,16.38,Yes,Fiber Optic,82,No,No,No,No,Yes,Month-to-Month,Yes,Bank Withdrawal,74.2,1993.25,No
4277-UDIEF,Male,51,Yes,7344,24,Yes,45.68,Yes,Cable,26,Yes,No,No,Yes,Yes,Month-to-Month,No,Bank Withdrawal,81,1923.85,No
1208-NBVFH,Male,63,Yes,36817,20,Yes,13.18,Yes,Cable,10,No,No,Yes,No,Yes,Month-to-Month,Yes,Bank Withdrawal,49.6,939.8,No
4912-PIGUY,Female,44,No,26357,1,Yes,7.34,Yes,Fiber Optic,11,No,No,No,No,No,Month-to-Month,Yes,Bank Withdrawal,84.6,84.6,No
2725-TTRIQ,Female,45,Yes,14068,72,Yes,37.84,Yes,Cable,53,Yes,No,Yes,Yes,Yes,Two Year,Yes,Bank Withdrawal,84.2,5986.55,No
3374-TTZTK,Male,26,No,8692,52,Yes,49.82,Yes,Fiber Optic,51,Yes,Yes,Yes,Yes,Yes,Two Year,Yes,Bank Withdrawal,106.3,5487,No
8990-ZXLSU,Female,63,No,18161,9,Yes,29.87,Yes,Fiber Optic,5,No,No,No,No,Yes,Month-to-Month,No,Bank Withdrawal,69.05,651.5,No
2275-RBYQS,Female,38,No,13151,1,Yes,49.33,Yes,DSL,21,No,No,No,No,Yes,Month-to-Month,Yes,Credit Card,45.4,45.4,No
4419-UJMUS,Male,55,Yes,19368,69,Yes,8.46,Yes,Fiber Optic,21,No,No,No,Yes,Yes,Two Year,Yes,Bank Withdrawal,99.35,6856.45,No
7794-JASDG,Male,37,No,4093,1,Yes,45.77,Yes,DSL,20,Yes,No,No,No,Yes,Month-to-Month,Yes,Credit Card,50.75,50.75,No
7609-YBPXG,Male,60,No,2762,54,Yes,18.54,Yes,DSL,26,Yes,No,Yes,Yes,No,Two Year,No,Bank Withdrawal,87.1,4735.2,No
5519-TEEUH,Male,51,Yes,27369,33,Yes,21.16,No,None,0,No,No,No,No,No,One Year,Yes,Credit Card,20.15,682.15,No
0804-XBFBV,Female,49,Yes,10936,11,No,0,Yes,DSL,19,No,No,No,No,Yes,Month-to-Month,No,Bank Withdrawal,25.2,321.05,No
2676-OXPPQ,Male,22,No,41062,6,Yes,3.16,Yes,DSL,41,Yes,Yes,No,No,Yes,Month-to-Month,Yes,Bank Withdrawal,55.7,335.65,No
3703-TTEPD,Male,28,No,22499,21,Yes,16.16,Yes,DSL,42,Yes,No,Yes,No,Yes,Month-to-Month,No,Bank Withdrawal,65.35,1424.4,No
2799-TSLAG,Female,25,Yes,6301,65,Yes,34.03,No,None,0,No,No,No,No,No,Two Year,Yes,Bank Withdrawal,25.3,1748.55,No
2208-NKVVH,Male,60,Yes,48207,43,Yes,2.81,No,None,0,No,No,No,No,No,Two Year,No,Credit Card,24.25,1077.95,No
7139-JZFVG,Male,37,Yes,56517,60,Yes,43.24,Yes,DSL,28,Yes,Yes,Yes,No,Yes,Two Year,No,Bank Withdrawal,60.5,3694.45,No
4987-GQWPO,Male,48,No,58764,17,No,0,Yes,DSL,11,No,No,No,No,Yes,Month-to-Month,No,Credit Card,25.1,382.8,No
1757-TCATG,Male,24,Yes,32304,35,Yes,41.02,No,None,0,No,No,No,No,No,One Year,No,Bank Withdrawal,20.05,746.75,No
4776-XSKYQ,Female,48,Yes,48273,12,No,0,Yes,DSL,22,No,No,No,Yes,Yes,One Year,No,Credit Card,30.25,368.85,No
8048-DSDFQ,Male,63,No,8660,1,Yes,13.08,No,None,0,No,No,No,No,No,Month-to-Month,No,Credit Card,20.2,20.2,No
5753-QQWPW,Female,57,No,41237,28,Yes,11.32,Yes,DSL,11,Yes,Yes,No,Yes,Yes,One Year,Yes,Bank Withdrawal,59.9,1654.7,No
6010-DDPPW,Male,61,No,5597,70,Yes,9.03,No,None,0,No,No,No,No,No,Two Year,No,Bank Withdrawal,25.15,1940.85,No
6693-FRIRW,Male,61,No,4242,18,Yes,7.56,Yes,Fiber Optic,20,No,Yes,Yes,No,Yes,Month-to-Month,No,Credit Card,101.3,1794.65,No
6586-MYGKD,Male,46,No,3124,70,Yes,18.26,Yes,DSL,18,Yes,No,No,Yes,Yes,Two Year,Yes,Credit Card,76.95,5289.8,No
3173-NVMPX,Female,51,Yes,22133,9,Yes,23.36,Yes,DSL,22,No,Yes,No,No,Yes,Month-to-Month,Yes,Credit Card,55.3,501.2,No
0623-GDISB,Female,63,No,15297,1,Yes,16.42,Yes,Cable,21,Yes,No,No,No,Yes,Month-to-Month,Yes,Bank Withdrawal,48.45,48.45,No
2892-GESUL,Female,20,Yes,34321,18,Yes,20,No,None,0,No,No,No,No,No,Two Year,No,Credit Card,19.35,309.25,No
2043-WVTQJ,Male,61,No,88230,1,Yes,17.68,Yes,Cable,9,Yes,No,Yes,No,Yes,Month-to-Month,No,Credit Card,55.7,55.7,No
8034-RYTVV,Female,19,No,42193,55,Yes,44.85,Yes,Fiber Optic,48,Yes,No,Yes,No,Yes,One Year,Yes,Credit Card,84.25,4589.85,No
3863-QSTYI,Male,60,No,46371,59,Yes,16.8,Yes,Cable,18,No,No,Yes,Yes,Yes,Month-to-Month,Yes,Bank Withdrawal,64.65,3735.45,No
5044-LRQAQ,Female,19,No,350,7,Yes,41.22,Yes,Fiber Optic,73,No,No,No,No,Yes,Month-to-Month,Yes,Bank Withdrawal,69.2,477.55,No
1716-LSAMB,Male,21,Yes,58157,45,Yes,45.21,Yes,Cable,59,Yes,No,No,Yes,Yes,Two Year,No,Bank Withdrawal,54.65,2553.7,No
1333-PBMXB,Female,40,Yes,70011,54,Yes,28.87,No,None,0,No,No,No,No,No,One Year,Yes,Bank Withdrawal,24.75,1342.15,No
6546-OPBBH,Male,40,Yes,91188,51,Yes,42.55,No,None,0,No,No,No,No,No,One Year,Yes,Credit Card,23.95,1216.35,No
9127-QRZMH,Male,39,No,37879,44,Yes,17.61,Yes,DSL,24,Yes,Yes,No,Yes,Yes,One Year,Yes,Bank Withdrawal,59.85,2603.95,No
5919-VCZYM,Male,19,No,62634,2,Yes,40.28,No,None,0,No,No,No,No,No,Month-to-Month,No,Credit Card,20.05,42.7,No
9644-KVCNC,Female,49,No,54548,66,Yes,19.68,Yes,Fiber Optic,28,No,No,Yes,No,Yes,One Year,Yes,Bank Withdrawal,92.15,6056.9,No
2137-DQMEV,Male,39,Yes,55062,68,No,0,Yes,DSL,19,Yes,Yes,No,No,Yes,One Year,No,Credit Card,44.8,2983.65,No
8174-LNWMW,Female,52,No,17494,31,Yes,26.16,No,None,0,No,No,No,No,No,Two Year,No,Credit Card,20.9,689.35,No
7964-VEXDG,Male,61,Yes,45086,21,Yes,13.39,Yes,Fiber Optic,24,Yes,No,No,No,Yes,Month-to-Month,No,Bank Withdrawal,80.35,1747.2,No
2404-JIBFC,Female,37,Yes,81333,55,Yes,8.39,Yes,DSL,52,Yes,No,Yes,Yes,Yes,Two Year,Yes,Bank Withdrawal,85.1,4657.95,No
4632-PAOYU,Male,37,Yes,19629,22,Yes,37.4,No,None,0,No,No,No,No,No,One Year,No,Credit Card,19.95,433.5,No
2990-OGYTD,Female,41,No,34592,67,Yes,3.2,Yes,DSL,23,No,Yes,Yes,Yes,Yes,Two Year,No,Bank Withdrawal,86.15,5883.85,No
7880-XSOJX,Male,50,No,50641,4,No,0,Yes,DSL,23,Yes,Yes,No,Yes,Yes,Month-to-Month,No,Credit Card,42.4,146.4,No
4589-IUAJB,Male,36,No,43491,70,Yes,28.54,No,None,0,No,No,No,No,No,Two Year,No,Bank Withdrawal,24.25,1724.15,No
8457-XIGKN,Male,46,No,22443,20,Yes,29.12,No,None,0,No,No,No,No,No,Month-to-Month,Yes,Credit Card,19.6,356.15,No
6072-NUQCB,Male,50,Yes,5935,22,Yes,37.7,No,None,0,No,No,No,No,No,One Year,No,Bank Withdrawal,20.25,488.25,No
8838-GPHZP,Female,25,No,15396,63,Yes,16.57,No,None,0,No,No,No,No,No,Two Year,Yes,Credit Card,20.6,1298.7,No
8750-QWZAJ,Female,38,Yes,40915,70,Yes,48.44,No,None,0,No,No,No,No,No,Two Year,No,Bank Withdrawal,19.8,1378.75,No
6918-UMQCG,Female,25,No,37916,5,Yes,48.86,Yes,Fiber Optic,59,No,No,No,No,Yes,Month-to-Month,No,Bank Withdrawal,80.2,384.25,No
0675-NCDYU,Female,61,Yes,48170,72,Yes,28.86,Yes,Fiber Optic,20,Yes,Yes,Yes,Yes,Yes,Two Year,Yes,Credit Card,116.4,8543.25,No
6339-DKLMK,Female,27,No,44875,13,No,0,Yes,DSL,27,No,Yes,No,No,Yes,Month-to-Month,Yes,Bank Withdrawal,31.65,389.95,No
1346-PJWTK,Male,63,No,16998,61,Yes,17.73,Yes,Fiber Optic,2,No,Yes,Yes,Yes,Yes,Month-to-Month,No,Credit Card,94.15,5731.85,No
5088-QZLRL,Male,50,No,21911,1,Yes,1.47,No,None,0,No,No,No,No,No,Month-to-Month,No,Bank Withdrawal,20.65,20.65,No
4397-FRLTA,Female,35,No,13188,4,Yes,32.54,No,None,0,No,No,No,No,No,Month-to-Month,No,Credit Card,20.15,84.5,No
3057-VJJQE,Male,64,No,39458,35,Yes,20.39,Yes,DSL,21,Yes,No,No,No,Yes,Two Year,No,Credit Card,55.25,1924.1,No
2302-OUZXB,Male,62,No,32899,72,Yes,22.01,Yes,DSL,5,No,Yes,Yes,No,Yes,Two Year,No,Bank Withdrawal,82.15,5784.3,No
2270-CHBFN,Female,46,No,27381,44,Yes,32.72,Yes,Fiber Optic,6,Yes,Yes,Yes,Yes,Yes,Month-to-Month,Yes,Credit Card,95.1,4060.55,No
5982-FPVQN,Female,40,Yes,24945,37,Yes,41.03,Yes,Fiber Optic,15,No,Yes,Yes,No,Yes,Month-to-Month,Yes,Bank Withdrawal,95.15,3532.85,No
9107-UKCKY,Male,36,No,17409,61,Yes,27.88,Yes,DSL,5,No,Yes,Yes,No,No,One Year,Yes,Bank Withdrawal,79.8,4914.8,No
4654-ULTTN,Male,34,No,16013,70,Yes,8.28,Yes,DSL,5,Yes,No,Yes,Yes,Yes,Two Year,Yes,Credit Card,74.8,5315.8,No
5546-BYZSM,Female,52,No,6503,41,Yes,15.48,No,None,0,No,No,No,No,No,Month-to-Month,No,Bank Withdrawal,20.45,775.6,No
1492-KGETH,Male,25,Yes,21633,70,Yes,35.9,Yes,Cable,59,Yes,Yes,Yes,Yes,Yes,One Year,No,Bank Withdrawal,78.35,5445.95,No
4163-HFTUK,Male,34,No,77791,51,Yes,29.33,No,None,0,No,No,No,No,No,One Year,No,Bank Withdrawal,19.1,1007.8,No
8215-NGSPE,Female,63,Yes,25322,42,Yes,3.14,No,None,0,No,No,No,No,No,Two Year,No,Credit Card,20,833.55,No
8859-YSTWS,Male,43,No,25634,48,Yes,11.02,No,None,0,No,No,No,No,No,One Year,No,Bank Withdrawal,19.95,1004.5,No
7601-DHFWZ,Female,54,No,49027,48,Yes,30.82,No,None,0,No,No,No,No,No,Two Year,No,Credit Card,24,1183.05,No
1998-VHJHK,Female,36,No,31727,27,Yes,20.18,No,None,0,No,No,No,No,No,One Year,No,Credit Card,19.15,501.35,No
0487-VVUVK,Male,49,Yes,10986,25,Yes,19.09,No,None,0,No,No,No,No,No,Month-to-Month,Yes,Credit Card,19.15,477.6,No
5063-IUOKK,Male,56,No,16477,13,Yes,10.11,No,None,0,No,No,No,No,No,Two Year,No,Credit Card,19.75,265.75,No
4508-OEBEY,Male,41,No,49975,31,Yes,27.37,Yes,DSL,15,Yes,Yes,Yes,Yes,Yes,One Year,Yes,Credit Card,75.5,2424.45,No
0027-KWYKW,Female,30,Yes,1054,23,Yes,34.91,Yes,Fiber Optic,30,No,No,No,No,Yes,Month-to-Month,Yes,Bank Withdrawal,83.75,1849.95,No
2308-STERM,Female,58,No,2872,2,Yes,6.65,No,None,0,No,No,No,No,No,Month-to-Month,No,Credit Card,19.4,61.05,No
5982-XMDEX,Female,42,No,16206,65,Yes,33.71,No,None,0,No,No,No,No,No,Two Year,No,Bank Withdrawal,26.5,1698.55,No
6051-PTVNS,Female,31,Yes,1954,55,Yes,27.7,No,None,0,No,No,No,No,No,One Year,No,Credit Card,19.15,998.1,No
2877-VDUER,Female,36,Yes,191,35,No,0,Yes,DSL,30,No,No,No,Yes,Yes,One Year,No,Credit Card,40.9,1383.6,No
9152-AMKAK,Male,50,No,18036,6,Yes,22.95,Yes,Cable,10,Yes,No,Yes,Yes,Yes,Two Year,Yes,Credit Card,80.25,493.4,No
9432-VOFYX,Male,26,No,37280,17,Yes,35.88,Yes,Fiber Optic,52,No,No,No,No,Yes,Month-to-Month,Yes,Bank Withdrawal,70.8,1207,No
8049-WJCLQ,Male,50,Yes,823,10,Yes,19.77,Yes,DSL,12,No,No,Yes,No,Yes,Month-to-Month,No,Credit Card,60.2,563.5,No
6586-PSJOX,Male,62,Yes,9318,15,Yes,1.63,Yes,DSL,11,No,No,Yes,Yes,No,One Year,No,Credit Card,55.2,864.55,No
9705-ZJBCG,Female,51,Yes,1526,13,Yes,19.63,Yes,DSL,12,Yes,No,No,Yes,Yes,One Year,No,Bank Withdrawal,54.15,701.05,No
9670-BPNXF,Female,48,No,296,45,Yes,8.4,Yes,DSL,8,Yes,Yes,No,Yes,Yes,One Year,Yes,Credit Card,62.55,2796.45,No
3913-FCUUW,Female,52,Yes,53204,72,Yes,6.85,Yes,DSL,19,Yes,Yes,Yes,Yes,Yes,Two Year,Yes,Bank Withdrawal,70.45,5165.7,No
3301-VKTGC,Male,27,Yes,6918,68,Yes,29.67,Yes,Fiber Optic,85,Yes,Yes,No,No,Yes,One Year,Yes,Bank Withdrawal,85.5,5696.6,No
9555-SAHUZ,Female,30,Yes,1873,38,Yes,46.27,Yes,Cable,30,Yes,Yes,No,No,Yes,Month-to-Month,No,Bank Withdrawal,54.5,2076.05,No
0816-TSPHQ,Male,35,No,1809,2,Yes,27.67,No,None,0,No,No,No,No,No,Month-to-Month,No,Credit Card,20.75,44.2,No
9932-WBWIK,Male,43,No,5564,11,Yes,47.88,No,None,0,No,No,No,No,No,Month-to-Month,No,Credit Card,20.35,215.25,No
5286-YHCVC,Male,58,No,2900,72,Yes,40.49,Yes,Fiber Optic,15,No,Yes,Yes,No,Yes,Two Year,Yes,Bank Withdrawal,104.8,7470.1,No
9115-YQHGA,Male,26,No,30419,40,Yes,34.49,Yes,DSL,73,No,No,No,Yes,Yes,Month-to-Month,Yes,Bank Withdrawal,51.1,2092.9,No
8963-MQVYN,Female,28,Yes,2502,22,Yes,43.97,No,None,0,No,No,No,No,No,Month-to-Month,Yes,Bank Withdrawal,20.55,469.85,No
2458-EOMRE,Female,19,No,10781,11,Yes,40.96,Yes,DSL,52,Yes,No,Yes,No,No,Month-to-Month,No,Bank Withdrawal,64.05,733.95,No
6542-LWGXJ,Male,46,No,4198,3,No,0,Yes,DSL,12,No,No,No,No,Yes,Month-to-Month,No,Credit Card,25,78.25,No
5567-GZKQY,Male,58,No,65566,58,Yes,29.25,No,None,0,No,No,No,No,No,Two Year,No,Credit Card,20.3,1131.5,No
1222-LRYKO,Male,21,Yes,266,6,Yes,38.28,No,None,0,No,No,No,No,No,Month-to-Month,No,Credit Card,26.35,184.05,No
2087-QAREY,Female,60,No,56,22,Yes,39.83,Yes,Cable,16,No,Yes,Yes,No,Yes,Month-to-Month,Yes,Credit Card,54.7,1178.75,No
4423-JWZJN,Male,57,Yes,3546,64,Yes,45.35,Yes,Fiber Optic,30,No,No,Yes,No,Yes,One Year,No,Credit Card,90.25,5629.15,No
6490-FGZAT,Male,33,No,5689,6,Yes,32.34,No,None,0,No,No,No,No,No,Month-to-Month,No,Credit Card,20.65,109.3,No
7452-FOLON,Male,45,Yes,5868,39,Yes,46.57,No,None,0,No,No,No,No,No,One Year,No,Bank Withdrawal,25.45,958.45,No
2320-TZRRH,Female,38,No,2318,20,Yes,38.74,No,None,0,No,No,No,No,No,One Year,No,Credit Card,19.5,403.15,No
4942-VZZOM,Male,40,No,236,64,Yes,37.46,Yes,DSL,2,Yes,No,No,No,Yes,One Year,Yes,Credit Card,66.15,4392.5,No
7502-BNYGS,Female,29,No,22760,46,Yes,31.88,Yes,DSL,53,No,Yes,No,No,Yes,Month-to-Month,Yes,Credit Card,69.1,3168,No
6147-CBCRA,Female,34,No,2515,33,Yes,4.15,No,None,0,No,No,No,No,No,Month-to-Month,No,Credit Card,20.05,669.45,No
6047-SUHPR,Male,60,Yes,8870,39,Yes,13.8,Yes,DSL,13,Yes,Yes,Yes,No,No,One Year,No,Bank Withdrawal,59.8,2343.85,No
9752-ZNQUT,Female,51,No,36718,1,Yes,7.99,Yes,Cable,11,No,Yes,No,No,Yes,Month-to-Month,Yes,Bank Withdrawal,48.6,48.6,No
5666-MBJPT,Male,22,No,44588,65,Yes,20.43,No,None,0,No,No,No,No,No,Two Year,Yes,Bank Withdrawal,25.1,1725,No
7312-XSBAT,Male,47,No,35643,1,Yes,41.79,Yes,DSL,14,Yes,No,No,No,Yes,Month-to-Month,No,Bank Withdrawal,49.75,49.75,No
3096-GKWEB,Male,42,No,53481,18,Yes,34.17,Yes,Fiber Optic,16,No,No,No,No,Yes,Month-to-Month,Yes,Bank Withdrawal,94.75,1691.9,No
2371-JQHZZ,Male,54,No,59195,24,Yes,46.91,Yes,Fiber Optic,20,No,No,No,No,No,Month-to-Month,Yes,Bank Withdrawal,93,2248.05,No
0674-GCDXG,Male,20,No,44915,63,Yes,42.59,Yes,DSL,85,Yes,No,Yes,Yes,Yes,Two Year,Yes,Bank Withdrawal,71.9,4479.2,No
1121-QSIVB,Female,39,Yes,58632,44,Yes,5.07,Yes,DSL,26,No,Yes,No,No,Yes,One Year,Yes,Credit Card,77.55,3471.1,No
4396-KLSEH,Male,26,No,20440,4,Yes,6.88,No,None,0,No,No,No,No,No,Month-to-Month,Yes,Bank Withdrawal,19.85,63,No
2824-MYYBN,Female,43,Yes,25126,37,Yes,1.6,Yes,Fiber Optic,11,No,No,No,No,Yes,Month-to-Month,Yes,Bank Withdrawal,95.25,3314.15,No
6345-HOVES,Male,59,No,14859,34,No,0,Yes,Cable,28,No,No,No,No,Yes,Month-to-Month,Yes,Bank Withdrawal,25.05,852.7,No
8318-LCNBW,Male,53,No,31982,35,No,0,Yes,DSL,30,Yes,No,Yes,No,Yes,One Year,No,Credit Card,53.15,1930.9,No
6469-QJKZW,Female,35,No,24499,4,Yes,45.84,No,None,0,No,No,No,No,No,Month-to-Month,No,Bank Withdrawal,20.15,91.4,No
6370-ZVHDV,Female,52,No,4644,61,Yes,40.37,No,None,0,No,No,No,No,No,Two Year,No,Bank Withdrawal,25.3,1554.9,No
5915-DGNVC,Female,47,No,6526,49,Yes,25.1,Yes,DSL,30,Yes,Yes,Yes,No,Yes,One Year,No,Bank Withdrawal,71.8,3472.05,No
6260-XLACS,Male,49,No,210,4,Yes,23.04,No,None,0,No,No,No,No,No,One Year,No,Credit Card,19.7,117.8,No
3566-CAAYU,Female,28,Yes,3220,64,No,0,Yes,DSL,59,No,Yes,Yes,Yes,Yes,Two Year,No,Bank Withdrawal,49.85,3210.35,No
4983-CCWMC,Male,43,No,1203,3,Yes,28.97,Yes,Fiber Optic,16,No,No,No,No,No,Month-to-Month,Yes,Credit Card,69.6,207.4,No
9103-CXVOK,Male,31,Yes,13106,1,Yes,30.38,No,None,0,No,No,No,No,No,Month-to-Month,No,Bank Withdrawal,19.75,19.75,No
2896-TBNBE,Male,46,No,5726,40,Yes,12.97,Yes,Fiber Optic,24,No,Yes,Yes,No,Yes,One Year,No,Bank Withdrawal,80.8,3132.75,No
3841-CONLJ,Female,33,No,10909,1,No,0,Yes,DSL,14,No,No,No,No,Yes,Month-to-Month,No,Bank Withdrawal,35,35,No
4475-NVTLU,Male,21,Yes,35586,45,Yes,17.23,No,None,0,No,No,No,No,No,Two Year,No,Bank Withdrawal,19.2,903.7,No
9386-LDCZR,Male,19,No,670,43,Yes,36.78,Yes,Fiber Optic,59,Yes,Yes,Yes,Yes,Yes,One Year,Yes,Credit Card,90.65,3882.3,No
9585-KKMFD,Male,24,Yes,2666,41,Yes,16.02,No,None,0,No,No,No,No,No,Two Year,Yes,Credit Card,20,879.8,No
5399-ZIMKF,Male,58,No,471,5,Yes,32.81,Yes,Fiber Optic,16,No,Yes,No,No,Yes,Month-to-Month,Yes,Bank Withdrawal,74.65,383.65,No
0336-KXKFK,Male,43,No,2687,72,No,0,Yes,DSL,6,Yes,No,Yes,Yes,Yes,Two Year,Yes,Credit Card,61.2,4390.25,No
5619-XZZKR,Male,47,No,30540,4,Yes,6.86,No,None,0,No,No,No,No,No,One Year,No,Credit Card,19.95,68.2,No
3948-FVVRP,Male,43,Yes,37364,9,Yes,44.46,Yes,DSL,24,No,Yes,No,Yes,Yes,Month-to-Month,No,Credit Card,54.8,452.8,No
0983-TATYJ,Female,42,No,5710,33,Yes,48.09,Yes,DSL,9,No,No,No,Yes,Yes,One Year,Yes,Credit Card,51.45,1758.9,No
1813-JYWTO,Female,59,No,1255,72,Yes,6.23,Yes,Fiber Optic,27,Yes,No,No,No,No,Two Year,No,Bank Withdrawal,80.45,5737.6,No
6719-OXYBR,Male,41,No,8316,15,Yes,27.3,Yes,Fiber Optic,18,No,No,Yes,No,Yes,Month-to-Month,No,Bank Withdrawal,85.3,1219.85,No
6476-YHMGA,Female,63,Yes,340,15,Yes,39.77,Yes,DSL,18,No,Yes,Yes,Yes,Yes,Month-to-Month,No,Bank Withdrawal,76.5,1155.6,No
0168-XZKBB,Female,34,No,2241,19,Yes,7.84,Yes,Fiber Optic,16,No,No,No,No,Yes,Month-to-Month,Yes,Bank Withdrawal,86.85,1564.4,No
3785-NRHYR,Male,40,No,826,1,Yes,16.91,No,None,0,No,No,No,No,No,Month-to-Month,No,Credit Card,19.65,19.65,No
4537-DKTAL,Female,26,No,64,2,Yes,41.9,Yes,DSL,71,No,No,No,No,No,Month-to-Month,No,Bank Withdrawal,45.55,84.4,No
5602-BVFMK,Female,58,No,734,12,Yes,41.78,No,None,0,No,No,No,No,No,One Year,No,Credit Card,19.3,228.75,No
6297-NOOPG,Female,41,No,46171,70,Yes,28.54,Yes,Fiber Optic,23,No,Yes,Yes,Yes,Yes,Two Year,Yes,Bank Withdrawal,110.5,7752.05,No
8204-TIFGJ,Female,38,No,618,23,Yes,16.26,No,None,0,No,No,No,No,No,Month-to-Month,Yes,Bank Withdrawal,20.3,470.6,No
8903-XEBGX,Male,22,Yes,35109,2,Yes,43.93,Yes,DSL,59,No,No,No,No,Yes,Month-to-Month,Yes,Bank Withdrawal,55.3,108.65,No
1089-XZWHH,Female,43,Yes,504,24,Yes,46.3,No,None,0,No,No,No,No,No,Two Year,Yes,Credit Card,19.7,494.05,No
2325-WINES,Female,44,No,11198,32,Yes,14.21,Yes,Fiber Optic,28,No,Yes,Yes,No,Yes,One Year,Yes,Credit Card,104.05,3416.85,No
6064-ZATLR,Female,44,No,1220,27,Yes,10.55,Yes,DSL,29,Yes,Yes,No,No,Yes,Two Year,No,Bank Withdrawal,52.85,1498.65,No
7824-PANSQ,Male,52,No,8217,58,Yes,44.67,Yes,Fiber Optic,8,No,No,No,Yes,Yes,Month-to-Month,No,Bank Withdrawal,80.65,4807.35,No
9648-BCHKM,Female,22,Yes,67232,18,Yes,43.69,No,None,0,No,No,No,No,No,Two Year,Yes,Credit Card,24.65,471.35,No
2888-ADFAO,Female,47,Yes,34045,47,Yes,3.95,No,None,0,No,No,No,No,No,Two Year,Yes,Bank Withdrawal,21.3,1041.8,No
8707-HOEDG,Female,26,Yes,25370,70,Yes,5.51,Yes,Fiber Optic,85,No,Yes,Yes,Yes,No,Two Year,Yes,Bank Withdrawal,110.2,7689.8,No
4072-IPYLT,Female,32,Yes,117,36,Yes,19.73,Yes,DSL,19,Yes,No,No,No,Yes,Month-to-Month,No,Credit Card,51.05,1815,No
7167-PCEYD,Male,31,No,46171,67,Yes,4.72,No,None,0,No,No,No,No,No,Two Year,Yes,Credit Card,19.8,1311.3,No
4936-YPJNK,Female,56,No,14931,10,Yes,23.84,No,None,0,No,No,No,No,No,Month-to-Month,Yes,Credit Card,19.9,199.45,No
4817-KEQSP,Female,43,Yes,46171,71,Yes,16.84,No,None,0,No,No,No,No,No,Two Year,No,Bank Withdrawal,19.85,1326.35,No
6408-WHTEF,Male,45,Yes,413,72,Yes,2.75,Yes,DSL,19,Yes,Yes,Yes,Yes,Yes,Two Year,Yes,Credit Card,89.4,6376.55,No
9251-AWQGT,Female,19,Yes,6787,48,Yes,9.77,No,None,0,No,No,No,No,No,Two Year,No,Credit Card,20,935.9,No
8749-CLJXC,Male,56,No,1968,1,Yes,13.51,No,None,0,No,No,No,No,No,Month-to-Month,No,Credit Card,20.05,20.05,No
7989-VCQOH,Male,29,Yes,3464,18,Yes,10.29,Yes,DSL,59,Yes,No,Yes,Yes,Yes,Month-to-Month,No,Bank Withdrawal,83.25,1611.15,No
8882-TLVRW,Male,52,Yes,273,69,No,0,Yes,DSL,11,Yes,No,Yes,Yes,Yes,Two Year,No,Credit Card,39.1,2779.5,No
3580-GICBM,Female,56,Yes,46858,61,Yes,34.84,No,None,0,No,No,No,No,No,Two Year,Yes,Credit Card,24.2,1445.2,No
9730-DRTMJ,Male,26,No,9395,32,Yes,15.41,Yes,DSL,46,Yes,No,No,Yes,Yes,One Year,Yes,Credit Card,72.8,2333.05,No
4686-UXDML,Female,24,No,5519,21,Yes,24.86,Yes,Fiber Optic,48,No,Yes,No,No,Yes,Month-to-Month,Yes,Credit Card,99.85,1992.55,No
0932-YIXYU,Female,50,No,9388,47,Yes,8.85,No,None,0,No,No,No,No,No,Two Year,No,Credit Card,20.25,1029.8,No
7480-SPLEF,Male,63,Yes,506,69,Yes,11.6,No,None,0,No,No,No,No,No,Two Year,Yes,Bank Withdrawal,26,1796.55,No
7636-XUHWW,Male,56,No,9491,2,Yes,3.82,No,None,0,No,No,No,No,No,Month-to-Month,Yes,Credit Card,19.9,33.7,No
1431-CYWMH,Female,35,Yes,77,22,Yes,46.45,No,None,0,No,No,No,No,No,Month-to-Month,No,Bank Withdrawal,19.05,454.05,No
6349-JDHQP,Female,62,No,5635,53,Yes,18.81,No,None,0,No,No,No,No,No,Two Year,No,Credit Card,19.85,1049.6,No
5847-MXBEO,Male,42,No,152,22,Yes,10.36,No,None,0,No,No,No,No,No,One Year,No,Credit Card,20.3,475.1,No
1116-FRYVH,Female,29,Yes,14088,48,No,0,Yes,DSL,52,Yes,Yes,No,Yes,No,Two Year,No,Credit Card,39.4,1978.65,No
9633-XQABV,Female,33,No,29124,3,Yes,25.4,Yes,Fiber Optic,10,No,No,No,No,Yes,Month-to-Month,Yes,Bank Withdrawal,70.25,229.7,No
1183-CANVH,Female,55,No,48690,23,Yes,1.39,Yes,DSL,18,No,No,No,Yes,Yes,One Year,No,Bank Withdrawal,60,1347.15,No
1972-XMUWV,Female,46,No,571,65,Yes,10.23,Yes,Cable,14,No,No,No,Yes,Yes,Two Year,Yes,Credit Card,59.8,3808.2,No
8679-LZBMD,Male,30,No,3376,44,Yes,23.75,Yes,Fiber Optic,53,No,No,No,No,Yes,One Year,Yes,Bank Withdrawal,90.65,3974.15,No
3407-JMJQQ,Female,22,Yes,8521,71,Yes,1.84,Yes,Fiber Optic,69,Yes,Yes,Yes,No,No,Two Year,Yes,Bank Withdrawal,109,7661.8,No
6252-DFGTK,Female,64,No,173,37,Yes,30.36,Yes,DSL,11,Yes,No,Yes,Yes,Yes,One Year,No,Credit Card,68.1,2479.25,No
1539-LNKHM,Female,53,No,8449,12,Yes,23.2,No,None,0,No,No,No,No,No,Month-to-Month,No,Credit Card,20.4,266.6,No
8645-KOMJQ,Male,20,Yes,9780,69,Yes,49.16,Yes,DSL,48,No,Yes,Yes,Yes,Yes,Two Year,Yes,Bank Withdrawal,81.95,5601.4,No
0289-IVARM,Female,57,No,12587,35,Yes,44.81,Yes,DSL,20,Yes,Yes,Yes,No,Yes,Month-to-Month,No,Bank Withdrawal,60.55,1982.6,No
9761-XUJWD,Male,22,No,3258,5,Yes,8.6,Yes,DSL,59,No,Yes,No,Yes,Yes,Month-to-Month,Yes,Bank Withdrawal,65.6,339.9,No
4057-FKCZK,Male,40,Yes,1314,58,Yes,29.93,Yes,Fiber Optic,24,No,No,No,No,Yes,Two Year,No,Bank Withdrawal,82.5,4828.05,No
4291-TPNFG,Male,56,No,265,72,Yes,29.29,Yes,DSL,30,Yes,Yes,Yes,Yes,No,Two Year,Yes,Bank Withdrawal,82.3,5980.55,No
6087-YPWHO,Male,56,No,972,72,Yes,17.31,Yes,DSL,17,Yes,Yes,Yes,Yes,Yes,Two Year,No,Credit Card,68.15,4808.7,No
3090-QFUVD,Female,48,No,25923,1,Yes,4.09,No,None,0,No,No,No,No,No,Month-to-Month,No,Credit Card,20.3,20.3,No
1722-LDZJS,Male,38,Yes,28991,53,Yes,20.44,No,None,0,No,No,No,No,No,One Year,No,Credit Card,20.2,1068.15,No
1818-ESQMW,Female,31,No,4318,27,Yes,39.62,Yes,Fiber Optic,2,No,No,Yes,Yes,Yes,Month-to-Month,Yes,Bank Withdrawal,89.2,2383.6,No
7401-RUBNK,Female,25,No,343,18,Yes,43.29,Yes,Fiber Optic,41,Yes,No,No,No,Yes,Month-to-Month,No,Bank Withdrawal,74.8,1438.05,No
0506-YLVKJ,Male,54,Yes,306,46,Yes,45.92,No,None,0,No,No,No,No,No,Two Year,Yes,Credit Card,20.2,917.45,No
8661-BOYNW,Female,38,No,2633,72,Yes,5.25,Yes,DSL,28,Yes,No,Yes,Yes,Yes,Two Year,Yes,Credit Card,84.4,6096.45,No
4815-GBTCD,Female,55,No,327,4,No,0,Yes,DSL,29,No,No,No,No,Yes,Month-to-Month,Yes,Bank Withdrawal,25.15,99.95,No
2805-AUFQN,Female,42,No,646,25,Yes,13.93,No,None,0,No,No,No,No,No,Two Year,No,Credit Card,19.8,475.2,No
0980-PVMRC,Female,27,Yes,3146,40,No,0,Yes,DSL,52,No,Yes,No,No,Yes,Month-to-Month,Yes,Bank Withdrawal,50.85,2036.55,No
7233-DRTRF,Male,47,No,13858,63,Yes,17.75,Yes,Fiber Optic,15,No,Yes,Yes,No,Yes,Month-to-Month,Yes,Bank Withdrawal,102.4,6444.05,No
3873-NFTGI,Male,54,No,31180,14,Yes,18.48,Yes,DSL,21,No,Yes,No,No,Yes,Month-to-Month,Yes,Credit Card,55.5,767.55,No
7048-GXDAY,Male,55,No,35451,39,Yes,17.17,Yes,Fiber Optic,30,Yes,Yes,No,No,Yes,Month-to-Month,Yes,Bank Withdrawal,106.4,4040.65,No
8571-ZCMCX,Female,37,Yes,35790,47,No,0,Yes,DSL,25,Yes,Yes,Yes,No,Yes,Two Year,Yes,Credit Card,60,2768.65,No
1169-WCVAK,Male,42,No,29337,19,Yes,34.05,Yes,Fiber Optic,20,Yes,Yes,No,Yes,Yes,Month-to-Month,Yes,Credit Card,88.8,1672.35,No
7129-CAKJW,Female,62,No,6848,17,Yes,44.96,Yes,Fiber Optic,29,No,No,Yes,No,Yes,Month-to-Month,No,Bank Withdrawal,80.05,1345.65,No
3570-YUEKJ,Female,40,No,21010,42,Yes,8.71,Yes,DSL,23,No,Yes,No,No,Yes,Month-to-Month,Yes,Bank Withdrawal,49.55,2077.95,No
1555-HAPSU,Female,25,Yes,54701,71,Yes,29.41,No,None,0,No,No,No,No,No,Two Year,No,Credit Card,23.9,1663.5,No
8464-EETCQ,Male,45,No,58548,57,Yes,19.69,No,None,0,No,No,No,No,No,Two Year,No,Credit Card,18.8,1094.35,No
2419-FSORS,Male,29,No,53946,72,Yes,10.68,Yes,Fiber Optic,59,No,Yes,Yes,Yes,Yes,Two Year,Yes,Bank Withdrawal,108.4,7719.5,No
8132-YPVBX,Female,28,No,22292,6,Yes,40.64,Yes,Fiber Optic,51,No,Yes,No,No,Yes,Month-to-Month,Yes,Credit Card,85.95,514.6,No
6754-LZUKA,Male,29,No,48690,61,Yes,23.31,Yes,DSL,51,No,Yes,Yes,No,Yes,Two Year,No,Bank Withdrawal,80.9,4932.5,No
8099-MZPUJ,Male,49,Yes,13121,48,Yes,12.57,Yes,Fiber Optic,18,Yes,Yes,Yes,Yes,Yes,Two Year,No,Credit Card,111.8,5443.65,No
0787-LHDYT,Male,36,No,6691,16,Yes,33.44,No,None,0,No,No,No,No,No,Month-to-Month,Yes,Credit Card,20.6,330.25,No
0374-IOEGQ,Female,62,No,9023,3,Yes,15.59,Yes,Cable,27,No,No,No,No,Yes,Month-to-Month,No,Bank Withdrawal,44.6,122.7,No
3197-NNYNB,Male,47,No,254,65,Yes,27.75,Yes,Fiber Optic,30,No,Yes,Yes,No,Yes,Two Year,No,Credit Card,105.1,6631.85,No
3396-DKDEL,Female,45,Yes,14477,70,Yes,11.36,Yes,Fiber Optic,53,Yes,Yes,Yes,Yes,Yes,Two Year,Yes,Credit Card,115.15,8250,No
1752-OZXFY,Male,39,No,538,60,Yes,15.24,Yes,DSL,16,Yes,No,No,No,Yes,One Year,Yes,Credit Card,59.8,3561.15,No
9066-QRSDU,Female,23,No,21759,69,Yes,22.08,No,None,0,No,No,No,No,No,One Year,Yes,Bank Withdrawal,26.3,1763.55,No
9867-NNXLC,Female,43,No,15449,22,Yes,33.92,No,None,0,No,No,No,No,No,Month-to-Month,Yes,Credit Card,20.05,470.2,No
5321-NTRKC,Male,25,Yes,4602,66,Yes,35.01,Yes,DSL,59,No,Yes,Yes,No,Yes,Two Year,No,Bank Withdrawal,79.85,5234.95,No
3161-GETRM,Male,61,Yes,13003,34,Yes,20.05,Yes,Fiber Optic,57,No,No,Yes,No,Yes,Month-to-Month,Yes,Credit Card,90.05,3097,No
0402-OAMEN,Female,36,Yes,407,72,Yes,20.56,No,None,0,No,No,No,No,No,Two Year,No,Bank Withdrawal,24.45,1709.1,No
6933-VLYFX,Male,64,Yes,25566,31,No,0,Yes,Cable,25,Yes,No,Yes,Yes,Yes,One Year,No,Bank Withdrawal,59.95,1848.8,No
6754-WKSHP,Male,61,Yes,3635,30,Yes,4.27,No,None,0,No,No,No,No,No,One Year,No,Bank Withdrawal,25.35,723.3,No
5055-MGMGF,Female,35,No,17929,65,Yes,40.71,Yes,Fiber Optic,23,Yes,No,Yes,No,No,Month-to-Month,Yes,Bank Withdrawal,105.05,6914.95,No
4641-FROLU,Female,49,Yes,1622,30,Yes,11.6,No,None,0,No,No,No,No,No,Two Year,No,Credit Card,19.3,602.9,No
2862-JVEOY,Male,33,No,148,6,Yes,10.54,No,None,0,No,No,No,No,No,One Year,No,Credit Card,19.15,124.4,No
2969-QWUBZ,Female,53,No,18486,2,No,0,Yes,Cable,21,No,Yes,No,No,Yes,Month-to-Month,No,Bank Withdrawal,51.4,96.8,No
9822-BIIGN,Male,61,Yes,21496,53,Yes,27.56,Yes,Cable,26,Yes,No,No,Yes,Yes,Month-to-Month,No,Bank Withdrawal,71.85,3827.9,No
1534-OULXE,Female,34,Yes,6876,61,Yes,42.85,Yes,DSL,11,Yes,No,No,No,Yes,One Year,Yes,Bank Withdrawal,49.7,2961.4,No
2971-SGAFL,Female,34,No,20350,13,Yes,38.4,Yes,DSL,23,Yes,No,Yes,No,No,Month-to-Month,Yes,Bank Withdrawal,78.75,995.35,No
2905-KFQUV,Female,61,No,3064,2,Yes,7.49,Yes,Fiber Optic,14,No,No,No,No,Yes,Month-to-Month,Yes,Credit Card,70.4,154.8,No
3370-HXOPH,Female,50,No,13483,3,Yes,14.35,Yes,Fiber Optic,17,No,No,No,No,Yes,Month-to-Month,No,Bank Withdrawal,76.1,257.6,No
9391-YZEJW,Female,42,No,27822,62,Yes,32.29,Yes,Fiber Optic,26,No,No,No,No,Yes,One Year,Yes,Bank Withdrawal,94,5757.2,No
9958-MEKUC,Male,26,Yes,38885,72,Yes,45.93,Yes,Fiber Optic,30,Yes,Yes,Yes,Yes,Yes,Two Year,No,Credit Card,103.95,7517.7,No
0281-CNTZX,Male,56,No,2055,63,Yes,38.36,No,None,0,No,No,No,No,No,Two Year,Yes,Bank Withdrawal,19.95,1234.8,No
9114-VEPUF,Male,19,No,10658,62,Yes,30.51,Yes,Fiber Optic,41,Yes,Yes,No,No,Yes,One Year,No,Bank Withdrawal,96.1,6001.45,No
7876-BEUTG,Female,34,No,39566,15,Yes,26.54,Yes,DSL,18,No,No,No,No,Yes,Month-to-Month,Yes,Credit Card,48.8,720.1,No
2338-BQEZT,Female,38,No,28098,55,Yes,3.62,Yes,DSL,17,Yes,No,No,No,Yes,Month-to-Month,Yes,Credit Card,50.55,2832.75,No
9873-MNDKV,Female,59,No,291,11,Yes,29.16,Yes,DSL,3,No,No,No,No,Yes,Month-to-Month,Yes,Credit Card,44.65,472.25,No
8241-JUIQO,Female,24,No,64010,61,Yes,25.91,No,None,0,No,No,No,No,No,One Year,No,Bank Withdrawal,19.45,1336.35,No
2194-IIQOF,Female,38,No,50070,71,Yes,19.9,Yes,DSL,27,Yes,Yes,Yes,Yes,Yes,Two Year,No,Credit Card,89.3,6388.65,No
9631-RXVJM,Male,33,No,28998,35,Yes,4.24,No,None,0,No,No,No,No,No,Two Year,No,Credit Card,19.25,677.9,No
9584-EXCDZ,Female,53,No,23036,17,Yes,41.78,Yes,Fiber Optic,16,No,No,No,No,Yes,Month-to-Month,No,Bank Withdrawal,70.5,1165.6,No
5093-FEGLU,Female,21,No,2066,47,Yes,45.9,No,None,0,No,No,No,No,No,Two Year,No,Bank Withdrawal,19.65,921.55,No
2621-UDNLU,Female,35,No,17372,3,Yes,11.77,No,None,0,No,No,No,No,No,Month-to-Month,No,Credit Card,20.85,72,No
7526-IVLYU,Male,46,No,13723,3,Yes,35.59,No,None,0,No,No,No,No,No,Month-to-Month,Yes,Credit Card,19.65,68.35,No
9214-EKVXR,Female,51,No,74641,1,Yes,26.15,Yes,DSL,26,No,No,No,No,Yes,Month-to-Month,Yes,Credit Card,44,44,No
3410-MHHUM,Female,40,Yes,3337,44,Yes,24.71,Yes,Fiber Optic,27,No,Yes,Yes,No,No,One Year,No,Bank Withdrawal,94.4,4295.35,No
2122-YWVYA,Female,44,No,42959,18,Yes,15.01,Yes,Fiber Optic,22,Yes,No,No,No,Yes,Month-to-Month,Yes,Bank Withdrawal,75.4,1380.4,No
2296-DKZFP,Female,25,No,38955,65,Yes,1.29,Yes,DSL,51,Yes,Yes,Yes,No,Yes,Two Year,No,Bank Withdrawal,71,4386.2,No
8909-BOLNL,Male,40,No,22920,3,Yes,12.05,No,None,0,No,No,No,No,No,One Year,No,Credit Card,21.2,52.05,No
6603-YRDCJ,Male,19,No,33177,33,Yes,15.89,Yes,DSL,52,Yes,Yes,No,Yes,Yes,Two Year,Yes,Credit Card,61.05,2018.4,No
3229-USWAR,Female,40,No,2240,34,Yes,5.32,Yes,DSL,23,Yes,No,Yes,Yes,Yes,One Year,Yes,Bank Withdrawal,79.95,2727.3,No
2138-VFAPZ,Female,40,Yes,1458,14,Yes,15.33,No,None,0,No,No,No,No,No,Two Year,Yes,Credit Card,19.7,263.65,No
6131-JLWZM,Female,27,No,27906,13,Yes,22.01,No,None,0,No,No,No,No,No,Month-to-Month,Yes,Credit Card,20.3,275.4,No
0269-XFESX,Male,22,Yes,26831,23,Yes,48.02,No,None,0,No,No,No,No,No,One Year,No,Credit Card,24.35,538.5,No
1709-EJDOX,Female,33,Yes,40137,47,Yes,41.54,No,None,0,No,No,No,No,No,Two Year,No,Credit Card,19.75,948.9,No
4316-XCSLJ,Male,35,Yes,16198,17,Yes,45.61,Yes,DSL,53,Yes,No,No,No,Yes,Month-to-Month,Yes,Credit Card,50.3,846.8,No
0383-CLDDA,Female,42,No,13386,69,Yes,18.47,Yes,DSL,28,Yes,No,Yes,Yes,Yes,Two Year,Yes,Credit Card,85.35,5897.4,No
2709-UQGNP,Male,38,No,32488,10,Yes,49.04,Yes,Cable,23,Yes,No,No,No,Yes,Month-to-Month,Yes,Credit Card,51.65,524.5,No
3549-ZTMNH,Male,56,Yes,23393,12,Yes,26.17,No,None,0,No,No,No,No,No,Two Year,Yes,Bank Withdrawal,24,269.65,No
8033-ATFAS,Female,32,Yes,31882,39,Yes,48.14,Yes,Cable,23,No,No,Yes,No,Yes,Month-to-Month,Yes,Credit Card,59.85,2341.5,No
0562-HKHML,Male,39,Yes,13996,71,Yes,18.99,No,None,0,No,No,No,No,No,Two Year,No,Credit Card,23.9,1626.4,No
8277-RVRSV,Female,22,Yes,19777,33,Yes,1.71,No,None,0,No,No,No,No,No,One Year,No,Credit Card,24.15,800.3,No
7054-ENNGU,Female,19,No,25578,9,Yes,12.59,Yes,Cable,76,No,Yes,No,No,Yes,Month-to-Month,No,Credit Card,50.85,466.6,No
1455-HFBXA,Male,61,No,2379,52,Yes,18.02,Yes,Fiber Optic,3,Yes,No,Yes,Yes,No,Two Year,Yes,Credit Card,91.6,4627.8,No
9402-CXWPL,Female,25,No,138,70,Yes,8.39,Yes,Fiber Optic,59,No,Yes,No,No,Yes,One Year,No,Bank Withdrawal,98.9,6838.6,No
1628-BIZYP,Male,60,No,26577,1,Yes,15.2,Yes,Fiber Optic,2,No,Yes,No,No,Yes,Month-to-Month,Yes,Bank Withdrawal,85,85,No
0082-LDZUE,Male,54,No,7384,1,Yes,42.95,Yes,DSL,9,No,No,No,No,Yes,Month-to-Month,Yes,Credit Card,44.3,44.3,No
5343-SGUBI,Female,43,No,27394,52,Yes,42.9,Yes,Fiber Optic,14,No,Yes,No,No,Yes,One Year,Yes,Credit Card,80.2,4297.6,No
0856-NAOES,Male,29,No,18650,6,Yes,45.67,Yes,DSL,71,No,No,Yes,No,Yes,Month-to-Month,No,Credit Card,60.9,414.1,No
1976-AZZPJ,Male,47,No,36186,7,No,0,Yes,DSL,17,Yes,Yes,No,No,Yes,Month-to-Month,No,Credit Card,34.2,256.6,No
6156-UZDLF,Female,19,No,32685,26,Yes,45.09,Yes,Fiber Optic,41,Yes,No,Yes,Yes,No,One Year,Yes,Credit Card,87.15,2274.1,No
3099-OONVS,Male,34,Yes,3193,25,Yes,37.97,Yes,DSL,22,Yes,No,No,Yes,Yes,Month-to-Month,No,Bank Withdrawal,54.3,1296.8,No
9500-WBGRP,Male,19,No,32873,69,Yes,42.49,No,None,0,No,No,No,No,No,Two Year,Yes,Credit Card,19.1,1268.85,No
5183-KLYEM,Female,30,No,23141,72,Yes,35.24,Yes,Fiber Optic,42,Yes,Yes,Yes,Yes,Yes,Two Year,Yes,Credit Card,112.75,8192.6,No
5144-PQCDZ,Male,55,No,77683,4,Yes,34.86,No,None,0,No,No,No,No,No,Month-to-Month,Yes,Credit Card,19.95,59.25,No
8514-VZHEB,Male,35,Yes,9978,59,Yes,18.75,No,None,0,No,No,No,No,No,Two Year,No,Credit Card,19.5,1147.85,No
6625-IUTTT,Male,29,No,66543,67,Yes,49.74,Yes,Cable,41,Yes,No,Yes,No,No,Two Year,No,Bank Withdrawal,65.55,4361.55,No
0068-FIGTF,Female,20,No,46917,27,Yes,48.91,Yes,DSL,59,No,Yes,Yes,Yes,Yes,One Year,No,Credit Card,78.2,2078.95,No
5965-GGPRW,Male,41,Yes,60274,72,Yes,36.05,Yes,Fiber Optic,14,Yes,No,Yes,No,Yes,Two Year,No,Bank Withdrawal,105.25,7609.75,No
8035-PWSEV,Female,60,No,11147,6,Yes,35.88,Yes,Fiber Optic,10,No,No,Yes,Yes,Yes,Month-to-Month,Yes,Bank Withdrawal,89.25,487.05,No
2236-HILPA,Male,55,Yes,72993,62,Yes,11.15,No,None,0,No,No,No,No,No,Two Year,No,Credit Card,20.65,1218.45,No
1840-BIUOG,Male,23,No,27311,20,Yes,32.5,Yes,DSL,52,No,Yes,No,Yes,Yes,One Year,Yes,Bank Withdrawal,68.7,1416.2,No
1356-MKYSK,Male,44,No,41698,6,Yes,46.59,Yes,DSL,7,Yes,No,Yes,Yes,No,Month-to-Month,No,Credit Card,78.65,483.3,No
6080-LNESI,Male,63,No,22479,51,Yes,18.07,No,None,0,No,No,No,No,No,Two Year,No,Credit Card,24.75,1234.6,No
1830-IPXVJ,Female,44,Yes,23996,61,Yes,25.4,No,None,0,No,No,No,No,No,Two Year,No,Credit Card,19.75,1311.6,No
8398-TBIYD,Female,45,No,13212,72,Yes,8.48,Yes,Fiber Optic,22,Yes,No,No,Yes,Yes,Two Year,Yes,Bank Withdrawal,84.7,6185.15,No
9418-RUKPH,Female,26,Yes,42491,38,Yes,49.9,No,None,0,No,No,No,No,No,Two Year,Yes,Credit Card,19.95,756.4,No
4712-AUQZO,Male,53,No,16717,18,No,0,Yes,DSL,30,Yes,No,Yes,No,Yes,Month-to-Month,No,Credit Card,33.6,550.35,No
9711-FJTBX,Male,60,Yes,78816,56,Yes,11.48,Yes,Fiber Optic,10,No,Yes,Yes,Yes,Yes,One Year,Yes,Credit Card,85.85,4793.8,No
2908-ZTPNF,Female,41,No,36669,36,No,0,Yes,Cable,2,No,Yes,No,Yes,Yes,Month-to-Month,Yes,Bank Withdrawal,34.85,1267.2,No
1414-YADCW,Male,45,No,223,70,Yes,1.07,Yes,Fiber Optic,21,Yes,Yes,No,Yes,Yes,Two Year,No,Bank Withdrawal,84.6,5706.2,No
8756-RDDLT,Female,53,No,41871,68,No,0,Yes,Cable,13,No,Yes,No,Yes,Yes,Month-to-Month,No,Bank Withdrawal,44.95,3085.35,No
2862-PFNIK,Male,47,Yes,36568,1,No,0,Yes,Cable,21,No,No,No,No,No,Month-to-Month,Yes,Bank Withdrawal,24.7,24.7,No
5816-QVHRX,Female,26,No,19815,37,Yes,45.06,Yes,Fiber Optic,82,No,No,No,Yes,Yes,Month-to-Month,No,Credit Card,100.3,3541.4,No
4430-YHXGG,Female,20,Yes,26240,4,Yes,38.97,No,None,0,No,No,No,No,No,Month-to-Month,Yes,Credit Card,25.45,84.2,No
6888-SBYAI,Male,56,No,44078,1,Yes,38.05,Yes,Cable,14,Yes,No,No,No,Yes,Month-to-Month,Yes,Credit Card,50.7,50.7,No
7395-XWZOY,Male,45,No,39279,20,No,0,Yes,DSL,20,Yes,Yes,Yes,Yes,Yes,Month-to-Month,Yes,Credit Card,55,1165.55,No
7169-YWAMK,Male,52,Yes,790,72,Yes,15.96,Yes,DSL,26,Yes,Yes,No,Yes,Yes,Two Year,No,Bank Withdrawal,68.4,4855.35,No
6859-RKMZJ,Male,38,No,42209,11,Yes,44.2,Yes,DSL,15,No,No,No,No,Yes,Month-to-Month,Yes,Bank Withdrawal,55.05,608.15,No
2729-VNVAP,Female,35,Yes,37218,33,Yes,12.51,No,None,0,No,No,No,No,No,Two Year,No,Credit Card,19.8,641.35,No
2049-BAFNW,Female,60,No,159,1,No,0,Yes,DSL,7,No,No,Yes,Yes,Yes,Month-to-Month,No,Credit Card,35.9,35.9,No
3842-QTGDL,Male,59,No,18024,16,Yes,46,Yes,Fiber Optic,30,Yes,Yes,No,No,Yes,Month-to-Month,No,Bank Withdrawal,80.75,1321.3,No
7163-OCEQI,Male,64,Yes,40917,22,Yes,36.15,Yes,DSL,11,No,No,Yes,Yes,Yes,One Year,Yes,Credit Card,78.65,1663.75,No
9782-LGXMC,Female,35,Yes,26022,49,Yes,35.29,Yes,DSL,28,Yes,No,Yes,Yes,Yes,Month-to-Month,No,Bank Withdrawal,61.75,3024.15,No
5975-BAICR,Male,36,Yes,2873,36,Yes,47.45,Yes,DSL,14,Yes,No,Yes,No,Yes,One Year,Yes,Credit Card,63.7,2188.5,No
4673-KKSLS,Female,56,No,42854,31,Yes,40.92,Yes,Fiber Optic,20,Yes,No,Yes,Yes,No,Month-to-Month,No,Bank Withdrawal,87.6,2724.25,No
4853-OITSN,Male,33,No,41876,5,Yes,15.74,Yes,Fiber Optic,28,Yes,No,No,No,Yes,Month-to-Month,Yes,Bank Withdrawal,89.15,413.25,No
9800-OUIGR,Male,61,Yes,21054,66,Yes,7.83,No,None,0,No,No,No,No,No,Two Year,No,Credit Card,20,1374.2,No
2324-EFHVG,Male,37,No,21097,64,Yes,45.82,Yes,Fiber Optic,14,No,Yes,Yes,No,Yes,Two Year,Yes,Bank Withdrawal,104.4,6692.65,No
7094-MSZAO,Male,55,Yes,29964,10,Yes,13.83,No,None,0,No,No,No,No,No,Month-to-Month,Yes,Credit Card,20.05,218.5,No
6907-CQGPN,Male,40,No,11702,29,No,0,Yes,DSL,27,No,Yes,No,Yes,Yes,Month-to-Month,No,Bank Withdrawal,34.3,1004.75,No
0780-XNZFN,Male,60,No,15438,57,Yes,1.69,No,None,0,No,No,No,No,No,Two Year,No,Bank Withdrawal,20.65,1125.6,No
0239-OXEXL,Female,37,No,24518,46,Yes,43.27,Yes,Fiber Optic,21,Yes,Yes,No,No,No,Month-to-Month,No,Credit Card,84.25,3847.6,No
2675-IJRGJ,Male,62,No,30751,53,Yes,23.17,No,None,0,No,No,No,No,No,Two Year,No,Bank Withdrawal,19.65,978,No
7049-GKVZY,Female,45,No,15638,17,Yes,12.69,Yes,Cable,22,Yes,Yes,No,Yes,Yes,One Year,No,Credit Card,79.85,1387.35,No
8577-QSOCG,Female,54,Yes,19763,38,Yes,26.84,No,None,0,No,No,No,No,No,Two Year,Yes,Credit Card,20.2,746.05,No
3721-CNZHX,Male,49,No,21205,15,Yes,5.54,No,None,0,No,No,No,No,No,One Year,No,Credit Card,19.8,304.6,No
0212-ISBBF,Female,51,No,12448,22,No,0,Yes,Cable,22,No,Yes,No,No,Yes,Month-to-Month,Yes,Bank Withdrawal,50.35,1098.85,No
3585-YNADK,Female,25,No,11889,57,Yes,6.63,Yes,Cable,27,No,Yes,Yes,Yes,Yes,One Year,No,Bank Withdrawal,74.6,4368.95,No
1099-GODLO,Female,62,Yes,10147,1,Yes,30.09,No,None,0,No,No,No,No,No,Two Year,No,Credit Card,20.35,20.35,No
6828-HMKWP,Male,24,Yes,8157,12,Yes,49.7,No,None,0,No,No,No,No,No,Two Year,No,Bank Withdrawal,21.05,262.05,No
1472-TNCWL,Male,55,Yes,25399,36,Yes,21.3,Yes,Fiber Optic,18,No,Yes,No,No,Yes,Month-to-Month,Yes,Bank Withdrawal,94.7,3512.5,No
2080-GKCWQ,Male,54,No,55720,2,Yes,3.76,Yes,Fiber Optic,16,No,Yes,No,No,Yes,Month-to-Month,No,Bank Withdrawal,74.95,151.75,No
2193-SFWQW,Male,47,Yes,28403,72,Yes,24.08,Yes,Fiber Optic,19,Yes,Yes,Yes,Yes,Yes,Two Year,No,Bank Withdrawal,111.95,8033.1,No
5656-JAMLX,Male,29,No,12010,62,Yes,14.17,No,None,0,No,No,No,No,No,Two Year,No,Bank Withdrawal,19.85,1253.65,No
3462-BJQQA,Female,23,No,13065,6,Yes,34.42,Yes,Fiber Optic,42,No,Yes,No,No,No,Month-to-Month,Yes,Bank Withdrawal,89.75,552.65,No
0442-TDYUO,Male,44,No,584,48,Yes,33.06,No,None,0,No,No,No,No,No,Two Year,Yes,Credit Card,20.05,1036,No
6733-LRIZX,Male,42,No,1785,35,Yes,20.07,Yes,Fiber Optic,23,Yes,No,Yes,Yes,Yes,Two Year,Yes,Bank Withdrawal,108.95,4025.5,No
9503-XJUME,Male,23,Yes,1573,52,Yes,22.65,No,None,0,No,No,No,No,No,One Year,No,Credit Card,19.65,928.4,No
4367-NHWMM,Female,37,No,9038,1,No,0,Yes,Cable,13,No,No,No,No,Yes,Month-to-Month,Yes,Credit Card,24.9,24.9,No
3779-OSWCF,Female,38,No,330,71,Yes,12.12,Yes,Cable,23,Yes,Yes,Yes,Yes,Yes,Two Year,No,Credit Card,93.2,6506.15,No
6736-DHUQI,Female,64,Yes,8486,67,Yes,3.47,Yes,Fiber Optic,21,Yes,Yes,Yes,No,Yes,One Year,No,Bank Withdrawal,84.8,5598.3,No
1360-RCYRT,Male,45,Yes,1025,23,No,0,Yes,DSL,19,No,No,No,Yes,Yes,Month-to-Month,Yes,Bank Withdrawal,30.35,678.75,No
2724-FJDYW,Male,31,Yes,1004,39,No,0,Yes,DSL,29,No,No,Yes,Yes,Yes,One Year,No,Bank Withdrawal,54.85,2191.7,No
4451-RWASJ,Male,35,Yes,821,15,Yes,49.36,No,None,0,No,No,No,No,No,One Year,Yes,Credit Card,19.5,239.75,No
3460-TJBWI,Male,58,Yes,406,24,Yes,7.37,No,None,0,No,No,No,No,No,Two Year,No,Credit Card,24.2,609.05,No
5917-HBSDW,Female,20,Yes,28727,37,Yes,2.68,No,None,0,No,No,No,No,No,Month-to-Month,No,Bank Withdrawal,19.35,683.75,No
0956-ACVZC,Female,23,No,24741,54,Yes,48.97,Yes,Fiber Optic,42,No,No,Yes,No,No,One Year,Yes,Credit Card,94.1,5060.9,No
2325-NBPZG,Female,20,No,13361,3,Yes,10.1,Yes,Fiber Optic,73,Yes,No,No,No,Yes,Month-to-Month,Yes,Bank Withdrawal,74.55,233.65,No
4482-FTFFX,Male,23,No,3777,5,Yes,26.86,Yes,DSL,71,No,No,Yes,Yes,Yes,Month-to-Month,No,Bank Withdrawal,56.15,291.45,No
8859-DZTGQ,Male,21,No,31930,33,Yes,14.48,No,None,0,No,No,No,No,No,Two Year,No,Credit Card,20.35,689.75,No
0440-MOGPM,Female,51,No,35419,41,Yes,6.16,Yes,DSL,12,No,Yes,Yes,No,Yes,One Year,Yes,Bank Withdrawal,80.55,3263.9,No
0020-JDNXP,Female,52,Yes,1885,34,No,0,Yes,DSL,20,Yes,No,Yes,Yes,Yes,One Year,No,Credit Card,61.25,1993.2,No
3752-CQSJI,Female,59,Yes,16849,13,Yes,16.4,No,None,0,No,No,No,No,No,Month-to-Month,Yes,Credit Card,20.45,254.5,No
5025-GOOKI,Female,46,No,548,20,Yes,33.86,No,None,0,No,No,No,No,No,Month-to-Month,Yes,Credit Card,18.9,347.65,No
2887-JPYLU,Female,58,Yes,781,41,Yes,38.94,Yes,DSL,28,No,No,No,No,Yes,Month-to-Month,No,Bank Withdrawal,45.2,1841.9,No
4770-QAZXN,Female,42,No,384,13,Yes,46.3,No,None,0,No,No,No,No,No,Month-to-Month,No,Credit Card,19.45,232.1,No
4896-CPRPF,Male,38,Yes,66,35,Yes,13.67,No,None,0,No,No,No,No,No,Two Year,No,Bank Withdrawal,25.45,809.25,No
9714-EDSUC,Male,25,No,2147,4,Yes,11.5,Yes,Fiber Optic,41,Yes,Yes,No,Yes,Yes,Month-to-Month,Yes,Credit Card,94.9,360.55,No
7353-YOWFP,Female,41,No,1007,7,Yes,39.59,No,None,0,No,No,No,No,No,One Year,No,Credit Card,20.25,129.15,No
8008-ESFLK,Female,43,No,9673,53,Yes,6.68,Yes,Fiber Optic,25,Yes,Yes,Yes,Yes,Yes,One Year,No,Bank Withdrawal,110.5,5835.5,No
3363-EWLGO,Female,33,No,4753,5,Yes,34.8,No,None,0,No,No,No,No,No,Month-to-Month,No,Credit Card,19.95,109.6,No
1689-YQBYY,Female,43,Yes,13290,12,Yes,26.13,Yes,Fiber Optic,23,No,No,No,No,Yes,Month-to-Month,Yes,Bank Withdrawal,76.6,893,No
4487-ZYJZK,Female,60,Yes,24443,38,Yes,36.72,No,None,0,No,No,No,No,No,One Year,No,Credit Card,19.6,763.1,No
2959-FENLU,Female,64,No,10172,9,Yes,48.38,Yes,Fiber Optic,8,No,No,Yes,No,No,Month-to-Month,Yes,Credit Card,85.3,781.4,No
0708-LGSMF,Male,56,No,62848,13,Yes,14.32,Yes,DSL,4,Yes,No,No,No,Yes,Month-to-Month,Yes,Bank Withdrawal,65.85,902.25,No
7634-HLQJR,Female,52,Yes,899,47,Yes,1.44,No,None,0,No,No,No,No,No,Two Year,No,Credit Card,20.05,1016.7,No
0487-RPVUM,Male,49,No,77,61,Yes,15.15,Yes,Fiber Optic,28,Yes,No,Yes,Yes,Yes,Month-to-Month,No,Bank Withdrawal,99.4,5943.65,No
4079-ULGFR,Male,22,No,813,16,Yes,4.13,No,None,0,No,No,No,No,No,Month-to-Month,No,Credit Card,20,275.7,No
2516-XSJKX,Female,20,Yes,3402,41,Yes,32.29,Yes,DSL,69,Yes,Yes,No,Yes,Yes,Two Year,No,Bank Withdrawal,78.45,3126.45,No
0057-QBUQH,Female,31,Yes,5671,43,Yes,30.64,No,None,0,No,No,No,No,No,Two Year,Yes,Bank Withdrawal,25.1,1070.15,No
6599-SFQVE,Female,27,No,52986,6,Yes,37.57,Yes,Cable,58,No,No,No,No,Yes,Month-to-Month,Yes,Bank Withdrawal,55,340.4,No
8331-ZXFOE,Female,56,No,13031,58,Yes,42.33,Yes,Cable,7,Yes,Yes,Yes,Yes,Yes,One Year,Yes,Credit Card,71.1,4299.2,No
4003-FUSHP,Male,62,No,43192,19,Yes,46.49,Yes,Cable,8,No,No,No,Yes,Yes,Month-to-Month,Yes,Credit Card,61.55,1093.2,No
0356-ERHVT,Male,54,No,36631,11,Yes,12.95,Yes,Cable,6,No,No,No,No,Yes,Month-to-Month,Yes,Bank Withdrawal,45.9,521.9,No
7325-ENZFI,Female,37,No,4563,39,No,0,Yes,DSL,19,Yes,Yes,No,Yes,Yes,One Year,Yes,Bank Withdrawal,40.3,1630.4,No
3920-HIHMQ,Female,53,Yes,14574,26,Yes,16.34,Yes,DSL,19,No,No,No,No,No,Month-to-Month,Yes,Credit Card,49.5,1265.65,No
0613-WUXUM,Female,38,Yes,9823,70,Yes,38.63,No,None,0,No,No,No,No,No,Two Year,Yes,Credit Card,19.2,1401.4,No
4458-KVRBJ,Male,25,No,18197,59,Yes,25.89,No,None,0,No,No,No,No,No,Two Year,No,Credit Card,25,1510.5,No
1397-XKKWR,Male,47,No,52334,7,No,0,Yes,DSL,14,Yes,No,Yes,No,Yes,One Year,No,Credit Card,35.3,264.8,No
8097-OMULG,Male,63,Yes,51706,59,Yes,15.94,Yes,DSL,19,No,Yes,Yes,Yes,Yes,One Year,No,Credit Card,76.75,4541.9,No
6013-BHCAW,Male,27,Yes,29914,61,Yes,32.96,Yes,DSL,41,No,No,Yes,Yes,Yes,Two Year,Yes,Bank Withdrawal,81,4976.15,No
0401-WDBXM,Male,22,Yes,31926,72,Yes,8.33,Yes,Fiber Optic,59,Yes,No,Yes,No,No,Two Year,Yes,Bank Withdrawal,105.55,7542.25,No
3387-PLKUI,Female,27,Yes,10155,13,Yes,16.74,No,None,0,No,No,No,No,No,Month-to-Month,No,Credit Card,18.8,251.25,No
6096-EGVTU,Female,50,Yes,37090,64,Yes,19.23,No,None,0,No,No,No,No,No,One Year,No,Credit Card,24.9,1595.5,No
5081-NWSUP,Female,54,No,59841,10,Yes,37.45,Yes,DSL,5,No,Yes,No,Yes,Yes,One Year,No,Credit Card,64.9,685.55,No
2580-ATZSQ,Female,55,Yes,59632,65,Yes,19.25,Yes,DSL,19,Yes,Yes,Yes,No,Yes,One Year,No,Bank Withdrawal,61.35,3874.1,No
8085-MSNLK,Female,21,No,45257,62,Yes,42.68,Yes,Fiber Optic,51,Yes,Yes,Yes,Yes,Yes,Two Year,No,Credit Card,113.95,6891.4,No
9691-HKOVS,Female,20,No,46185,55,Yes,47.46,Yes,DSL,53,Yes,Yes,Yes,Yes,Yes,One Year,Yes,Bank Withdrawal,90.15,4916.95,No
9881-VCZEP,Female,29,No,27023,25,Yes,12.12,Yes,Cable,59,No,Yes,No,No,No,Month-to-Month,No,Bank Withdrawal,54.1,1373,No
8757-TFHHJ,Male,55,No,32804,1,Yes,38.21,Yes,Cable,13,Yes,No,No,No,Yes,Month-to-Month,Yes,Credit Card,49.8,49.8,No
5119-KEPFY,Male,50,No,26389,36,Yes,5.99,Yes,Fiber Optic,6,No,No,No,No,Yes,Month-to-Month,Yes,Bank Withdrawal,95,3440.25,No
0916-KNFAJ,Male,37,No,26032,61,Yes,4.69,Yes,Cable,4,Yes,No,Yes,No,Yes,Two Year,Yes,Credit Card,69.9,4226.7,No
8319-QBEHW,Male,32,Yes,9657,26,No,0,Yes,Cable,58,No,Yes,No,No,Yes,One Year,Yes,Bank Withdrawal,39.95,1023.75,No
9625-QNLUX,Male,51,Yes,14792,68,Yes,21.86,Yes,Fiber Optic,29,Yes,Yes,Yes,No,Yes,Two Year,Yes,Credit Card,103.25,7074.4,No
4024-CSNBY,Female,39,No,38,72,Yes,11.02,Yes,Fiber Optic,17,Yes,Yes,Yes,Yes,No,Two Year,Yes,Bank Withdrawal,94.25,6849.75,No
7110-BDTWG,Female,59,No,44103,71,No,0,Yes,Cable,6,No,No,Yes,Yes,Yes,Two Year,Yes,Bank Withdrawal,47.05,3263.6,No
7493-GVFIO,Male,56,No,7071,57,Yes,12.99,No,None,0,No,No,No,No,No,Two Year,No,Credit Card,20.55,1252.85,No
0690-SRQID,Male,20,No,16357,4,Yes,18.28,No,None,0,No,No,No,No,No,Month-to-Month,Yes,Credit Card,19.65,67.55,No
9114-DPSIA,Male,22,Yes,34138,72,Yes,2.73,Yes,DSL,59,Yes,Yes,Yes,Yes,Yes,Two Year,No,Credit Card,81,5750,No
4700-UBQMV,Male,42,Yes,49657,21,Yes,31.55,Yes,DSL,23,Yes,No,No,No,Yes,One Year,Yes,Bank Withdrawal,75.9,1549.75,No
7711-GQBZC,Female,42,Yes,49965,71,Yes,19.49,No,None,0,No,No,No,No,No,Two Year,No,Bank Withdrawal,24.7,1810.55,No
9795-NREXC,Female,41,No,6951,64,Yes,11.85,Yes,DSL,2,Yes,No,Yes,Yes,Yes,Two Year,Yes,Credit Card,85,5484.4,No
8573-CGOCC,Male,48,No,23789,16,Yes,24.79,No,None,0,No,No,No,No,No,Month-to-Month,No,Credit Card,19.75,294.9,No
7356-AYNJP,Female,33,No,19109,4,Yes,6.36,No,None,0,No,No,No,No,No,One Year,No,Bank Withdrawal,23.9,97.5,No
6286-SUUWT,Male,44,No,5159,1,Yes,27.08,No,None,0,No,No,No,No,No,Month-to-Month,No,Credit Card,19.95,19.95,No
4819-HJPIW,Male,32,No,115,18,No,0,Yes,DSL,8,No,No,No,No,Yes,Month-to-Month,No,Credit Card,25.15,476.8,No
8654-DHAOW,Female,47,No,27,2,Yes,21.3,Yes,DSL,7,No,Yes,No,No,No,Month-to-Month,No,Credit Card,54.15,101.65,No
5438-QMDDL,Female,20,No,75,19,Yes,8.3,Yes,DSL,48,No,Yes,No,No,Yes,Month-to-Month,Yes,Credit Card,59.8,1130.85,No
9812-GHVRI,Female,50,No,722,40,Yes,33.66,Yes,Fiber Optic,20,No,No,No,No,Yes,Month-to-Month,No,Bank Withdrawal,83.85,3532.25,No
1228-ZLNBX,Male,25,No,596,21,Yes,3.26,Yes,Fiber Optic,51,No,No,No,No,Yes,Month-to-Month,No,Credit Card,75.3,1570.7,No
4226-KKDON,Male,41,No,5094,8,Yes,30.8,Yes,DSL,27,No,Yes,No,Yes,Yes,Month-to-Month,Yes,Bank Withdrawal,66.65,520.95,No
3831-YCPUO,Female,38,Yes,21,72,Yes,32.23,Yes,Fiber Optic,19,Yes,Yes,Yes,Yes,Yes,Two Year,Yes,Credit Card,109.5,7854.9,No
7445-WMRBW,Female,49,No,335,48,Yes,21.39,Yes,DSL,3,No,Yes,Yes,Yes,No,One Year,Yes,Bank Withdrawal,73.85,3581.4,No
3308-DGHKL,Male,54,No,3148,69,Yes,17.74,No,None,0,No,No,No,No,No,Two Year,Yes,Bank Withdrawal,19.3,1447.9,No
9924-JPRMC,Male,60,No,3205,72,Yes,36.49,Yes,Fiber Optic,27,Yes,Yes,Yes,Yes,Yes,Two Year,Yes,Bank Withdrawal,118.2,8547.15,No
0080-EMYVY,Female,64,No,45755,14,Yes,24.04,Yes,Cable,12,No,Yes,No,No,Yes,One Year,No,Credit Card,51.45,727.85,No
6218-KNUBD,Male,58,No,22073,6,Yes,10.88,Yes,Cable,8,No,Yes,No,No,Yes,Month-to-Month,No,Bank Withdrawal,59.45,357.6,No
7337-CINUD,Female,48,Yes,2718,8,Yes,17.2,No,None,0,No,No,No,No,No,Two Year,No,Bank Withdrawal,19.5,159.35,No
7609-NRNCA,Female,21,No,1692,17,Yes,42.42,No,None,0,No,No,No,No,No,One Year,No,Credit Card,19.55,280.85,No
0623-EJQEG,Male,50,No,4353,65,Yes,2.72,Yes,Fiber Optic,16,Yes,No,No,Yes,No,One Year,No,Bank Withdrawal,93.55,6069.25,No
7153-CHRBV,Female,54,Yes,3930,57,Yes,18.85,Yes,Cable,24,Yes,No,Yes,Yes,Yes,One Year,Yes,Credit Card,59.3,3274.35,No
6198-PNNSZ,Female,54,No,11266,56,Yes,37.76,Yes,Fiber Optic,21,Yes,Yes,Yes,No,Yes,One Year,No,Bank Withdrawal,109.8,6109.65,No
3317-VLGQT,Female,50,No,304,14,Yes,4.45,Yes,Fiber Optic,16,No,No,No,No,Yes,Month-to-Month,Yes,Bank Withdrawal,78.1,1122.4,No
4132-POCZS,Male,47,No,2198,52,No,0,Yes,DSL,26,Yes,No,No,No,Yes,Month-to-Month,Yes,Bank Withdrawal,39.9,2020.9,No
5614-DNZCE,Female,56,No,435,58,Yes,29.47,Yes,DSL,16,Yes,Yes,Yes,Yes,Yes,Two Year,Yes,Credit Card,64.9,3795.45,No
3896-RCYYE,Female,61,No,27808,67,No,0,Yes,DSL,11,No,No,Yes,Yes,Yes,Month-to-Month,Yes,Credit Card,53.4,3579.15,No
9638-JIQYA,Male,22,No,809,2,No,0,Yes,DSL,48,No,No,No,No,No,Month-to-Month,Yes,Credit Card,24.9,49.7,No
3726-TBHQT,Male,25,Yes,986,71,Yes,25.45,Yes,Fiber Optic,59,Yes,Yes,Yes,Yes,Yes,Two Year,Yes,Bank Withdrawal,114,8175.9,No
3190-ITQXP,Female,42,Yes,32881,46,Yes,27.65,No,None,0,No,No,No,No,No,Two Year,No,Bank Withdrawal,20.25,890.35,No
3039-MJSLN,Male,36,Yes,55,3,Yes,18.43,No,None,0,No,No,No,No,No,Month-to-Month,No,Bank Withdrawal,20.2,50.6,No
0178-CIIKR,Female,60,No,1508,3,Yes,2.69,No,None,0,No,No,No,No,No,Month-to-Month,No,Credit Card,19.95,58,No
5774-QPLTF,Male,40,Yes,808,50,Yes,26.98,No,None,0,No,No,No,No,No,One Year,Yes,Credit Card,20.35,938.95,No
5010-IPEAQ,Female,29,Yes,11474,67,No,0,Yes,Cable,51,Yes,Yes,Yes,Yes,Yes,Two Year,No,Credit Card,54.2,3623.95,No
8990-YOZLV,Female,46,No,1055,69,Yes,13.91,Yes,Cable,7,Yes,Yes,No,Yes,Yes,Two Year,Yes,Credit Card,66.9,4577.9,No
3069-SSVSN,Female,50,No,7177,1,No,0,Yes,DSL,18,No,No,No,No,Yes,One Year,No,Credit Card,25.85,25.85,No
5222-IMUKT,Male,40,No,128,32,Yes,47.3,Yes,Fiber Optic,24,No,No,No,No,Yes,Month-to-Month,No,Bank Withdrawal,91.05,2871.5,No
6685-XSHHU,Male,45,Yes,2130,60,Yes,32.12,No,None,0,No,No,No,No,No,Two Year,Yes,Bank Withdrawal,20.95,1270.55,No
8901-UPRHR,Female,40,Yes,1749,72,Yes,44.03,Yes,Fiber Optic,14,No,Yes,Yes,Yes,Yes,Two Year,Yes,Bank Withdrawal,109.2,7711.45,No
3845-FXCYS,Male,55,No,683,2,Yes,7.8,No,None,0,No,No,No,No,No,Month-to-Month,Yes,Bank Withdrawal,19.65,31.2,No
5857-XRECV,Female,44,Yes,36738,2,Yes,31.01,No,None,0,No,No,No,No,No,One Year,No,Bank Withdrawal,20.5,38.25,No
0725-CXOTM,Female,29,No,19867,36,Yes,44.7,Yes,DSL,59,Yes,No,Yes,Yes,Yes,One Year,Yes,Credit Card,89.65,3348.1,No
4343-EJVQB,Male,48,No,10226,7,Yes,1.67,Yes,Fiber Optic,23,Yes,No,No,No,Yes,Month-to-Month,No,Credit Card,74.35,533.6,No
3427-GGZZI,Female,30,No,433,19,Yes,45.37,Yes,Fiber Optic,52,No,Yes,No,No,Yes,Month-to-Month,Yes,Bank Withdrawal,89.1,1620.8,No
3154-CFSZG,Male,57,Yes,47536,47,Yes,38.25,Yes,Fiber Optic,20,Yes,No,Yes,No,Yes,Month-to-Month,No,Bank Withdrawal,90.05,4137.2,No
2220-IAHLS,Female,49,No,26055,1,Yes,2.85,No,None,0,No,No,No,No,No,Month-to-Month,No,Credit Card,19.4,19.4,No
4377-VDHYI,Male,29,Yes,15536,32,Yes,36.65,Yes,Fiber Optic,69,Yes,Yes,No,No,Yes,One Year,Yes,Bank Withdrawal,90.8,3023.85,No
4937-QPZPO,Male,62,Yes,1158,61,Yes,34.54,Yes,Fiber Optic,58,No,No,Yes,No,Yes,One Year,Yes,Bank Withdrawal,99.9,6241.35,No
2925-VDZHY,Male,64,Yes,25340,72,Yes,28.63,Yes,DSL,19,Yes,Yes,Yes,Yes,Yes,Two Year,No,Credit Card,88.7,6501.35,No
6981-TDRFT,Male,25,Yes,1519,44,No,0,Yes,DSL,69,No,No,Yes,Yes,No,One Year,Yes,Bank Withdrawal,54.3,2317.1,No
3413-CSSTH,Male,40,No,1960,41,Yes,6.6,Yes,Cable,3,No,No,Yes,No,Yes,Month-to-Month,Yes,Bank Withdrawal,55.7,2237.55,No
8033-VCZGH,Male,27,No,69801,50,Yes,23.28,Yes,Fiber Optic,51,Yes,No,Yes,No,Yes,One Year,Yes,Bank Withdrawal,103.95,5231.3,No
0224-NIJLP,Male,30,Yes,40545,8,Yes,2.87,No,None,0,No,No,No,No,No,Two Year,No,Credit Card,20.15,165.5,No
7542-CYDDM,Male,61,No,24708,18,Yes,22.97,No,None,0,No,No,No,No,No,Month-to-Month,No,Credit Card,20.05,358.5,No
4718-WXBGI,Male,21,Yes,4848,72,Yes,27.1,Yes,Cable,59,Yes,Yes,Yes,Yes,Yes,Two Year,Yes,Credit Card,91.95,6614.9,No
5716-LIBJC,Female,29,Yes,11463,13,Yes,11.99,Yes,Fiber Optic,27,No,Yes,Yes,No,Yes,One Year,Yes,Credit Card,104.15,1299.1,No
2868-LLSKM,Female,50,Yes,48690,68,Yes,15.94,Yes,Fiber Optic,29,No,Yes,No,Yes,Yes,One Year,Yes,Bank Withdrawal,83.65,5733.4,No
2988-QRAJY,Male,27,No,40270,69,Yes,5.71,Yes,Fiber Optic,73,Yes,Yes,Yes,No,Yes,Two Year,Yes,Credit Card,110.05,7430.75,No
0071-NDAFP,Male,31,Yes,22250,25,Yes,23.69,No,None,0,No,No,No,No,No,Two Year,No,Credit Card,25.5,630.6,No
7328-ZJAJO,Female,19,Yes,25718,59,Yes,9.51,No,None,0,No,No,No,No,No,Two Year,No,Credit Card,19.5,1222.65,No
1090-PYKCI,Female,19,Yes,1374,69,Yes,23.02,Yes,Fiber Optic,48,Yes,Yes,Yes,Yes,No,One Year,Yes,Credit Card,105.1,7234.8,No
3058-WQDRE,Male,37,No,176,13,No,0,Yes,Cable,16,No,No,No,No,Yes,Month-to-Month,Yes,Bank Withdrawal,25.15,331.85,No
2279-AXJJK,Male,27,No,1575,52,Yes,8.94,Yes,Fiber Optic,85,No,Yes,No,Yes,Yes,Month-to-Month,Yes,Credit Card,95.65,5088.4,No
0909-SELIE,Male,53,No,3684,61,Yes,43.48,Yes,DSL,20,Yes,Yes,Yes,Yes,Yes,Two Year,Yes,Bank Withdrawal,80.8,4860.85,No
3417-TSCIC,Male,19,No,9210,29,No,0,Yes,DSL,59,No,No,No,No,Yes,One Year,Yes,Credit Card,24.85,788.05,No
1042-HFUCW,Female,37,Yes,1591,25,Yes,39.9,Yes,DSL,27,No,Yes,No,Yes,Yes,One Year,Yes,Credit Card,54.75,1266.35,No
6537-OTKMY,Male,52,No,2296,15,No,0,Yes,DSL,14,No,No,Yes,No,Yes,One Year,No,Bank Withdrawal,50.75,688.2,No
8999-EXMNO,Female,48,Yes,91,19,Yes,31.85,No,None,0,No,No,No,No,No,Two Year,No,Credit Card,20.15,387.7,No
6725-TPKJO,Male,28,No,187,44,Yes,47.53,No,None,0,No,No,No,No,No,Two Year,No,Credit Card,20.05,845.25,No
7162-WPHPM,Male,44,Yes,383,58,Yes,40.57,Yes,DSL,25,Yes,Yes,Yes,Yes,Yes,Two Year,No,Credit Card,71.6,4230.25,No
1599-MMYRQ,Male,27,Yes,6216,62,Yes,39.67,Yes,Fiber Optic,41,Yes,Yes,No,No,Yes,One Year,Yes,Credit Card,81.45,4983.05,No
8821-KVZKQ,Female,52,Yes,14417,70,No,0,Yes,Cable,19,No,Yes,Yes,Yes,Yes,One Year,Yes,Bank Withdrawal,58.4,4113.15,No
6434-TTGJP,Male,49,Yes,2349,10,No,0,Yes,Cable,24,Yes,Yes,Yes,Yes,Yes,Two Year,No,Credit Card,53.7,521,No
0042-JVWOJ,Male,64,No,4101,26,Yes,37.7,No,None,0,No,No,No,No,No,One Year,Yes,Bank Withdrawal,19.6,471.85,No
0130-SXOUN,Male,55,No,175,66,Yes,48.78,Yes,Fiber Optic,8,No,Yes,No,No,No,Month-to-Month,No,Credit Card,89.4,5976.9,No
2330-PQGDQ,Male,36,Yes,1916,51,Yes,9.5,Yes,Fiber Optic,51,No,Yes,No,Yes,Yes,One Year,No,Bank Withdrawal,84.2,4299.75,No
1452-UZOSF,Male,31,Yes,4913,72,Yes,7.16,Yes,Fiber Optic,24,Yes,Yes,Yes,Yes,Yes,Two Year,Yes,Credit Card,106.1,7548.6,No
2097-YVPKN,Male,56,No,17979,65,Yes,4.9,No,None,0,No,No,No,No,No,Two Year,No,Credit Card,25.75,1654.75,No
8597-CTXVJ,Male,31,Yes,438,70,Yes,26.62,Yes,Cable,19,Yes,Yes,No,Yes,Yes,One Year,No,Bank Withdrawal,64.95,4551.5,No
6631-HMANX,Male,39,No,9902,72,Yes,31.15,Yes,Cable,16,No,Yes,Yes,Yes,Yes,Two Year,Yes,Credit Card,85.45,6227.5,No
9962-BFPDU,Female,61,Yes,1653,1,Yes,16.02,No,None,0,No,No,No,No,No,Month-to-Month,No,Credit Card,20.05,20.05,No
6394-HHHZM,Male,27,No,882,3,Yes,38.41,No,None,0,No,No,No,No,No,Month-to-Month,No,Credit Card,20.7,57.5,No
5995-LFTLE,Male,39,No,2644,58,Yes,48.78,No,None,0,No,No,No,No,No,Two Year,Yes,Credit Card,25.3,1474.35,No
0665-XHDJU,Male,21,No,1537,72,Yes,34.95,Yes,Fiber Optic,48,No,Yes,No,No,Yes,Two Year,Yes,Bank Withdrawal,99.4,7285.7,No
8265-HKSOW,Female,35,Yes,1880,72,Yes,17.89,Yes,Fiber Optic,19,Yes,Yes,Yes,Yes,Yes,Two Year,No,Credit Card,107.45,7658.3,No
3544-FBCAS,Female,36,Yes,1113,72,Yes,12.84,Yes,DSL,22,Yes,Yes,Yes,No,Yes,Two Year,Yes,Credit Card,83.6,5959.3,No
4759-PXTAN,Female,34,No,1884,59,Yes,20.27,Yes,DSL,13,No,Yes,No,Yes,Yes,One Year,Yes,Bank Withdrawal,80.1,4693.2,No
7054-DMVAS,Male,47,No,5995,54,Yes,18.74,Yes,DSL,16,Yes,Yes,No,No,Yes,Two Year,Yes,Bank Withdrawal,65.3,3512.9,No
3428-MMGUB,Male,34,No,298,60,Yes,7.1,Yes,Fiber Optic,10,No,No,Yes,No,Yes,Two Year,Yes,Bank Withdrawal,89.55,5231.2,No
6549-BTYPG,Female,19,No,31266,60,No,0,Yes,DSL,69,No,Yes,Yes,Yes,Yes,Two Year,No,Credit Card,60.8,3603.45,No
7823-JSOAG,Male,39,No,34314,3,Yes,6.97,Yes,Fiber Optic,14,No,No,No,No,Yes,Month-to-Month,No,Bank Withdrawal,74.5,217.45,No
3705-RHRFR,Female,52,No,30988,69,Yes,45.35,Yes,Fiber Optic,19,Yes,No,No,No,Yes,Two Year,No,Bank Withdrawal,99.15,6875.35,No
9374-YOLBJ,Female,29,Yes,2344,1,Yes,25.1,No,None,0,No,No,No,No,No,Month-to-Month,No,Bank Withdrawal,19.25,19.25,No
9074-KGVOX,Male,44,Yes,309,50,No,0,Yes,DSL,23,Yes,No,No,No,Yes,Month-to-Month,Yes,Credit Card,39.45,2021.35,No
6128-DAFVY,Female,58,No,13472,56,No,0,Yes,DSL,23,No,No,No,No,Yes,Month-to-Month,Yes,Credit Card,44.85,2564.95,No
9933-QRGTX,Female,59,No,23701,60,Yes,32.5,Yes,Fiber Optic,13,Yes,No,No,Yes,Yes,Two Year,Yes,Bank Withdrawal,97.2,5611.75,No
5066-GFJMM,Female,55,No,23224,3,Yes,41.36,No,None,0,No,No,No,No,No,Month-to-Month,Yes,Credit Card,19.9,45.75,No
2661-GKBTK,Male,39,Yes,23570,60,Yes,27.2,Yes,DSL,21,No,Yes,No,Yes,Yes,Two Year,No,Bank Withdrawal,76.95,4543.95,No
0458-HEUZG,Female,58,No,261,13,No,0,Yes,Cable,13,No,No,Yes,Yes,No,Two Year,No,Credit Card,35.4,450.4,No
7268-WNTCP,Male,45,Yes,199,62,Yes,1.87,No,None,0,No,No,No,No,No,Two Year,No,Bank Withdrawal,20.45,1297.35,No
0824-VWDPO,Female,58,No,15921,45,Yes,1.57,Yes,Fiber Optic,30,Yes,Yes,No,No,Yes,One Year,No,Bank Withdrawal,96.75,4442.75,No
8409-WQJUX,Female,37,No,19596,25,No,0,Yes,Cable,29,No,No,Yes,Yes,Yes,One Year,No,Bank Withdrawal,54.2,1423.15,No
2578-JQPHZ,Male,30,No,1689,44,Yes,48.95,Yes,Fiber Optic,59,No,No,Yes,Yes,Yes,Two Year,No,Bank Withdrawal,100.1,4378.35,No
3278-FSIXX,Female,34,No,1584,2,Yes,39.5,Yes,Cable,26,No,No,No,No,Yes,Month-to-Month,Yes,Credit Card,45.25,74.2,No
9746-UGFAC,Female,50,No,1072,22,Yes,10.25,No,None,0,No,No,No,No,No,One Year,No,Bank Withdrawal,20.85,450.65,No
2946-KIQSP,Female,59,No,42239,35,No,0,Yes,Cable,12,No,No,Yes,Yes,No,Month-to-Month,Yes,Credit Card,33.45,1175.85,No
0625-AFOHS,Female,40,Yes,2965,29,Yes,34.44,No,None,0,No,No,No,No,No,Two Year,No,Credit Card,20.2,558.8,No
4636-OLWOE,Male,20,Yes,12241,54,Yes,4.16,Yes,Cable,59,No,Yes,Yes,Yes,Yes,One Year,Yes,Bank Withdrawal,61,3283.05,No
4685-ERGHK,Male,45,No,532,57,Yes,36.08,Yes,Fiber Optic,26,No,No,No,No,Yes,One Year,Yes,Bank Withdrawal,86.9,4939.25,No
0885-HMGPY,Male,55,No,82,62,Yes,41.13,Yes,Cable,12,Yes,Yes,Yes,Yes,Yes,Two Year,No,Bank Withdrawal,69.4,4237.5,No
5003-OKNNK,Female,44,Yes,3041,15,Yes,46.64,No,None,0,No,No,No,No,No,One Year,No,Credit Card,20.35,335.95,No
7208-PSIHR,Female,50,No,1215,70,Yes,5.46,Yes,Fiber Optic,30,No,No,Yes,Yes,No,Two Year,Yes,Bank Withdrawal,104.3,7188.5,No
4012-ZTHBR,Female,33,Yes,264,21,Yes,38.95,Yes,Cable,17,No,No,No,No,Yes,Month-to-Month,Yes,Bank Withdrawal,44.95,926.25,No
0489-WMEMG,Female,61,Yes,155,23,Yes,25.85,Yes,Cable,53,No,No,No,Yes,Yes,One Year,Yes,Bank Withdrawal,49.45,1119.35,No
7435-ZNUYY,Male,24,No,1447,6,Yes,12.17,No,None,0,No,No,No,No,No,One Year,No,Credit Card,20.6,116.6,No
1354-YZFNB,Male,53,Yes,265,4,Yes,29.09,No,None,0,No,No,No,No,No,Two Year,No,Credit Card,19.55,68.8,No
2985-FMWYF,Female,46,No,644,23,Yes,18.12,Yes,Fiber Optic,23,No,No,No,No,Yes,Month-to-Month,Yes,Bank Withdrawal,93.5,2341.55,No
2812-ENYMO,Male,22,No,494,26,No,0,Yes,Cable,82,Yes,No,No,Yes,Yes,One Year,No,Credit Card,54.55,1362.85,No
2717-HVIZY,Female,24,Yes,574,8,Yes,15.66,No,None,0,No,No,No,No,No,Month-to-Month,No,Credit Card,20.05,163.6,No
3422-GALYP,Male,20,No,163,2,Yes,28.61,Yes,Fiber Optic,85,No,Yes,No,No,Yes,Month-to-Month,Yes,Bank Withdrawal,79.45,145.15,No
2890-WFBHU,Female,26,No,660,59,Yes,1.94,Yes,DSL,73,Yes,Yes,Yes,Yes,Yes,One Year,No,Credit Card,79.85,4786.1,No
0327-WFZSY,Male,62,Yes,395,39,Yes,17.29,Yes,Fiber Optic,75,No,No,Yes,No,Yes,One Year,No,Bank Withdrawal,100,3835.55,No
7977-HXJKU,Male,45,Yes,1125,21,Yes,27.6,No,None,0,No,No,No,No,No,Two Year,No,Credit Card,19.6,397,No
7033-CLAMM,Female,60,Yes,202,48,Yes,18.64,No,None,0,No,No,No,No,No,Two Year,No,Bank Withdrawal,20.2,1027.25,No
0864-FVJNJ,Female,63,Yes,2369,64,Yes,6.83,Yes,Fiber Optic,19,Yes,Yes,Yes,Yes,No,One Year,No,Bank Withdrawal,113.35,7222.75,No
7356-IWLFW,Male,43,Yes,270,46,Yes,5.52,Yes,Fiber Optic,16,No,Yes,No,No,Yes,Month-to-Month,Yes,Bank Withdrawal,80,3769.7,No
9541-PWTWO,Female,32,No,1666,52,Yes,38.71,Yes,DSL,21,No,No,Yes,Yes,Yes,Two Year,Yes,Bank Withdrawal,80.95,4233.95,No
3967-VQOGC,Female,54,Yes,321,67,Yes,17.43,No,None,0,No,No,No,No,No,Two Year,Yes,Credit Card,24.9,1680.25,No
6308-CQRBU,Female,32,No,259,71,Yes,29.78,Yes,Fiber Optic,22,No,Yes,Yes,Yes,Yes,Two Year,No,Bank Withdrawal,109.25,7707.7,No
0186-CAERR,Male,22,No,24944,71,Yes,2.88,Yes,Fiber Optic,48,Yes,Yes,Yes,Yes,Yes,One Year,Yes,Bank Withdrawal,116.3,8309.55,No
3043-SUDUA,Female,35,No,12756,32,Yes,15.53,No,None,0,No,No,No,No,No,Month-to-Month,No,Bank Withdrawal,19.9,601.55,No
5442-BHQNG,Female,32,No,382,2,Yes,44.77,Yes,Fiber Optic,9,No,No,No,No,Yes,Month-to-Month,No,Bank Withdrawal,70.35,139.25,No
2169-RRLFW,Female,48,No,262,71,Yes,11.18,No,None,0,No,No,No,No,No,Two Year,No,Credit Card,25.6,1888.25,No
5872-OEQNH,Female,29,No,58830,60,No,0,Yes,DSL,73,Yes,No,Yes,No,Yes,One Year,Yes,Bank Withdrawal,44.45,2773.9,No
8873-GLDMH,Female,45,No,699,6,Yes,27.69,Yes,Fiber Optic,9,No,No,No,No,Yes,Month-to-Month,Yes,Credit Card,73.85,401.3,No
5696-JVVQY,Female,56,Yes,67411,48,Yes,4.45,Yes,DSL,57,Yes,Yes,Yes,No,No,Two Year,Yes,Credit Card,70.1,3238.4,No
8946-BFWSG,Male,19,Yes,648,63,Yes,24.5,No,None,0,No,No,No,No,No,Two Year,No,Credit Card,25.25,1573.05,No
0547-HURJB,Male,19,Yes,18529,12,Yes,19.38,No,None,0,No,No,No,No,No,Month-to-Month,No,Credit Card,21.05,235.8,No
8845-LWKGE,Female,56,Yes,4097,30,Yes,36.74,Yes,Cable,18,No,No,Yes,Yes,Yes,One Year,Yes,Bank Withdrawal,64.5,1985.15,No
0691-NIKRI,Female,41,No,6197,40,Yes,16.73,Yes,Fiber Optic,14,No,No,Yes,Yes,Yes,One Year,Yes,Credit Card,105.95,4335.2,No
5022-JNQEQ,Female,39,Yes,2756,9,Yes,8.1,Yes,Fiber Optic,20,No,No,No,Yes,Yes,Month-to-Month,Yes,Bank Withdrawal,75.85,647.5,No
3249-VHRIP,Female,38,No,850,62,No,0,Yes,Cable,30,No,Yes,Yes,No,Yes,Two Year,Yes,Credit Card,43.6,2748.7,No
3736-BLEPA,Male,50,No,51855,28,Yes,13.69,Yes,Fiber Optic,12,No,Yes,No,Yes,Yes,One Year,Yes,Bank Withdrawal,91.25,2483.65,No
4701-LKOZD,Female,64,No,5714,70,Yes,29.53,Yes,Cable,7,Yes,Yes,Yes,Yes,No,Two Year,No,Credit Card,89.75,6367.2,No
6603-QWSPR,Female,20,No,24194,46,Yes,5.86,Yes,Fiber Optic,82,No,Yes,Yes,Yes,Yes,Two Year,Yes,Bank Withdrawal,104.4,4904.2,No
9921-QFQUL,Female,33,No,2536,23,Yes,22.17,Yes,Fiber Optic,15,No,No,Yes,No,Yes,Month-to-Month,No,Credit Card,90.15,2044.95,No
1929-ZCBHE,Male,27,Yes,2723,47,No,0,Yes,DSL,47,Yes,No,Yes,Yes,Yes,One Year,No,Bank Withdrawal,40.3,1794.8,No
4378-MYPGO,Male,41,Yes,1140,68,Yes,31.4,Yes,Fiber Optic,19,Yes,Yes,Yes,No,Yes,Two Year,Yes,Bank Withdrawal,105.25,7173.15,No
4129-LYCOI,Female,28,Yes,228,67,Yes,12.54,Yes,Fiber Optic,59,No,Yes,No,Yes,Yes,Two Year,Yes,Bank Withdrawal,104,7039.05,No
7798-JVXYM,Female,52,No,1745,14,Yes,37.01,Yes,DSL,29,No,No,No,Yes,Yes,Month-to-Month,Yes,Bank Withdrawal,69.65,921.4,No
8647-SDTWQ,Male,59,Yes,213,57,Yes,49.95,Yes,Fiber Optic,22,No,No,No,No,No,Month-to-Month,Yes,Bank Withdrawal,74.3,4018.35,No
2696-ECXKC,Female,34,Yes,9752,55,Yes,41.18,Yes,Fiber Optic,18,Yes,No,No,No,Yes,One Year,No,Credit Card,100.9,5448.6,No
2081-KJSQF,Male,25,No,2010,1,Yes,42.96,No,None,0,No,No,No,No,No,Month-to-Month,Yes,Credit Card,20.25,20.25,No
3323-CPBWR,Male,61,No,1793,23,Yes,8.5,Yes,Fiber Optic,6,No,No,Yes,Yes,Yes,Month-to-Month,Yes,Credit Card,96.9,2085.45,No
3384-CTMSF,Male,61,No,15286,47,Yes,48.69,Yes,Fiber Optic,21,No,Yes,Yes,No,Yes,Month-to-Month,Yes,Bank Withdrawal,104.1,5135.15,No
0902-RFHOF,Male,38,No,11191,38,Yes,22.23,No,None,0,No,No,No,No,No,One Year,No,Credit Card,20.1,730.1,No
7718-RXDGG,Male,54,No,6096,15,Yes,24.17,Yes,Fiber Optic,10,No,No,No,No,No,Month-to-Month,Yes,Bank Withdrawal,68.6,1108.6,No
1025-FALIX,Female,49,No,751,26,Yes,37.51,Yes,Fiber Optic,30,No,No,No,No,Yes,Month-to-Month,Yes,Credit Card,69.05,1815.65,No
3451-VAWLI,Female,62,Yes,32202,35,Yes,15.41,No,None,0,No,No,No,No,No,Two Year,No,Credit Card,19.7,730.4,No
3407-QGWLG,Male,23,Yes,25173,3,Yes,37.85,No,None,0,No,No,No,No,No,Month-to-Month,Yes,Credit Card,20.05,75.45,No
2347-WKKAE,Male,52,No,2048,42,Yes,41.16,Yes,Fiber Optic,11,Yes,No,Yes,No,Yes,Month-to-Month,Yes,Bank Withdrawal,94.4,4014.6,No
8735-DCXNF,Male,34,No,1173,10,Yes,21.85,Yes,DSL,9,Yes,No,No,Yes,Yes,Month-to-Month,Yes,Credit Card,54.95,568.85,No
3214-IYUUQ,Female,19,No,4354,61,Yes,10.21,Yes,Fiber Optic,69,Yes,Yes,No,Yes,Yes,One Year,No,Bank Withdrawal,93.7,5860.7,No
1936-UAFEH,Female,43,No,5501,68,Yes,48.82,Yes,Fiber Optic,17,Yes,Yes,No,Yes,No,Two Year,No,Credit Card,110.25,7279.35,No
3587-PMCOY,Male,37,No,34146,10,Yes,46.33,Yes,Fiber Optic,26,Yes,No,Yes,No,Yes,One Year,Yes,Bank Withdrawal,98.9,1064.95,No
1027-LKKQQ,Female,35,Yes,2220,72,Yes,12.96,Yes,DSL,56,Yes,No,Yes,Yes,Yes,Two Year,Yes,Bank Withdrawal,80.45,5886.85,No
7148-XZPHA,Male,43,Yes,49729,55,Yes,13.45,Yes,Fiber Optic,53,No,Yes,No,Yes,Yes,Month-to-Month,No,Bank Withdrawal,79.4,4238.45,No
5309-TAIKL,Female,42,No,14010,7,Yes,8.29,Yes,DSL,21,No,No,Yes,Yes,Yes,Month-to-Month,No,Bank Withdrawal,62.8,418.3,No
6856-RAURS,Female,50,No,947,2,Yes,41.08,Yes,Fiber Optic,25,No,No,No,No,Yes,Month-to-Month,Yes,Credit Card,74.9,136.05,No
8778-LMWTJ,Female,28,No,364,9,Yes,13.05,Yes,Fiber Optic,73,Yes,No,No,No,Yes,Month-to-Month,Yes,Bank Withdrawal,74.85,708.2,No
9717-IOAAF,Male,54,Yes,21510,27,Yes,2.65,No,None,0,No,No,No,No,No,Two Year,Yes,Credit Card,25.85,788.55,No
2845-KDHVX,Female,57,No,1219,64,Yes,23.29,Yes,DSL,25,No,Yes,Yes,Yes,Yes,Two Year,Yes,Credit Card,68.3,4378.8,No
0848-SOMKO,Male,23,No,24738,70,No,0,Yes,DSL,26,Yes,No,Yes,Yes,Yes,Two Year,No,Bank Withdrawal,48.4,3442.8,No
1535-VTJOQ,Female,19,No,1472,24,Yes,26.64,No,None,0,No,No,No,No,No,Two Year,No,Credit Card,25.15,553,No
6368-TZZDT,Male,62,Yes,63157,4,Yes,3.57,No,None,0,No,No,No,No,No,Two Year,No,Credit Card,19.5,96.85,No
0943-ZQPXH,Male,46,Yes,32564,44,Yes,26.25,Yes,Fiber Optic,25,No,No,Yes,No,Yes,Month-to-Month,Yes,Bank Withdrawal,92.95,4122.9,No
1293-BSEUN,Female,64,Yes,1273,72,Yes,6.9,No,None,0,No,No,No,No,No,Two Year,Yes,Credit Card,20.7,1482.3,No
1302-TPUBN,Male,58,No,19050,66,Yes,21.23,No,None,0,No,No,No,No,No,Two Year,No,Bank Withdrawal,19.35,1240.8,No
0927-CNGRH,Male,42,Yes,751,1,Yes,30.63,No,None,0,No,No,No,No,No,Month-to-Month,No,Credit Card,19.55,19.55,No
8608-OZTLB,Male,59,Yes,1526,38,Yes,31.45,Yes,DSL,76,Yes,Yes,Yes,Yes,Yes,One Year,No,Bank Withdrawal,74.05,2802.3,No
2335-GSODA,Male,36,Yes,4829,23,No,0,Yes,DSL,26,Yes,No,Yes,Yes,Yes,Two Year,No,Credit Card,40.1,857.75,No
1952-DVVSW,Female,23,No,8525,10,Yes,14.04,No,None,0,No,No,No,No,No,One Year,No,Credit Card,20.1,184.4,No
6656-GULJQ,Male,25,Yes,185,72,Yes,21.21,Yes,DSL,27,Yes,No,Yes,Yes,No,Two Year,Yes,Credit Card,83.55,6093.3,No
9853-JFZDU,Female,20,No,407,35,Yes,20.79,Yes,DSL,69,No,Yes,No,Yes,Yes,Month-to-Month,No,Bank Withdrawal,56.85,1861.1,No
3777-XROBG,Female,52,Yes,69,58,Yes,43.52,No,None,0,No,No,No,No,No,Two Year,No,Credit Card,19.55,1079.65,No
6994-FGRHH,Male,37,Yes,3747,70,Yes,3.67,Yes,Fiber Optic,28,No,Yes,Yes,Yes,Yes,One Year,Yes,Bank Withdrawal,106.15,7475.1,No
4000-VGMQP,Male,56,Yes,8577,38,Yes,13.67,Yes,Cable,30,No,Yes,Yes,No,Yes,One Year,No,Credit Card,78.95,2862.55,No
3999-WRNGR,Female,39,Yes,88,60,No,0,Yes,Cable,51,No,Yes,No,No,Yes,Month-to-Month,Yes,Bank Withdrawal,49.75,3069.45,No
3466-RITXD,Male,34,No,25,26,Yes,37.59,Yes,Fiber Optic,8,Yes,Yes,No,No,Yes,Month-to-Month,Yes,Credit Card,92.4,2349.8,No
2680-XKKNJ,Female,60,No,31,8,Yes,17.52,Yes,DSL,28,Yes,Yes,No,Yes,No,One Year,No,Bank Withdrawal,58.2,469.25,No
2101-RANCD,Female,50,No,22028,55,Yes,8.93,Yes,Fiber Optic,26,No,No,No,No,Yes,Month-to-Month,Yes,Bank Withdrawal,73.1,4144.9,No
7921-BEPCI,Female,40,No,15494,72,Yes,12.63,Yes,DSL,23,Yes,Yes,No,No,Yes,Two Year,No,Bank Withdrawal,59.75,4265,No
8510-TMWYB,Female,61,Yes,16599,54,Yes,23.02,Yes,Cable,21,No,Yes,Yes,No,Yes,Two Year,Yes,Bank Withdrawal,59.8,3246.45,No
3258-ZKPAI,Male,26,Yes,25355,72,Yes,21.29,Yes,Fiber Optic,52,Yes,Yes,Yes,Yes,Yes,Two Year,Yes,Bank Withdrawal,116.6,8337.45,No
1428-IEDPR,Male,54,No,16164,52,Yes,20.8,Yes,Fiber Optic,30,Yes,No,Yes,Yes,No,Two Year,Yes,Bank Withdrawal,109.3,5731.4,No
4450-YOOHP,Female,56,No,21313,39,No,0,Yes,DSL,6,No,No,Yes,No,Yes,Month-to-Month,Yes,Credit Card,50.65,1905.4,No
6728-CZFEI,Female,28,No,15975,15,Yes,6.56,Yes,DSL,52,No,No,No,No,Yes,One Year,No,Credit Card,56.15,931.9,No
3653-NCRDJ,Male,39,Yes,35426,43,Yes,14.97,No,None,0,No,No,No,No,No,One Year,Yes,Credit Card,19.2,776.25,No
6519-ZHPXP,Female,51,Yes,30580,72,Yes,41.55,Yes,Fiber Optic,25,Yes,Yes,Yes,Yes,No,Two Year,Yes,Bank Withdrawal,108.3,7679.65,No
3472-QPRCH,Male,43,Yes,38818,40,Yes,27.95,No,None,0,No,No,No,No,No,Two Year,No,Credit Card,25.25,1006.9,No
8224-UAXBZ,Female,55,No,19611,58,No,0,Yes,DSL,29,Yes,Yes,No,No,Yes,One Year,Yes,Bank Withdrawal,45.35,2540.1,No
9610-WCESF,Male,44,No,54880,67,No,0,Yes,Cable,17,Yes,No,No,Yes,Yes,Two Year,No,Bank Withdrawal,43.9,3097.2,No
2486-WYVVE,Male,47,No,592,31,Yes,3.12,Yes,DSL,6,No,No,Yes,Yes,Yes,One Year,Yes,Credit Card,79.3,2484,No
1422-DGUBX,Male,64,No,9063,32,Yes,43.11,Yes,Fiber Optic,18,No,No,No,Yes,Yes,One Year,Yes,Bank Withdrawal,79.25,2619.15,No
2999-AANRQ,Female,23,No,31422,21,Yes,17.35,Yes,DSL,71,Yes,Yes,No,Yes,No,Two Year,No,Credit Card,71.05,1524.85,No
8668-KNZTI,Male,42,No,8403,52,Yes,47.9,Yes,DSL,3,Yes,No,Yes,No,Yes,One Year,No,Bank Withdrawal,53.75,2790.65,No
0480-KYJVA,Female,42,Yes,854,72,Yes,47.6,No,None,0,No,No,No,No,No,Two Year,No,Credit Card,24.25,1784.5,No
9746-YKGXB,Male,48,Yes,34894,52,No,0,Yes,DSL,19,Yes,No,Yes,No,Yes,One Year,No,Bank Withdrawal,44.25,2276.1,No
3926-YZVVX,Female,62,No,20993,41,Yes,12.42,Yes,Cable,12,No,No,No,Yes,Yes,One Year,No,Bank Withdrawal,50.05,2029.05,No
6000-UKLWI,Male,46,No,31373,41,Yes,36.76,No,None,0,No,No,No,No,No,Two Year,No,Credit Card,20.15,802.35,No
6332-FBZRI,Male,39,Yes,23362,67,Yes,36.21,Yes,DSL,24,Yes,Yes,Yes,Yes,Yes,One Year,Yes,Credit Card,69.35,4653.25,No
2096-XOTMO,Female,40,Yes,38091,16,Yes,12.82,No,None,0,No,No,No,No,No,Month-to-Month,No,Credit Card,19.35,275.9,No
3266-FTKHB,Male,35,No,5654,17,Yes,27.66,No,None,0,No,No,No,No,No,Two Year,No,Credit Card,19.15,343.45,No
8221-EQDGL,Male,27,No,118,35,Yes,25.32,Yes,DSL,30,Yes,Yes,Yes,No,Yes,Month-to-Month,No,Credit Card,61,2130.45,No
2346-LOCWC,Female,52,Yes,4796,58,Yes,25.86,No,None,0,No,No,No,No,No,Two Year,No,Credit Card,20.5,1191.4,No
0298-XACET,Male,35,Yes,1279,52,No,0,Yes,DSL,17,No,Yes,Yes,Yes,Yes,Two Year,No,Credit Card,50.2,2554,No
7560-QJAVJ,Female,60,No,3169,70,Yes,47.72,Yes,DSL,28,Yes,No,Yes,Yes,Yes,Two Year,No,Bank Withdrawal,79.6,5589.45,No
2995-YWTCD,Female,20,Yes,1477,19,Yes,31.58,No,None,0,No,No,No,No,No,Two Year,Yes,Bank Withdrawal,24.9,467.7,No
9137-UIYPG,Female,33,Yes,303,35,Yes,26.09,Yes,Fiber Optic,56,Yes,No,Yes,Yes,No,Month-to-Month,Yes,Bank Withdrawal,106.9,3756.45,No
2809-ZMYOQ,Female,33,No,632,32,Yes,41.53,Yes,Fiber Optic,28,No,No,Yes,No,Yes,Month-to-Month,Yes,Bank Withdrawal,101.35,3334.9,No
5084-OOVCJ,Female,25,Yes,86,17,Yes,20.23,Yes,DSL,69,Yes,No,No,Yes,Yes,Month-to-Month,Yes,Credit Card,55.35,920.5,No
0254-WWRKD,Female,44,Yes,262,67,Yes,46.9,Yes,Cable,28,No,Yes,No,No,Yes,One Year,No,Credit Card,50.55,3431.75,No
7727-SHVZV,Female,56,No,35808,9,Yes,43.83,No,None,0,No,No,No,No,No,Month-to-Month,No,Bank Withdrawal,19.5,150.35,No
5339-PXDVH,Male,43,No,282,4,Yes,31.57,Yes,Fiber Optic,18,Yes,No,No,No,Yes,Month-to-Month,No,Bank Withdrawal,90.65,367.95,No
8782-NUUOL,Male,62,No,178,60,Yes,35.13,Yes,DSL,3,Yes,No,Yes,Yes,Yes,One Year,No,Credit Card,79,4801.1,No
7601-WFVZV,Male,35,No,404,1,Yes,17.94,No,None,0,No,No,No,No,No,Month-to-Month,No,Credit Card,19.55,19.55,No
4609-KNNWG,Female,36,Yes,19,27,Yes,2.4,No,None,0,No,No,No,No,No,Two Year,No,Credit Card,19.9,550.1,No
9529-OFXHY,Male,20,No,587,15,Yes,13.8,Yes,Fiber Optic,59,Yes,No,No,No,Yes,Month-to-Month,Yes,Bank Withdrawal,87.75,1242.2,No
2669-QVCRG,Female,32,No,1351,41,Yes,7.83,Yes,Fiber Optic,19,Yes,No,No,No,Yes,Month-to-Month,Yes,Credit Card,81.3,3190.65,No
2478-EEWWM,Male,21,No,1454,59,No,0,Yes,DSL,53,No,No,No,No,No,Month-to-Month,Yes,Bank Withdrawal,44.3,2666.75,No
9174-IHETN,Female,45,Yes,76,50,Yes,36.11,Yes,Fiber Optic,20,No,No,No,No,Yes,Two Year,No,Credit Card,70.35,3533.6,No
2233-TXSIU,Male,20,Yes,23990,17,No,0,Yes,DSL,52,Yes,No,Yes,No,Yes,One Year,No,Credit Card,44.45,792.15,No
9644-UMGQA,Male,48,Yes,9752,6,Yes,34.7,Yes,DSL,51,Yes,No,No,No,Yes,Month-to-Month,Yes,Bank Withdrawal,49.15,295.65,No
0419-YAAPX,Male,44,No,17922,49,Yes,14.21,Yes,Fiber Optic,23,No,Yes,No,No,Yes,Month-to-Month,Yes,Credit Card,85.3,4297.95,No
0872-CASZJ,Male,30,No,1931,59,Yes,20.5,Yes,Cable,53,Yes,No,No,Yes,Yes,One Year,Yes,Credit Card,69.1,4096.9,No
8164-OCKUJ,Female,45,Yes,11168,59,Yes,2.47,No,None,0,No,No,No,No,No,Two Year,No,Credit Card,20.6,1286,No
3094-JOJAI,Male,63,No,1146,18,Yes,4.38,Yes,Fiber Optic,20,No,No,No,No,Yes,Month-to-Month,No,Credit Card,74.15,1387,No
9494-MRNYX,Male,22,No,301,10,Yes,17.98,Yes,Fiber Optic,26,No,No,No,No,Yes,Month-to-Month,No,Bank Withdrawal,75.05,786.3,No
2599-CZABP,Male,57,No,776,14,Yes,44.95,Yes,DSL,19,No,No,No,No,Yes,One Year,No,Bank Withdrawal,44.6,641.25,No
7945-PRBVF,Male,47,No,17269,35,Yes,17.2,No,None,0,No,No,No,No,No,Two Year,No,Bank Withdrawal,21.45,705.45,No
4544-RXFMG,Male,48,Yes,565,8,Yes,6.78,Yes,DSL,24,No,No,No,No,Yes,One Year,Yes,Credit Card,43.45,345.5,No
0859-YGKFW,Male,56,Yes,6439,18,Yes,28.06,No,None,0,No,No,No,No,No,One Year,No,Bank Withdrawal,20.05,345.9,No
1150-FTQGN,Female,35,Yes,1519,60,Yes,48.04,Yes,Fiber Optic,76,Yes,Yes,No,No,Yes,One Year,No,Bank Withdrawal,94.15,5811.8,No
7196-LIWRH,Female,61,No,17782,6,Yes,7.35,No,None,0,No,No,No,No,No,Two Year,No,Credit Card,19.55,124.45,No
5448-VWNAM,Female,49,Yes,28382,19,Yes,8.02,Yes,DSL,57,Yes,Yes,No,Yes,Yes,Month-to-Month,Yes,Credit Card,75.9,1375.6,No
1177-XZBJL,Male,35,Yes,1254,53,Yes,37.57,Yes,DSL,15,Yes,Yes,No,Yes,Yes,One Year,No,Bank Withdrawal,64.15,3491.55,No
9330-VOFSZ,Female,34,No,495,60,Yes,30.23,Yes,Fiber Optic,14,No,Yes,Yes,Yes,Yes,Two Year,Yes,Credit Card,110.8,6640.7,No
0939-EREMR,Female,40,Yes,26971,13,Yes,25.33,Yes,Cable,27,No,No,Yes,Yes,No,Month-to-Month,No,Credit Card,53.45,718.1,No
9389-ACWBI,Female,47,Yes,74,5,Yes,1.38,Yes,Fiber Optic,16,No,No,No,No,Yes,Month-to-Month,No,Credit Card,69.95,320.4,No
3644-QXEHN,Male,60,Yes,963,13,Yes,44.05,Yes,Fiber Optic,19,No,No,Yes,No,Yes,Month-to-Month,No,Bank Withdrawal,97,1334.45,No
2911-IJORQ,Male,42,No,28,37,Yes,44.52,Yes,DSL,6,Yes,Yes,Yes,Yes,Yes,One Year,Yes,Bank Withdrawal,90.6,3358.65,No
5921-NGYRH,Male,40,No,844,64,Yes,48.41,Yes,Fiber Optic,22,Yes,No,No,No,Yes,Month-to-Month,Yes,Credit Card,73.55,4764,No
5998-DZLYR,Female,55,No,3193,61,Yes,25.14,Yes,Fiber Optic,13,No,Yes,No,Yes,Yes,Two Year,Yes,Bank Withdrawal,94.35,5703,No
3985-HOYPM,Male,29,No,145,26,Yes,6.38,No,None,0,No,No,No,No,No,One Year,No,Credit Card,19.4,525.55,No
9548-LERKT,Male,32,No,8812,24,Yes,27.38,No,None,0,No,No,No,No,No,Two Year,No,Credit Card,19.75,483.15,No
6576-FBXOJ,Male,29,No,34967,17,No,0,Yes,DSL,27,No,No,Yes,Yes,Yes,One Year,No,Bank Withdrawal,54.6,934.8,No
4310-KEDTB,Female,24,Yes,27786,26,No,0,Yes,DSL,27,No,No,Yes,No,Yes,Month-to-Month,Yes,Credit Card,29.8,786.5,No
4062-HBMOS,Male,33,No,41476,52,Yes,5.42,Yes,Fiber Optic,22,No,Yes,Yes,No,Yes,Month-to-Month,Yes,Bank Withdrawal,103.05,5364.8,No
2676-ISHSF,Male,22,No,21418,1,Yes,29.19,No,None,0,No,No,No,No,No,Month-to-Month,No,Credit Card,20.3,20.3,No
9236-NDUCW,Female,34,No,899,21,No,0,Yes,DSL,4,Yes,No,No,Yes,Yes,Two Year,No,Credit Card,35.1,770.4,No
4753-PADAS,Female,23,No,595,67,Yes,25.46,Yes,Fiber Optic,73,No,Yes,Yes,No,Yes,One Year,Yes,Bank Withdrawal,105.7,6816.95,No
6103-QCKFX,Female,36,Yes,269,44,Yes,43.7,Yes,DSL,75,Yes,No,No,Yes,No,Month-to-Month,No,Bank Withdrawal,56.25,2419.55,No
7781-EWARA,Male,19,Yes,265,70,No,0,Yes,Cable,47,No,Yes,Yes,Yes,Yes,One Year,No,Bank Withdrawal,60.35,4138.7,No
7018-FPXHH,Male,45,Yes,290,56,Yes,22.74,Yes,DSL,13,Yes,Yes,Yes,No,Yes,Two Year,Yes,Bank Withdrawal,59.8,3457.45,No
0572-ZJKLT,Female,32,Yes,2664,46,Yes,49.26,Yes,Fiber Optic,18,Yes,No,Yes,Yes,Yes,Two Year,No,Credit Card,99.65,4630.2,No
5135-RDDQL,Female,37,Yes,13840,63,Yes,25.32,Yes,DSL,11,Yes,No,No,No,Yes,Two Year,Yes,Bank Withdrawal,50.65,3221.25,No
1353-LJWEM,Male,23,No,12348,11,Yes,28.76,Yes,DSL,27,No,Yes,Yes,Yes,Yes,Month-to-Month,Yes,Bank Withdrawal,60.9,688.5,No
1794-SWWKL,Male,22,Yes,1162,15,Yes,24.36,Yes,DSL,59,No,No,Yes,Yes,Yes,Month-to-Month,Yes,Bank Withdrawal,59.65,867.1,No
6166-YIPFO,Male,33,No,960,72,No,0,Yes,DSL,12,Yes,Yes,Yes,Yes,No,Two Year,Yes,Bank Withdrawal,64.7,4746.05,No
9332-GYWLO,Female,23,Yes,1902,6,Yes,30.17,Yes,DSL,48,No,No,No,No,Yes,Month-to-Month,No,Bank Withdrawal,54.85,355.1,No
4184-VODJZ,Male,62,Yes,170,63,Yes,48.62,Yes,Fiber Optic,28,No,Yes,No,No,Yes,One Year,Yes,Bank Withdrawal,91.35,5764.7,No
1092-WPIVQ,Female,33,Yes,373,18,Yes,39.56,No,None,0,No,No,No,No,No,Two Year,No,Credit Card,25.1,428.45,No
7233-IOQNP,Female,34,No,392,43,No,0,Yes,Cable,21,Yes,No,No,Yes,Yes,Month-to-Month,No,Bank Withdrawal,34,1505.35,No
2834-JKOOW,Female,60,No,3357,15,No,0,Yes,DSL,25,Yes,Yes,Yes,Yes,Yes,One Year,No,Credit Card,45.9,693.45,No
2400-FEQME,Male,57,Yes,616,55,Yes,40.94,No,None,0,No,No,No,No,No,Two Year,No,Credit Card,20.5,1177.95,No
4957-SREEC,Male,38,Yes,42239,70,Yes,31.78,No,None,0,No,No,No,No,No,Two Year,No,Credit Card,20.35,1458.1,No
4923-ADWXJ,Female,33,No,911,25,Yes,1.22,Yes,DSL,10,No,Yes,No,Yes,Yes,Month-to-Month,Yes,Bank Withdrawal,65.8,1679.65,No
3439-GVUSX,Male,45,No,386,1,No,0,Yes,DSL,29,No,No,No,No,Yes,Month-to-Month,No,Credit Card,24.4,24.4,No
5949-HGVJL,Female,35,No,1586,26,Yes,23.31,Yes,DSL,20,No,Yes,No,Yes,No,Month-to-Month,Yes,Bank Withdrawal,73.05,1959.5,No
5203-XEHAX,Female,55,No,816,34,Yes,45.56,Yes,DSL,7,Yes,Yes,No,No,Yes,One Year,No,Bank Withdrawal,64.35,2053.05,No
1635-HDGFT,Female,29,Yes,598,19,Yes,35.45,No,None,0,No,No,No,No,No,Two Year,No,Credit Card,20.5,398.55,No
8050-XGRVL,Female,22,Yes,830,62,Yes,32.92,Yes,DSL,71,Yes,No,Yes,No,Yes,One Year,No,Credit Card,54.75,3425.35,No
9828-QHFBK,Male,60,No,431,24,Yes,33.97,Yes,DSL,22,Yes,No,No,No,Yes,Month-to-Month,Yes,Bank Withdrawal,51.15,1275.7,No
5012-YSPJJ,Male,20,Yes,240,31,Yes,25.04,Yes,DSL,71,No,No,Yes,Yes,Yes,Month-to-Month,No,Credit Card,54.35,1647,No
6728-VOIFY,Female,20,No,4931,63,Yes,20.51,Yes,Fiber Optic,51,No,Yes,No,No,No,One Year,Yes,Bank Withdrawal,96,6109.75,No
4891-NLUBA,Female,46,Yes,433,61,No,0,Yes,DSL,26,No,Yes,Yes,Yes,Yes,Two Year,Yes,Bank Withdrawal,61.45,3751.15,No
8969-PRHFK,Male,32,No,26438,18,Yes,1.42,No,None,0,No,No,No,No,No,One Year,No,Credit Card,19.65,411.25,No
0661-KQHNK,Female,38,Yes,459,6,Yes,30.01,No,None,0,No,No,No,No,No,One Year,No,Credit Card,19,105.5,No
8709-KRDVL,Female,44,No,88,33,Yes,16.57,Yes,Fiber Optic,30,No,Yes,No,No,Yes,Month-to-Month,Yes,Bank Withdrawal,100,3320.6,No
1427-VERSM,Female,62,No,528,56,Yes,7,Yes,Fiber Optic,18,No,No,Yes,Yes,Yes,Month-to-Month,Yes,Bank Withdrawal,98.7,5669.5,No
9801-NOSHQ,Male,50,Yes,4231,23,Yes,1.2,No,None,0,No,No,No,No,No,One Year,No,Credit Card,19.8,465.45,No
6339-YPSAH,Male,54,No,405,9,Yes,1.85,Yes,Fiber Optic,22,No,No,Yes,No,No,Month-to-Month,Yes,Bank Withdrawal,73.8,704.3,No
2159-TURXX,Male,26,No,3749,5,Yes,22.16,No,None,0,No,No,No,No,No,Month-to-Month,No,Credit Card,20.05,95.55,No
1548-FEHVL,Male,40,No,5896,61,Yes,27.66,Yes,Fiber Optic,29,Yes,Yes,No,No,Yes,Month-to-Month,Yes,Bank Withdrawal,106.2,6375.2,No
3795-CAWEX,Male,21,Yes,843,70,Yes,40.77,Yes,Fiber Optic,71,Yes,Yes,Yes,Yes,Yes,Two Year,Yes,Credit Card,116.55,8152.3,No
6215-NQCPY,Male,53,No,9538,15,Yes,10.12,Yes,Fiber Optic,15,Yes,No,No,No,Yes,Month-to-Month,Yes,Bank Withdrawal,99.7,1566.75,No
5647-URDKA,Male,27,Yes,5096,8,Yes,11.57,No,None,0,No,No,No,No,No,Two Year,No,Credit Card,19.7,130.25,No
2229-DPMBI,Female,19,Yes,1839,8,Yes,13.21,No,None,0,No,No,No,No,No,Two Year,No,Credit Card,19.5,162.15,No
9626-WEQRM,Female,53,No,857,4,No,0,Yes,DSL,2,Yes,No,No,No,No,Month-to-Month,Yes,Credit Card,29.15,110.05,No
2188-SXWVT,Female,31,No,650,34,Yes,43.17,Yes,DSL,8,Yes,Yes,No,No,Yes,One Year,No,Credit Card,55,1885.15,No
6258-PVZWJ,Male,38,No,88,68,Yes,11.83,Yes,DSL,21,Yes,Yes,Yes,Yes,Yes,Two Year,Yes,Credit Card,90.8,6302.85,No
1094-BKOSX,Female,52,Yes,1332,45,No,0,Yes,Cable,19,No,Yes,Yes,Yes,Yes,One Year,No,Bank Withdrawal,51,2264.5,No
2978-XXSOG,Female,33,No,1177,22,Yes,32.75,Yes,DSL,24,Yes,No,No,Yes,Yes,Month-to-Month,Yes,Credit Card,59.05,1253.5,No
2342-CKIAO,Female,39,No,132,2,Yes,12.68,No,None,0,No,No,No,No,No,Month-to-Month,No,Credit Card,20.3,41.2,No
6953-PBDIN,Male,50,No,231,70,Yes,38.58,Yes,DSL,25,No,Yes,Yes,Yes,No,Two Year,No,Bank Withdrawal,72.95,5265.55,No
3898-BSJYF,Female,23,Yes,946,10,Yes,14.24,Yes,Cable,26,Yes,No,Yes,Yes,Yes,One Year,No,Credit Card,73.55,693.3,No
3938-YFPXD,Male,55,No,3093,72,Yes,29.03,Yes,DSL,27,Yes,No,Yes,Yes,Yes,Two Year,No,Credit Card,84.3,5997.1,No
7696-AMHOD,Female,23,Yes,42239,49,Yes,9.07,Yes,DSL,82,No,Yes,Yes,No,Yes,One Year,No,Credit Card,78,3824.2,No
9558-IHEZX,Female,57,No,385,71,Yes,2.93,Yes,Fiber Optic,10,Yes,Yes,Yes,No,Yes,Two Year,Yes,Credit Card,106.75,7283.25,No
9617-UDPEU,Female,50,No,1822,22,Yes,35.4,No,None,0,No,No,No,No,No,One Year,Yes,Credit Card,19.25,412.55,No
6340-DACFT,Female,37,Yes,85,50,Yes,10.13,No,None,0,No,No,No,No,No,Two Year,No,Credit Card,20.55,1070.25,No
4955-VCWBI,Female,51,Yes,957,43,Yes,35.2,No,None,0,No,No,No,No,No,One Year,No,Credit Card,20,817.95,No
6813-GZQCG,Female,21,Yes,481,45,Yes,37.57,No,None,0,No,No,No,No,No,Two Year,Yes,Credit Card,24.65,1171.3,No
3389-KTRXV,Female,61,Yes,61,23,Yes,7.11,No,None,0,No,No,No,No,No,Two Year,No,Credit Card,23.85,625.65,No
3118-UHVVQ,Female,41,No,322,68,Yes,17.12,No,None,0,No,No,No,No,No,Two Year,No,Credit Card,25.8,1911.5,No
3205-MXZRA,Male,47,No,408,26,Yes,3.26,Yes,DSL,6,No,No,No,Yes,Yes,One Year,No,Credit Card,59.45,1507,No
8317-BVKSO,Male,27,No,72,14,Yes,9.19,No,None,0,No,No,No,No,No,Month-to-Month,Yes,Bank Withdrawal,20.05,299.3,No
5702-KVQRD,Male,34,No,116,71,Yes,28.21,Yes,DSL,19,Yes,No,Yes,Yes,Yes,Two Year,Yes,Bank Withdrawal,82.55,5832.65,No
0083-PIVIK,Male,25,No,2595,64,Yes,5.49,Yes,DSL,69,Yes,Yes,Yes,Yes,No,One Year,No,Bank Withdrawal,81.25,5567.55,No
6169-PGNCD,Female,61,No,4158,57,Yes,6.45,Yes,DSL,3,Yes,Yes,Yes,Yes,Yes,Two Year,Yes,Credit Card,74.3,4166.35,No
4657-FWVFY,Female,51,Yes,4806,40,Yes,29.42,Yes,Fiber Optic,23,No,Yes,Yes,No,Yes,Month-to-Month,Yes,Credit Card,96.35,3915.4,No
2257-BOVXD,Male,48,No,4002,14,Yes,22.14,Yes,DSL,11,No,No,No,Yes,Yes,Month-to-Month,Yes,Credit Card,66.6,979.5,No
7729-JTEEC,Male,33,Yes,942,2,Yes,30.87,Yes,DSL,19,No,No,No,No,Yes,Month-to-Month,Yes,Bank Withdrawal,44.5,90.05,No
9696-RMYBA,Male,56,No,58198,5,Yes,12.35,Yes,Fiber Optic,13,No,No,No,No,Yes,Month-to-Month,Yes,Credit Card,80.1,398.55,No
8690-UPCZI,Male,26,Yes,67852,29,Yes,36.7,Yes,DSL,69,Yes,No,No,Yes,No,One Year,No,Bank Withdrawal,69.05,1958.45,No
9770-LXDBK,Female,42,No,62784,3,Yes,14.79,No,None,0,No,No,No,No,No,Month-to-Month,No,Credit Card,20.4,63.15,No
4086-WITJG,Male,53,Yes,45025,71,Yes,14.86,No,None,0,No,No,No,No,No,Two Year,No,Credit Card,19.7,1301.1,No
8344-WFMFH,Male,34,Yes,30852,9,Yes,27.64,Yes,Cable,29,No,Yes,No,No,Yes,Month-to-Month,Yes,Bank Withdrawal,50.1,484.05,No
8822-KNBHV,Female,30,No,101215,48,Yes,45.51,Yes,DSL,27,Yes,Yes,Yes,No,Yes,One Year,Yes,Credit Card,83.45,3887.85,No
8404-FYDIB,Male,19,No,30596,26,Yes,49.87,Yes,Fiber Optic,48,Yes,Yes,No,No,Yes,Month-to-Month,Yes,Credit Card,86.65,2208.75,No
2791-SFVEW,Female,63,No,9732,9,Yes,34.79,No,None,0,No,No,No,No,No,Month-to-Month,No,Bank Withdrawal,20.15,238.15,No
6762-NSODU,Female,46,Yes,15140,46,Yes,12.68,No,None,0,No,No,No,No,No,Two Year,No,Credit Card,19.4,958.15,No
9888-ZCUMM,Male,48,Yes,47143,64,No,0,Yes,DSL,19,Yes,No,Yes,Yes,Yes,Two Year,Yes,Bank Withdrawal,60.05,3845.45,No
1074-WVEVG,Female,29,No,3012,59,Yes,31.43,No,None,0,No,No,No,No,No,One Year,No,Credit Card,20.35,1267,No
9979-RGMZT,Female,20,No,68701,7,Yes,36.49,Yes,Fiber Optic,42,No,Yes,No,No,Yes,One Year,Yes,Credit Card,94.05,633.45,No
2108-GLPQB,Male,49,No,41175,25,Yes,11.6,Yes,DSL,10,No,No,Yes,No,Yes,Month-to-Month,No,Credit Card,55.55,1405.3,No
5474-LAMUQ,Male,56,No,41713,24,Yes,35.8,No,None,0,No,No,No,No,No,One Year,No,Credit Card,20.1,533.9,No
3468-DRVQJ,Female,42,Yes,38415,10,Yes,26.37,Yes,Cable,26,Yes,Yes,No,No,Yes,One Year,No,Bank Withdrawal,70.3,676.15,No
1122-YJBCS,Male,36,No,46960,69,Yes,14.18,Yes,DSL,16,Yes,Yes,No,No,Yes,One Year,Yes,Credit Card,53.65,3804.4,No
4990-ALDGW,Male,37,No,49431,57,Yes,38.73,No,None,0,No,No,No,No,No,Two Year,No,Credit Card,20.75,1118.8,No
4816-OKWNX,Male,38,Yes,58218,50,Yes,36.21,Yes,Fiber Optic,22,No,Yes,Yes,Yes,Yes,One Year,Yes,Bank Withdrawal,103.4,5236.4,No
3315-IKYZQ,Male,42,Yes,27799,28,No,0,Yes,DSL,19,Yes,No,Yes,Yes,Yes,One Year,No,Credit Card,50.8,1386.8,No
4747-LCAQL,Male,28,No,56709,25,Yes,7.55,Yes,DSL,71,Yes,Yes,No,Yes,Yes,Month-to-Month,Yes,Credit Card,79,1902,No
0898-XCGTF,Male,46,No,29310,61,Yes,21.96,Yes,Fiber Optic,2,No,No,No,No,Yes,One Year,Yes,Bank Withdrawal,96.5,5673.7,No
8006-PYCSW,Female,60,No,9805,2,Yes,35.5,No,None,0,No,No,No,No,No,Month-to-Month,No,Credit Card,20.1,39.8,No
8249-THVEC,Male,38,Yes,27866,51,Yes,37.63,No,None,0,No,No,No,No,No,One Year,No,Credit Card,19.4,997.75,No
8722-PRFDV,Female,21,Yes,64672,71,Yes,48.76,Yes,Cable,71,Yes,No,Yes,No,Yes,Two Year,No,Credit Card,77.55,5574.35,No
2164-SOQXL,Female,31,Yes,44764,20,Yes,14.79,No,None,0,No,No,No,No,No,Month-to-Month,No,Credit Card,20.05,406.05,No
4020-KIUDI,Male,54,Yes,87383,6,Yes,23.73,No,None,0,No,No,No,No,No,Month-to-Month,No,Credit Card,19.85,138.85,No
5850-BDWCY,Female,64,No,39334,6,Yes,43.18,No,None,0,No,No,No,No,No,Month-to-Month,No,Credit Card,20.2,123.65,No
2038-YSEZE,Female,48,No,49839,29,Yes,13.74,Yes,DSL,2,Yes,Yes,No,Yes,Yes,Month-to-Month,No,Credit Card,67.45,1801.1,No
0827-ITJPH,Male,33,No,47107,36,Yes,8.5,No,None,0,No,No,No,No,No,Two Year,Yes,Credit Card,18.55,689,No
8799-OXZMD,Female,35,No,21739,28,No,0,Yes,DSL,14,No,No,Yes,No,Yes,Month-to-Month,Yes,Credit Card,29.75,790.7,No
1705-GUHPV,Female,64,No,8115,63,Yes,26.74,No,None,0,No,No,No,No,No,Two Year,No,Credit Card,24.2,1618.2,No
4779-ZGICK,Male,39,Yes,44004,48,Yes,11.86,No,None,0,No,No,No,No,No,Two Year,No,Credit Card,23.55,1173.35,No
0048-PIHNL,Female,48,No,3642,49,Yes,49.58,No,None,0,No,No,No,No,No,One Year,No,Bank Withdrawal,20.45,900.9,No
3967-KXAPS,Male,42,No,24511,72,Yes,13.59,Yes,DSL,5,Yes,Yes,Yes,Yes,No,Two Year,No,Credit Card,92.3,6719.9,No
3704-IEAXF,Female,49,Yes,55668,72,No,0,Yes,DSL,53,No,Yes,No,Yes,Yes,Two Year,No,Credit Card,53.65,3784,No
6810-VCAEX,Female,57,No,24505,47,No,0,Yes,DSL,3,Yes,Yes,No,Yes,Yes,One Year,No,Credit Card,39.65,1798.65,No
0674-EYYZV,Female,41,No,47534,1,Yes,36.33,Yes,DSL,4,No,No,No,No,Yes,Month-to-Month,Yes,Bank Withdrawal,54.65,54.65,No
4480-MBMLB,Female,52,No,55204,36,Yes,28.41,Yes,Fiber Optic,4,No,Yes,Yes,No,Yes,One Year,Yes,Bank Withdrawal,104.8,3886.45,No
1395-OFUWC,Male,44,Yes,2527,43,No,0,Yes,Cable,53,No,Yes,No,No,Yes,Month-to-Month,No,Credit Card,29.3,1224.05,No
2832-KJCRD,Female,22,No,21,38,Yes,23.95,Yes,Fiber Optic,27,No,No,Yes,Yes,No,Month-to-Month,Yes,Bank Withdrawal,103.65,3988.5,No
4075-WKNIU,Female,25,Yes,105285,10,Yes,5.59,Yes,DSL,59,No,Yes,Yes,Yes,Yes,Two Year,No,Credit Card,73.35,733.5,No
5090-EMGTC,Female,32,No,21397,59,Yes,45.75,Yes,Fiber Optic,11,No,Yes,No,Yes,Yes,Two Year,Yes,Credit Card,100.05,6034.85,No
2346-CZYIL,Male,42,No,8321,27,Yes,39.77,No,None,0,No,No,No,No,No,Two Year,No,Credit Card,20.35,531.6,No
6258-NGCNG,Male,54,No,47305,7,Yes,1.41,No,None,0,No,No,No,No,No,Month-to-Month,No,Credit Card,23.5,173,No
4186-ZBUEW,Female,55,No,51387,36,Yes,29.27,Yes,DSL,9,No,Yes,No,Yes,No,One Year,Yes,Credit Card,70.7,2511.95,No
5274-XHAKY,Female,19,Yes,29825,41,Yes,1.6,Yes,Fiber Optic,59,Yes,Yes,No,No,Yes,Month-to-Month,Yes,Bank Withdrawal,94.3,3893.6,No
1442-BQPVU,Female,33,No,31963,13,No,0,Yes,DSL,28,No,Yes,No,No,Yes,Month-to-Month,No,Bank Withdrawal,29.15,357.15,No
3978-YNKDD,Male,62,Yes,15195,19,Yes,36.16,No,None,0,No,No,No,No,No,Two Year,No,Credit Card,20.85,467.5,No
4940-KHCWD,Female,61,No,24908,60,No,0,Yes,Cable,2,Yes,Yes,No,Yes,Yes,Two Year,No,Bank Withdrawal,37.7,2288.7,No
9589-ABEPT,Male,47,No,16041,69,Yes,3.08,Yes,Fiber Optic,20,No,Yes,No,Yes,Yes,Two Year,Yes,Credit Card,92.45,6460.55,No
9388-ZEYVT,Male,63,No,47758,43,No,0,Yes,DSL,11,No,No,Yes,Yes,Yes,One Year,No,Bank Withdrawal,44.15,1931.3,No
0305-SQECB,Female,54,Yes,9960,11,No,0,Yes,DSL,17,Yes,No,No,Yes,No,One Year,Yes,Credit Card,36.05,402.6,No
7605-SNLQG,Female,42,No,26442,45,Yes,6.49,Yes,DSL,22,No,No,Yes,No,Yes,Month-to-Month,Yes,Credit Card,50.25,2221.55,No
4670-TABXH,Male,53,No,93315,72,Yes,22.95,Yes,Fiber Optic,17,No,Yes,Yes,Yes,Yes,Two Year,Yes,Credit Card,109.75,7758.9,No
0064-SUDOG,Female,48,Yes,78114,12,Yes,19.28,No,None,0,No,No,No,No,No,Two Year,No,Bank Withdrawal,20.3,224.5,No
8561-NMTBD,Female,20,Yes,33300,67,Yes,20.41,Yes,Fiber Optic,52,No,Yes,Yes,Yes,Yes,One Year,Yes,Credit Card,112.35,7388.45,No
5161-XEUVX,Male,23,No,69850,37,Yes,13.13,Yes,Fiber Optic,58,No,No,Yes,Yes,Yes,Two Year,No,Credit Card,94.3,3460.95,No
8292-FRFZQ,Female,19,No,11,39,No,0,Yes,DSL,73,Yes,Yes,No,Yes,Yes,One Year,No,Bank Withdrawal,41.15,1700.9,No
8591-NXRCV,Female,47,No,19630,41,Yes,31.08,Yes,DSL,12,Yes,No,Yes,Yes,No,Month-to-Month,Yes,Bank Withdrawal,74.65,3090.65,No
7895-VONWT,Female,20,No,33758,25,No,0,Yes,Cable,59,No,No,Yes,No,Yes,Month-to-Month,Yes,Bank Withdrawal,48.25,1293.8,No
4526-RMTLL,Male,32,Yes,28094,8,Yes,37.28,Yes,DSL,14,Yes,Yes,No,Yes,Yes,Two Year,Yes,Credit Card,76.15,645.8,No
6253-GNHWH,Female,63,Yes,22548,71,Yes,45.81,Yes,DSL,52,Yes,Yes,Yes,Yes,Yes,Two Year,No,Credit Card,71.1,5224.95,No
4566-NECEV,Male,40,No,24979,5,Yes,39.13,Yes,Fiber Optic,20,No,Yes,Yes,No,Yes,Month-to-Month,No,Bank Withdrawal,96.55,500.1,No
8080-POTJR,Female,59,No,41263,30,Yes,6.74,Yes,DSL,18,Yes,No,Yes,No,Yes,One Year,Yes,Credit Card,79.3,2427.1,No
6906-MPARY,Male,30,No,34191,40,Yes,32.27,Yes,Fiber Optic,69,No,Yes,No,Yes,Yes,One Year,Yes,Credit Card,89.6,3488.15,No
3662-FXJFO,Female,44,No,37322,54,Yes,10.83,No,None,0,No,No,No,No,No,Two Year,Yes,Credit Card,20.5,1035.7,No
8107-RZLNV,Male,22,No,96267,72,Yes,15.09,Yes,Fiber Optic,85,No,Yes,Yes,No,Yes,Two Year,Yes,Bank Withdrawal,106.3,7565.35,No
0516-OOHAR,Male,39,Yes,5451,28,Yes,7.73,Yes,Fiber Optic,13,No,Yes,Yes,No,Yes,One Year,No,Bank Withdrawal,100.35,2799,No
2027-CWDNU,Male,45,Yes,31021,18,Yes,28.04,Yes,Fiber Optic,28,No,No,No,Yes,Yes,Month-to-Month,Yes,Bank Withdrawal,85.6,1601.5,No
9912-OMZDS,Female,63,Yes,11264,59,Yes,35.23,Yes,Fiber Optic,19,No,Yes,Yes,No,Yes,One Year,Yes,Bank Withdrawal,106.15,6256.2,No
3733-ZEECP,Male,29,Yes,37527,22,Yes,27.91,Yes,Cable,27,No,No,No,Yes,Yes,Month-to-Month,Yes,Bank Withdrawal,51.1,1232.9,No
7878-RTCZG,Female,55,No,30779,1,Yes,2.38,No,None,0,No,No,No,No,No,Month-to-Month,No,Credit Card,19.9,19.9,No
7103-IPXPJ,Male,44,No,13779,50,Yes,26.06,Yes,Fiber Optic,18,No,No,No,Yes,Yes,One Year,No,Bank Withdrawal,99.4,5059.75,No
4342-HFXWS,Female,19,Yes,5221,48,Yes,44.66,Yes,DSL,27,Yes,No,Yes,Yes,Yes,One Year,No,Bank Withdrawal,69.7,3023.65,No
3545-CNWRG,Female,52,Yes,11509,49,Yes,27.38,Yes,Fiber Optic,57,No,Yes,No,No,Yes,Month-to-Month,Yes,Bank Withdrawal,98.35,4889.2,No
1785-BPHTP,Male,64,Yes,23559,28,Yes,3.18,Yes,Fiber Optic,12,No,No,Yes,No,Yes,Month-to-Month,No,Bank Withdrawal,85.45,2289.9,No
7315-WYOAW,Male,29,No,26099,13,Yes,44.43,Yes,Fiber Optic,41,No,No,No,Yes,No,Month-to-Month,No,Bank Withdrawal,100.75,1313.25,No
1173-XZPYF,Female,60,No,40705,11,Yes,10.95,Yes,Fiber Optic,29,No,No,Yes,No,Yes,Month-to-Month,Yes,Bank Withdrawal,89.2,990.3,No
2509-TFPJU,Male,62,No,34873,72,Yes,40.04,No,None,0,No,No,No,No,No,Two Year,No,Credit Card,25.75,1864.2,No
9530-GRMJG,Male,63,Yes,32050,70,Yes,38.83,Yes,DSL,24,No,Yes,Yes,Yes,Yes,Two Year,Yes,Bank Withdrawal,84.1,5979.7,No
6898-RBTLU,Female,47,Yes,26265,49,Yes,16.6,Yes,DSL,14,No,Yes,No,Yes,Yes,Two Year,No,Bank Withdrawal,79.3,3902.45,No
2068-WWXQZ,Male,61,No,37887,46,Yes,30.25,No,None,0,No,No,No,No,No,Two Year,No,Bank Withdrawal,20.05,902,No
2061-VVFST,Female,57,No,32148,37,Yes,45.19,No,None,0,No,No,No,No,No,Month-to-Month,No,Bank Withdrawal,19.5,805.2,No
2380-DAMQP,Female,63,No,15505,72,Yes,40.59,Yes,Fiber Optic,25,Yes,Yes,Yes,Yes,Yes,Two Year,No,Bank Withdrawal,115.15,8349.7,No
2256-YLYLP,Male,45,Yes,47344,68,Yes,34.13,Yes,DSL,25,No,No,Yes,Yes,Yes,Two Year,Yes,Bank Withdrawal,72.95,4953.25,No
1272-ILHFG,Male,48,Yes,67354,15,Yes,17.28,No,None,0,No,No,No,No,No,One Year,No,Credit Card,19.65,332.65,No
0164-XAIRP,Female,51,No,47568,24,Yes,10.64,No,None,0,No,No,No,No,No,Two Year,Yes,Bank Withdrawal,19.55,470.2,No
5666-CYCYZ,Female,21,No,62425,24,Yes,18.07,Yes,Fiber Optic,52,No,No,No,Yes,Yes,Month-to-Month,Yes,Bank Withdrawal,89.55,2259.35,No
4011-ARPHK,Male,59,No,103214,27,Yes,18.51,Yes,DSL,9,Yes,No,No,No,No,Month-to-Month,No,Credit Card,50.35,1411.35,No
6365-HITVU,Female,24,Yes,16271,71,Yes,48.08,Yes,Cable,51,Yes,Yes,Yes,Yes,Yes,Two Year,No,Credit Card,87.25,6328.7,No
7558-IMLMT,Male,48,Yes,29694,67,Yes,8.82,No,None,0,No,No,No,No,No,Two Year,Yes,Credit Card,20.8,1411.9,No
9488-FYQAU,Female,64,No,16398,63,Yes,10.67,Yes,Fiber Optic,23,No,Yes,Yes,Yes,Yes,Two Year,Yes,Bank Withdrawal,109.25,6841.4,No
3590-TCXTB,Male,50,No,51556,1,Yes,31.97,No,None,0,No,No,No,No,No,Month-to-Month,No,Credit Card,20.35,20.35,No
6994-KERXL,Male,51,No,3699,4,Yes,17.7,Yes,DSL,22,No,No,No,No,Yes,Month-to-Month,Yes,Bank Withdrawal,55.9,238.5,No
1960-UOTYM,Male,61,Yes,30173,52,Yes,16.53,Yes,DSL,12,Yes,Yes,Yes,No,Yes,Two Year,No,Bank Withdrawal,79.2,4016.3,No
2740-JFBOK,Male,35,No,27563,10,Yes,3.01,No,None,0,No,No,No,No,No,Month-to-Month,Yes,Bank Withdrawal,24,226.55,No
6500-JVEGC,Male,56,No,20890,68,Yes,11.22,Yes,Fiber Optic,7,Yes,Yes,Yes,No,Yes,One Year,No,Bank Withdrawal,101.35,7110.75,No
5245-VDBUR,Female,58,No,21343,52,No,0,Yes,DSL,8,Yes,No,Yes,No,Yes,One Year,No,Credit Card,35.45,1958.95,No
8469-SNFFH,Male,40,No,58639,70,Yes,43.46,Yes,DSL,21,Yes,Yes,Yes,Yes,Yes,One Year,No,Bank Withdrawal,79.4,5528.9,No
2144-ESWKO,Male,47,No,21279,43,No,0,Yes,Cable,4,Yes,No,Yes,No,Yes,One Year,Yes,Credit Card,35.2,1463.7,No
1241-FPMOF,Male,31,No,24180,52,Yes,21.98,No,None,0,No,No,No,No,No,Two Year,No,Credit Card,19.65,1025.05,No
9928-BZVLZ,Female,58,No,1107,12,No,0,Yes,DSL,7,Yes,No,Yes,Yes,Yes,Two Year,No,Credit Card,49.85,552.1,No
4114-QMKVN,Female,25,Yes,174,56,Yes,7.31,Yes,DSL,76,Yes,Yes,No,No,No,One Year,No,Bank Withdrawal,68.75,3815.4,No
2775-SEFEE,Male,56,Yes,53323,10,Yes,29.95,Yes,DSL,19,Yes,Yes,No,Yes,Yes,Two Year,Yes,Bank Withdrawal,61.9,619,No
9003-CPATH,Male,53,No,55486,42,Yes,9.46,Yes,Fiber Optic,14,No,No,Yes,No,Yes,Month-to-Month,No,Bank Withdrawal,79.9,3313.4,No
7956-XQWGU,Male,43,No,31352,27,Yes,2.59,No,None,0,No,No,No,No,No,Month-to-Month,Yes,Credit Card,19.4,460.25,No
2369-FEVNO,Male,36,No,49647,1,Yes,7.76,No,None,0,No,No,No,No,No,Month-to-Month,Yes,Credit Card,19.9,19.9,No
5115-SQAAU,Female,55,Yes,63136,69,Yes,20.98,No,None,0,No,No,No,No,No,Two Year,Yes,Bank Withdrawal,25.6,1673.4,No
9845-QOMAD,Male,38,Yes,19034,14,Yes,26.99,No,None,0,No,No,No,No,No,One Year,No,Credit Card,19.75,309.35,No
7672-VFMXZ,Male,31,No,38902,57,Yes,15.48,Yes,Cable,15,Yes,No,No,Yes,Yes,Month-to-Month,No,Bank Withdrawal,55.7,3171.6,No
9739-JLPQJ,Female,58,Yes,425,72,Yes,33.37,Yes,Fiber Optic,16,Yes,Yes,Yes,Yes,Yes,Two Year,No,Credit Card,117.5,8670.1,No
9916-AYHTC,Male,63,No,36243,48,Yes,32.04,No,None,0,No,No,No,No,No,Two Year,No,Credit Card,19.85,916,No
3855-ONCAR,Female,35,Yes,30028,4,Yes,41.93,Yes,Fiber Optic,53,No,No,No,No,Yes,Month-to-Month,Yes,Credit Card,78.9,299.75,No
1488-SYSFC,Male,31,Yes,30933,31,Yes,9.56,No,None,0,No,No,No,No,No,Month-to-Month,Yes,Bank Withdrawal,20.65,702.05,No
0970-QXPXW,Female,28,No,41067,1,Yes,42.42,No,None,0,No,No,No,No,No,Month-to-Month,No,Credit Card,19.65,19.65,No
9572-WUKSB,Male,22,No,23984,3,No,0,Yes,DSL,41,No,No,No,Yes,Yes,Month-to-Month,Yes,Bank Withdrawal,29.9,92.25,No
5893-KCLGT,Female,56,Yes,18752,72,Yes,15.21,No,None,0,No,No,No,No,No,Two Year,Yes,Credit Card,19.75,1567,No
0076-LVEPS,Male,57,Yes,26753,29,No,0,Yes,DSL,21,Yes,Yes,Yes,Yes,Yes,Month-to-Month,Yes,Credit Card,45,1242.45,No
3640-JQGJG,Male,25,Yes,16812,13,Yes,6.18,Yes,Cable,59,No,No,No,No,No,Month-to-Month,No,Bank Withdrawal,44.8,559.2,No
1596-OQSPS,Female,64,No,38460,11,Yes,2.95,Yes,DSL,21,No,Yes,No,No,Yes,Month-to-Month,No,Bank Withdrawal,51.1,531.15,No
9867-XOBQA,Female,59,Yes,10253,21,No,0,Yes,DSL,11,Yes,Yes,Yes,Yes,Yes,Two Year,No,Credit Card,53.15,1183.2,No
9546-KDTRB,Female,62,No,23742,19,Yes,11.86,No,None,0,No,No,No,No,No,Month-to-Month,No,Bank Withdrawal,24.7,465.85,No
3174-RKMOW,Male,24,Yes,23981,35,Yes,48.3,Yes,Fiber Optic,73,No,Yes,Yes,Yes,Yes,Month-to-Month,Yes,Bank Withdrawal,109.95,3782.4,No
1760-CAZHT,Male,55,Yes,21990,25,Yes,3.07,No,None,0,No,No,No,No,No,Month-to-Month,No,Credit Card,20.8,460.2,No
8441-SHIPE,Female,53,No,17015,67,Yes,16.72,No,None,0,No,No,No,No,No,Two Year,Yes,Bank Withdrawal,25.6,1790.35,No
1320-GVNHT,Male,56,Yes,9864,72,Yes,27.88,Yes,Fiber Optic,30,Yes,Yes,Yes,No,No,Two Year,Yes,Credit Card,108.4,7767.25,No
1047-RNXZV,Male,57,No,16910,43,Yes,3.18,No,None,0,No,No,No,No,No,Two Year,No,Credit Card,19.55,876.15,No
3541-ZNUHK,Female,51,Yes,29110,55,Yes,20.1,Yes,Fiber Optic,19,Yes,Yes,No,No,Yes,Month-to-Month,Yes,Bank Withdrawal,85.1,4600.95,No
8725-JEDFD,Male,26,No,23661,27,Yes,34.98,Yes,Fiber Optic,26,No,No,No,No,Yes,Month-to-Month,Yes,Credit Card,69.05,1793.25,No
7562-UXTPG,Female,40,No,23519,13,Yes,26.13,Yes,Fiber Optic,28,No,No,No,No,Yes,Month-to-Month,Yes,Credit Card,70.15,886.7,No
8071-SBTRN,Female,63,No,49242,70,Yes,23.15,Yes,Fiber Optic,17,Yes,Yes,Yes,No,Yes,Two Year,Yes,Credit Card,111.15,7737.55,No
6668-CNMFP,Female,24,Yes,23637,19,Yes,36.92,Yes,Fiber Optic,52,No,No,No,Yes,Yes,One Year,Yes,Bank Withdrawal,89.35,1686.85,No
5626-MGTUK,Female,50,No,35325,20,Yes,24.73,Yes,Fiber Optic,25,Yes,No,No,No,No,Month-to-Month,Yes,Bank Withdrawal,89.1,1879.25,No
5681-LLOEI,Male,59,Yes,27614,43,Yes,42.22,Yes,Fiber Optic,25,Yes,No,Yes,Yes,Yes,One Year,Yes,Credit Card,91.25,4013.8,No
8212-DJRCH,Male,33,Yes,37779,5,Yes,15.01,Yes,Fiber Optic,19,Yes,No,Yes,No,Yes,Month-to-Month,Yes,Credit Card,90.35,434.5,No
4933-BSAIP,Female,39,No,25751,40,Yes,31.37,No,None,0,No,No,No,No,No,Two Year,No,Credit Card,19.1,780.1,No
2030-BTZRO,Male,54,Yes,32307,6,Yes,41.36,No,None,0,No,No,No,No,No,Two Year,Yes,Credit Card,20.4,107.6,No
1116-DXXDF,Male,38,No,28067,39,Yes,37.94,Yes,Fiber Optic,19,Yes,No,Yes,No,Yes,Two Year,Yes,Bank Withdrawal,100.45,3801.7,No
0270-THENM,Male,62,Yes,17112,72,Yes,28.37,Yes,DSL,18,Yes,Yes,Yes,Yes,Yes,Two Year,No,Bank Withdrawal,69.85,5102.35,No
4707-MAXGU,Male,36,No,59259,72,Yes,36.03,No,None,0,No,No,No,No,No,Two Year,No,Credit Card,25.85,1872.2,No
2710-WYVXG,Female,36,No,46639,3,Yes,37,Yes,DSL,22,Yes,Yes,No,Yes,Yes,Two Year,No,Credit Card,71.1,213.35,No
6300-BWMJX,Female,45,No,24977,59,Yes,20.78,Yes,Fiber Optic,26,No,No,Yes,Yes,Yes,Month-to-Month,No,Bank Withdrawal,93.35,5386.5,No
7009-LGECI,Female,24,No,18735,4,Yes,22.07,Yes,DSL,41,Yes,No,No,No,Yes,Month-to-Month,Yes,Bank Withdrawal,50.55,235.65,No
5022-KVDQT,Male,20,No,25988,27,Yes,25.51,Yes,Fiber Optic,69,No,No,Yes,No,No,Month-to-Month,Yes,Bank Withdrawal,81.3,2272.8,No
7976-CICYS,Male,49,No,36123,4,Yes,27.04,No,None,0,No,No,No,No,No,Month-to-Month,Yes,Credit Card,20.7,83.75,No
1036-GUDCL,Male,59,Yes,14814,60,Yes,39.76,Yes,DSL,76,Yes,Yes,No,Yes,Yes,Month-to-Month,Yes,Credit Card,79.05,4663.4,No
2005-DWQZJ,Female,26,Yes,9937,8,Yes,42.67,No,None,0,No,No,No,No,No,Two Year,No,Credit Card,19.05,201.7,No
8148-WOCMK,Male,54,Yes,22177,8,Yes,13.43,No,None,0,No,No,No,No,No,Two Year,No,Credit Card,19.6,125,No
7815-PDTHL,Male,64,No,40376,35,Yes,42.8,No,None,0,No,No,No,No,No,Two Year,Yes,Credit Card,20.2,684.4,No
9173-IVZVP,Female,48,Yes,22085,53,Yes,43.71,No,None,0,No,No,No,No,No,Two Year,No,Credit Card,20.9,1146.05,No
3635-JBPSG,Female,49,No,50047,15,No,0,Yes,DSL,23,No,Yes,No,No,Yes,Two Year,Yes,Credit Card,38.8,603,No
7964-ZRKKG,Male,44,No,23646,67,Yes,37.6,Yes,Fiber Optic,23,No,Yes,No,No,Yes,One Year,Yes,Bank Withdrawal,88.4,5798.3,No
1724-IQWNM,Male,37,Yes,25882,1,Yes,8.66,No,None,0,No,No,No,No,No,Month-to-Month,Yes,Credit Card,19.3,19.3,No
8217-QYOHV,Male,27,No,29245,5,Yes,30.92,Yes,Cable,41,Yes,No,No,Yes,Yes,Month-to-Month,Yes,Credit Card,55.75,266.95,No
5546-QUERU,Male,42,No,18539,13,Yes,16.35,No,None,0,No,No,No,No,No,One Year,Yes,Credit Card,19.95,257,No
6897-UUBNU,Male,39,No,16996,29,Yes,12.92,Yes,Fiber Optic,24,No,Yes,No,Yes,No,Month-to-Month,No,Credit Card,89.65,2623.65,No
8930-XOTDP,Female,33,Yes,45358,18,Yes,18.47,Yes,DSL,30,No,No,No,No,Yes,Month-to-Month,No,Credit Card,55.95,1082.8,No
5916-QEWPT,Female,61,No,27453,2,Yes,27.41,Yes,Cable,23,No,No,Yes,No,Yes,Month-to-Month,No,Credit Card,69,147.8,No
5060-TQUQN,Male,19,Yes,39064,30,Yes,10.24,Yes,Fiber Optic,48,No,Yes,No,Yes,Yes,Month-to-Month,Yes,Bank Withdrawal,83.55,2570.2,No
0531-XBKMM,Male,37,Yes,57775,66,Yes,32.12,Yes,DSL,17,Yes,Yes,No,Yes,Yes,Two Year,No,Bank Withdrawal,65.7,4378.9,No
8465-SBRXP,Male,32,Yes,76890,38,Yes,25.84,Yes,Fiber Optic,19,No,No,Yes,Yes,No,Two Year,Yes,Bank Withdrawal,94.9,3616.25,No
2408-PSJVE,Male,41,Yes,66754,44,Yes,37.68,Yes,DSL,24,No,Yes,Yes,Yes,Yes,Month-to-Month,Yes,Credit Card,61.9,2924.05,No
9700-ZCLOT,Male,46,No,34716,2,Yes,17.03,No,None,0,No,No,No,No,No,Month-to-Month,No,Credit Card,20,32.7,No
8738-JOKAR,Female,55,No,33817,42,Yes,39.32,Yes,Cable,20,Yes,Yes,No,Yes,Yes,One Year,Yes,Credit Card,67.7,2882.25,No
4534-WGCIR,Female,56,Yes,17554,58,Yes,29.5,No,None,0,No,No,No,No,No,Two Year,No,Credit Card,25.15,1509.9,No
1930-WNXSB,Male,38,Yes,25068,58,Yes,47.69,Yes,Fiber Optic,24,No,Yes,No,No,Yes,Month-to-Month,Yes,Bank Withdrawal,92.85,5305.05,No
3508-CFVZL,Female,55,No,30211,71,Yes,49.52,Yes,Fiber Optic,19,Yes,Yes,Yes,Yes,Yes,Two Year,No,Credit Card,111.3,7985.9,No
0657-DOGUM,Female,35,No,12937,48,Yes,44.72,Yes,DSL,13,Yes,No,No,Yes,No,One Year,Yes,Bank Withdrawal,60.6,2985.25,No
8792-AOROI,Female,23,No,24973,8,Yes,23.68,Yes,DSL,41,Yes,No,No,Yes,Yes,Two Year,No,Credit Card,65.5,564.35,No
5146-YYFRZ,Male,32,No,53686,67,Yes,15.32,No,None,0,No,No,No,No,No,Two Year,No,Bank Withdrawal,19.95,1311.75,No
3452-SRFEG,Male,39,No,35530,49,Yes,23.82,Yes,Fiber Optic,18,No,No,No,No,Yes,Month-to-Month,Yes,Bank Withdrawal,74.6,3720.35,No
4070-OKWVH,Female,60,No,18980,52,Yes,29.23,Yes,Fiber Optic,30,No,Yes,Yes,No,Yes,Month-to-Month,No,Bank Withdrawal,94.6,5025.8,No
5297-MDOIR,Female,20,No,33280,63,Yes,34.51,Yes,Fiber Optic,46,Yes,No,Yes,No,Yes,One Year,Yes,Credit Card,81.15,5224.5,No
6369-MCAKO,Female,50,Yes,26933,68,Yes,47.91,Yes,DSL,23,Yes,Yes,Yes,Yes,Yes,Two Year,Yes,Bank Withdrawal,89.05,6185.8,No
4926-UMJZD,Female,51,No,47,31,Yes,1.2,Yes,DSL,15,No,No,No,Yes,No,Month-to-Month,Yes,Credit Card,49.2,1498.55,No
6848-HJTXY,Female,41,No,56280,64,Yes,19.98,No,None,0,No,No,No,No,No,Two Year,No,Credit Card,19.45,1208.6,No
6341-AEVKX,Female,37,No,54254,62,Yes,44.95,Yes,Fiber Optic,5,Yes,No,Yes,Yes,Yes,One Year,Yes,Bank Withdrawal,104.3,6613.65,No
0682-USIXD,Female,40,No,46532,21,Yes,14.81,Yes,Fiber Optic,25,No,No,No,Yes,Yes,Month-to-Month,Yes,Bank Withdrawal,86.05,1818.9,No
6976-BWGLQ,Female,64,Yes,69974,72,Yes,39.3,No,None,0,No,No,No,No,No,Two Year,No,Bank Withdrawal,25.2,1787.35,No
7078-NVFAM,Female,57,Yes,46626,32,No,0,Yes,Cable,14,Yes,Yes,No,No,Yes,Month-to-Month,Yes,Bank Withdrawal,35.15,1051.05,No
2133-TSRRM,Female,47,Yes,61623,34,Yes,32.94,Yes,Fiber Optic,21,Yes,Yes,Yes,No,No,Month-to-Month,Yes,Bank Withdrawal,105.35,3688.6,No
2511-ALLCS,Female,38,Yes,32718,35,Yes,18.86,No,None,0,No,No,No,No,No,Two Year,No,Bank Withdrawal,24.3,821.6,No
3191-CSNMG,Female,57,Yes,23331,3,Yes,23.72,Yes,Fiber Optic,17,No,No,No,No,Yes,Month-to-Month,Yes,Bank Withdrawal,80.7,239.45,No
7952-OBOYL,Male,24,No,48827,3,Yes,25.1,Yes,Fiber Optic,59,No,No,Yes,Yes,Yes,Month-to-Month,Yes,Credit Card,89.85,244.45,No
7470-DYNOE,Male,37,No,45118,53,Yes,4.82,Yes,DSL,24,No,No,Yes,No,Yes,One Year,Yes,Bank Withdrawal,61.1,3357.9,No
7853-OETYL,Female,40,No,44099,4,No,0,Yes,DSL,13,Yes,No,No,No,Yes,Month-to-Month,Yes,Bank Withdrawal,29.05,129.6,No
1545-ACTAS,Female,53,Yes,30458,48,Yes,36.18,Yes,Fiber Optic,29,Yes,No,Yes,No,Yes,One Year,Yes,Bank Withdrawal,99.7,4977.2,No
5126-RCXYW,Male,41,Yes,30635,54,No,0,Yes,DSL,19,No,No,Yes,Yes,No,Two Year,No,Credit Card,46,2424.05,No
2363-BJLSL,Male,49,No,17389,62,Yes,48.72,Yes,DSL,2,No,Yes,Yes,Yes,Yes,Month-to-Month,Yes,Bank Withdrawal,80.4,4981.15,No
1956-YIFGE,Male,36,Yes,1509,22,Yes,9.05,Yes,Fiber Optic,57,No,Yes,Yes,No,Yes,One Year,Yes,Credit Card,100.05,2090.25,No
2925-MXLSX,Female,37,No,71126,30,Yes,22.64,Yes,DSL,18,No,Yes,Yes,No,Yes,One Year,Yes,Credit Card,68.95,2038.7,No
9609-BENEA,Male,50,No,2606,35,Yes,45.97,Yes,DSL,13,No,Yes,No,Yes,Yes,One Year,Yes,Bank Withdrawal,69,2441.7,No
4459-BBGHE,Male,61,Yes,1587,30,No,0,Yes,DSL,17,No,No,No,No,Yes,Month-to-Month,Yes,Bank Withdrawal,44.5,1307.8,No
9945-PSVIP,Female,36,Yes,727,25,Yes,2.82,No,None,0,No,No,No,No,No,Two Year,Yes,Credit Card,18.7,383.65,No
9108-EJFJP,Female,21,No,699,1,Yes,16.06,Yes,DSL,59,Yes,Yes,No,No,Yes,Month-to-Month,Yes,Credit Card,53.55,53.55,No
0530-IJVDB,Male,36,Yes,8759,70,Yes,26.67,Yes,Fiber Optic,17,Yes,Yes,Yes,Yes,Yes,Two Year,Yes,Bank Withdrawal,114.6,7882.5,No
0508-SQWPL,Female,32,Yes,44652,57,Yes,26.67,No,None,0,No,No,No,No,No,Two Year,Yes,Bank Withdrawal,20.1,1087.7,No
2215-ZAFGX,Male,35,No,24005,9,Yes,11.5,Yes,Fiber Optic,14,No,No,No,No,Yes,Month-to-Month,Yes,Bank Withdrawal,85.5,791.7,No
8213-TAZPM,Female,45,Yes,24961,69,Yes,46.45,Yes,Fiber Optic,26,No,Yes,Yes,Yes,No,One Year,Yes,Bank Withdrawal,108.75,7493.05,No
1304-SEGFY,Female,57,No,62355,72,Yes,2.56,Yes,Fiber Optic,24,No,No,Yes,No,Yes,Two Year,Yes,Bank Withdrawal,97.85,6841.3,No
7242-EDTYC,Male,48,Yes,1604,44,Yes,14.37,No,None,0,No,No,No,No,No,Two Year,No,Bank Withdrawal,19.55,819.95,No
2904-GGUAZ,Female,24,No,905,72,Yes,16.15,Yes,Fiber Optic,52,Yes,Yes,No,No,Yes,Two Year,Yes,Bank Withdrawal,84.05,6052.25,No
5136-GFPMB,Male,44,No,7863,54,Yes,35.32,Yes,Fiber Optic,15,No,No,Yes,No,Yes,Month-to-Month,No,Credit Card,89.4,4869.5,No
2595-KIWPV,Male,48,Yes,91,27,Yes,32.28,No,None,0,No,No,No,No,No,Two Year,No,Credit Card,19.7,509.3,No
5243-SAOTC,Male,36,No,3849,54,Yes,7.64,Yes,Fiber Optic,3,No,Yes,No,No,Yes,Month-to-Month,Yes,Bank Withdrawal,79.85,4308.25,No
9398-MMQTO,Male,41,No,2863,3,Yes,34.8,Yes,Fiber Optic,5,No,Yes,No,No,No,Month-to-Month,No,Credit Card,74.45,221.1,No
7619-PLRLP,Female,41,No,10375,53,Yes,37.14,Yes,Cable,4,Yes,Yes,Yes,No,Yes,One Year,No,Bank Withdrawal,74.1,3833.95,No
6508-NJYRO,Male,36,No,43161,15,Yes,14.27,No,None,0,No,No,No,No,No,One Year,No,Credit Card,18.8,294.95,No
4710-NKCAW,Male,42,Yes,40995,5,Yes,17.37,Yes,DSL,15,Yes,Yes,No,Yes,Yes,Month-to-Month,No,Credit Card,64.4,316.9,No
5306-BVTKJ,Male,20,Yes,55277,48,Yes,38.3,Yes,DSL,85,No,Yes,Yes,No,Yes,One Year,Yes,Credit Card,55.8,2651.2,No
0357-NVCRI,Female,41,Yes,61872,25,Yes,12.87,No,None,0,No,No,No,No,No,Month-to-Month,No,Credit Card,20.05,471.7,No
2371-KFUOG,Male,54,No,49281,58,Yes,32.67,Yes,Fiber Optic,14,Yes,Yes,No,No,Yes,One Year,No,Bank Withdrawal,99.15,5720.95,No
0463-ZSDNT,Male,23,No,43436,10,Yes,30.3,Yes,DSL,73,No,No,No,No,No,Month-to-Month,Yes,Bank Withdrawal,56.75,503.25,No
6257-DTAYD,Male,27,No,42239,71,Yes,3.86,Yes,Fiber Optic,85,No,Yes,No,Yes,Yes,Two Year,Yes,Credit Card,104.15,7365.3,No
4616-ULAOA,Female,33,Yes,17944,65,Yes,45.21,Yes,Fiber Optic,19,No,Yes,Yes,Yes,Yes,Two Year,Yes,Credit Card,110.8,7245.9,No
7746-AWNQW,Female,62,No,42617,28,No,0,Yes,DSL,2,No,No,Yes,Yes,Yes,Month-to-Month,Yes,Mailed Check,35.75,961.4,No
5996-EBTKM,Female,46,Yes,42277,67,Yes,14.83,Yes,DSL,24,No,No,Yes,Yes,Yes,Two Year,Yes,Bank Withdrawal,69.9,4615.9,No
2758-RNWXS,Male,60,No,98239,35,Yes,49.61,Yes,Fiber Optic,26,Yes,No,No,Yes,Yes,One Year,Yes,Bank Withdrawal,89.2,3251.3,No
2314-TNDJQ,Female,28,Yes,52895,72,No,0,Yes,Cable,59,Yes,Yes,Yes,Yes,Yes,Two Year,No,Credit Card,55.65,3880.05,No
2405-LBMUW,Female,25,Yes,46893,61,No,0,Yes,DSL,59,Yes,Yes,No,Yes,No,One Year,Yes,Bank Withdrawal,50.7,3088.75,No
9039-ZVJDC,Male,49,No,2615,3,Yes,16.32,No,None,0,No,No,No,No,No,Month-to-Month,Yes,Credit Card,19.1,53.05,No
9013-AQORL,Female,26,Yes,33104,48,No,0,Yes,DSL,48,No,Yes,Yes,No,Yes,Month-to-Month,No,Credit Card,45.55,2108.35,No
2898-MRKPI,Male,36,Yes,339,68,Yes,34.62,Yes,Fiber Optic,18,No,Yes,No,No,Yes,One Year,Yes,Credit Card,101.05,6770.5,No
2750-BJLSB,Female,32,No,7615,47,Yes,2.45,Yes,Fiber Optic,13,Yes,No,Yes,Yes,Yes,One Year,Yes,Bank Withdrawal,103.7,4730.6,No
3648-GZPHF,Male,48,Yes,52664,32,No,0,Yes,DSL,53,No,No,Yes,Yes,Yes,One Year,Yes,Mailed Check,36.25,1151.05,No
2075-RMJIK,Female,54,Yes,1143,5,Yes,47.06,Yes,Cable,52,Yes,No,No,No,No,Month-to-Month,Yes,Mailed Check,49.4,232.55,No
9588-YRFHY,Male,19,No,53510,49,Yes,6.26,No,None,0,No,No,No,No,No,Two Year,Yes,Credit Card,19.9,1022.6,No
9364-YKUVW,Male,53,No,14575,15,Yes,16.13,No,None,0,No,No,No,No,No,Month-to-Month,Yes,Mailed Check,19.8,309.4,No
5392-AKEMH,Female,50,No,62036,12,Yes,31.22,Yes,DSL,12,No,No,No,No,Yes,Month-to-Month,Yes,Bank Withdrawal,45.05,523.1,No
3914-FDRHP,Male,25,No,1205,9,Yes,46.34,Yes,Fiber Optic,59,No,No,No,Yes,Yes,Month-to-Month,No,Bank Withdrawal,86.25,770.5,No
3078-ZKNTS,Female,45,Yes,1072,13,Yes,5.58,No,None,0,No,No,No,No,No,Two Year,Yes,Bank Withdrawal,19.75,246.7,No
1024-KPRBB,Female,63,No,27505,38,Yes,30.09,Yes,Fiber Optic,18,No,No,No,No,No,One Year,Yes,Mailed Check,89.1,3342,No
9547-ITEFG,Male,32,Yes,73006,9,Yes,23.42,Yes,Fiber Optic,30,No,Yes,Yes,No,Yes,Month-to-Month,Yes,Credit Card,102.6,897.75,No
1264-FUHCX,Female,51,No,18525,49,No,0,Yes,DSL,21,No,Yes,No,Yes,Yes,One Year,Yes,Credit Card,56.3,2780.6,No
6598-KELSS,Male,40,Yes,11650,50,No,0,Yes,DSL,76,Yes,Yes,No,No,Yes,One Year,Yes,Bank Withdrawal,43.05,2208.05,No
0422-UXFAP,Female,34,No,51213,51,Yes,47.72,Yes,Fiber Optic,23,No,No,Yes,No,No,One Year,Yes,Bank Withdrawal,98.85,4947.55,No
1904-WAJAA,Female,23,Yes,24093,24,Yes,46.54,Yes,DSL,85,Yes,Yes,Yes,No,Yes,Two Year,No,Bank Withdrawal,64.35,1558.65,No
5130-YPIRV,Female,22,No,21866,62,Yes,6.41,Yes,Cable,59,Yes,Yes,Yes,No,Yes,Two Year,Yes,Credit Card,72,4284.2,No
2843-CQMEG,Male,21,No,25569,24,Yes,3.72,Yes,Cable,59,No,Yes,No,No,Yes,Month-to-Month,Yes,Mailed Check,49.7,1218.25,No
6439-PKTRR,Female,50,Yes,4258,70,Yes,4.11,Yes,Cable,16,Yes,Yes,Yes,Yes,Yes,Two Year,No,Bank Withdrawal,80.7,5617.95,No
5351-QESIO,Male,64,Yes,34902,1,No,0,Yes,Cable,17,No,No,No,No,Yes,Month-to-Month,No,Mailed Check,24.2,24.2,No
5568-DMXZS,Female,36,No,30206,8,Yes,37.37,Yes,Cable,16,No,Yes,No,Yes,Yes,Month-to-Month,Yes,Bank Withdrawal,65.45,554.45,No
8468-FZTOE,Female,61,Yes,74232,72,Yes,17.21,Yes,Cable,53,Yes,Yes,Yes,Yes,No,Two Year,Yes,Bank Withdrawal,74.35,5237.4,No
6633-SYEUS,Female,23,No,20046,23,Yes,19.96,Yes,Fiber Optic,76,No,Yes,Yes,Yes,Yes,Month-to-Month,No,Bank Withdrawal,83.2,2032.3,No
6447-GORXK,Male,20,Yes,42733,31,No,0,Yes,Cable,51,No,No,No,No,Yes,Month-to-Month,No,Credit Card,25,789.2,No
6967-PEJLL,Male,23,Yes,47224,37,No,0,Yes,Cable,52,Yes,No,Yes,Yes,Yes,One Year,Yes,Bank Withdrawal,40.2,1525.35,No
1684-FLBGS,Female,60,Yes,36351,23,Yes,27.49,Yes,Cable,21,No,Yes,No,Yes,Yes,Month-to-Month,Yes,Credit Card,69.5,1652.1,No
1389-WNUIB,Female,21,Yes,68776,20,Yes,15.29,Yes,Cable,59,Yes,No,No,No,No,One Year,No,Bank Withdrawal,76,1588.75,No
0376-OIWME,Male,24,No,28488,36,Yes,41.33,Yes,Fiber Optic,41,Yes,No,No,No,Yes,Month-to-Month,Yes,Bank Withdrawal,93.6,3366.05,No
0218-QNVAS,Male,22,Yes,2743,71,Yes,28.34,Yes,Fiber Optic,59,No,Yes,No,No,Yes,One Year,No,Bank Withdrawal,100.55,7113.75,No
0804-YGEQV,Female,59,Yes,19702,43,Yes,28.03,No,None,0,No,No,No,No,No,One Year,Yes,Bank Withdrawal,24.45,993.15,No
7164-BPTUT,Male,55,Yes,25859,57,Yes,9.36,Yes,Cable,20,Yes,Yes,Yes,Yes,Yes,Two Year,No,Mailed Check,89.55,5012.35,No
2523-EWWZL,Female,26,No,24659,27,Yes,39.67,Yes,Fiber Optic,59,No,Yes,No,No,Yes,Month-to-Month,Yes,Bank Withdrawal,76.1,2093.4,No
0928-XUTSN,Female,22,No,23394,13,Yes,44.99,Yes,Fiber Optic,27,No,No,No,No,Yes,Month-to-Month,Yes,Bank Withdrawal,80.5,1011.8,No
0052-YNYOT,Female,28,No,27804,67,Yes,23.12,No,None,0,No,No,No,No,No,One Year,No,Bank Withdrawal,20.55,1343.4,No
9586-JGQKH,Female,61,No,43141,64,Yes,49.26,Yes,Fiber Optic,18,No,Yes,No,Yes,Yes,Two Year,Yes,Bank Withdrawal,105.4,6794.75,No
4501-VCPFK,Male,25,No,23170,26,No,0,Yes,Cable,47,No,No,Yes,Yes,Yes,Month-to-Month,No,Bank Withdrawal,35.75,1022.5,No
6075-SLNIL,Male,47,No,964,38,Yes,6.71,Yes,Fiber Optic,11,No,Yes,Yes,No,Yes,Month-to-Month,Yes,Credit Card,95.1,3691.2,No
9347-AERRL,Male,60,No,22796,23,Yes,36.14,No,None,0,No,No,No,No,No,One Year,No,Credit Card,19.3,486.2,No
6691-CCIHA,Female,46,No,8141,62,Yes,4.7,Yes,Cable,28,Yes,Yes,No,Yes,Yes,Two Year,Yes,Bank Withdrawal,84.95,5150.55,No
1685-BQULA,Female,54,No,23971,40,Yes,2.83,Yes,Fiber Optic,22,No,Yes,Yes,No,Yes,Month-to-Month,Yes,Bank Withdrawal,93.4,3756.4,No
9053-EJUNL,Male,35,No,8768,41,Yes,41.85,Yes,Fiber Optic,16,No,Yes,No,No,Yes,Month-to-Month,Yes,Bank Withdrawal,89.2,3645.75,No
1471-GIQKQ,Female,37,No,2753,1,Yes,44.98,Yes,DSL,27,No,Yes,No,No,Yes,Month-to-Month,No,Bank Withdrawal,49.95,49.95,No
4807-IZYOZ,Female,25,No,732,51,Yes,19.23,No,None,0,No,No,No,No,No,Two Year,No,Bank Withdrawal,20.65,1020.75,No
9710-NJERN,Female,30,No,29340,39,Yes,1.57,No,None,0,No,No,No,No,No,Two Year,No,Mailed Check,20.15,826,No
9837-FWLCH,Male,39,Yes,24924,12,Yes,25.33,No,None,0,No,No,No,No,No,Month-to-Month,Yes,Bank Withdrawal,19.2,239,No
7203-OYKCT,Male,45,No,291,72,Yes,33.93,Yes,Fiber Optic,18,No,Yes,Yes,No,Yes,One Year,Yes,Bank Withdrawal,104.95,7544.3,No
7398-LXGYX,Male,53,No,354,44,Yes,21.39,Yes,Fiber Optic,10,Yes,No,Yes,No,Yes,Month-to-Month,Yes,Credit Card,84.8,3626.35,No
2823-LKABH,Female,51,No,12465,18,Yes,7.42,Yes,Fiber Optic,12,No,No,Yes,Yes,Yes,Month-to-Month,Yes,Bank Withdrawal,95.05,1679.4,No
0550-DCXLH,Male,64,No,17018,13,Yes,40.99,Yes,DSL,21,No,Yes,No,Yes,Yes,Month-to-Month,No,Mailed Check,73.35,931.55,No
9281-CEDRU,Female,23,No,799,68,Yes,8.62,Yes,DSL,53,No,Yes,No,Yes,Yes,Two Year,No,Bank Withdrawal,64.1,4326.25,No
0871-OPBXW,Female,57,No,48690,2,Yes,6.85,No,None,0,No,No,No,No,No,Month-to-Month,Yes,Mailed Check,20.05,39.25,No
9767-FFLEM,Male,63,No,2388,38,Yes,35.04,Yes,Fiber Optic,2,No,No,No,No,Yes,Month-to-Month,Yes,Credit Card,69.5,2625.25,No
8456-QDAVC,Male,57,No,3663,19,Yes,29.55,Yes,Fiber Optic,13,No,No,No,No,Yes,Month-to-Month,Yes,Bank Withdrawal,78.7,1495.1,No
7750-EYXWZ,Female,62,No,20486,12,No,0,Yes,Cable,24,No,Yes,Yes,Yes,Yes,One Year,No,Bank Withdrawal,60.65,743.3,No
2569-WGERO,Female,30,No,2182,72,Yes,22.77,No,None,0,No,No,No,No,No,Two Year,Yes,Bank Withdrawal,21.15,1419.4,No
6840-RESVB,Male,38,Yes,18980,24,Yes,36.05,Yes,Cable,24,Yes,No,Yes,Yes,Yes,One Year,Yes,Mailed Check,84.8,1990.5,No
2234-XADUH,Female,30,Yes,42,72,Yes,29.66,Yes,Fiber Optic,59,No,Yes,Yes,No,Yes,One Year,Yes,Credit Card,103.2,7362.9,No
4801-JZAZL,Female,32,Yes,301,11,No,0,Yes,DSL,17,Yes,No,No,No,Yes,Month-to-Month,Yes,Bank Withdrawal,29.6,346.45,No

